query_idx,query_id,aggregate_label,aggregate_detail_label,legacy_category,query_text,query_image_ref,primary_pos_cand_id,rank_multimodal,rank_text_only,rank_image_only,best_retriever_multimodal,best_retriever_text_only,best_retriever_image_only,support_multimodal,support_text_only,support_image_only,support_either_unimodal
2,8:3,composition_required,composition_required,multimodal_needed,"Two animals that are of a different species from the first one, and no human appearing.",mbeir_images/cirr_images/dev/dev-1042-0-img0.jpg,8:4118,2,57,45,gme_qwen2vl_retriever_2,mmembed,vlm2vec_v2,4,0,0,0
3,8:4,unresolved,unresolved,multimodal_needed,Human and one animal from a different species from the last two.,mbeir_images/cirr_images/dev/dev-1044-1-img1.jpg,8:9462,18,181,86,lamra,e5_omni,qwen3vl2b_vllm,0,0,0,0
4,8:5,composition_required,composition_required,multimodal_needed,Mae the human facing the camera with less gear.,mbeir_images/cirr_images/dev/dev-1042-2-img1.jpg,8:20209,8,12,29,mmembed,mmembed,mmembed,1,0,0,0
5,8:6,unresolved,unresolved,multimodal_needed,"Same breed dog, focus on its head.",mbeir_images/cirr_images/dev/dev-150-2-img1.jpg,8:12040,15,70,36,qwen3vl8b_vllm,vlm2vec_v2,qwen3vl2b_vllm,0,0,0,0
6,8:7,composition_required,composition_required,multimodal_needed,Two dogs of the same breed on the floor.,mbeir_images/cirr_images/dev/dev-150-2-img1.jpg,8:20946,2,14,13,gme_qwen2vl_retriever_2,mmembed,gemini_embedding_2,7,0,0,0
8,8:9,unresolved,unresolved,multimodal_needed,Remove the lemon.,mbeir_images/cirr_images/dev/dev-104-0-img0.jpg,8:20266,17,654,18,qwen3vl8b_vllm,gme_qwen2vl_retriever_2,qwen3vl8b_vllm,0,0,0,0
11,8:12,unresolved,unresolved,multimodal_needed,Change the anmial type but preserve the environment.,mbeir_images/cirr_images/dev/dev-940-1-img0.jpg,8:19808,24,881,62,qwen3vl2b_vllm,lamra,vlm2vec_v2,0,0,0,0
12,8:13,unresolved,unresolved,multimodal_needed,Shot from an angle so that the surface is visible.,mbeir_images/cirr_images/dev/dev-1042-0-img1.jpg,8:16401,63,69,116,mmembed,qwen3vl2b_vllm,e5_omni,0,0,0,0
13,8:14,unresolved,unresolved,multimodal_needed,More focused on its head.,mbeir_images/cirr_images/dev/dev-12-3-img0.jpg,8:6437,129,247,250,mmembed,gemini_embedding_2,gme_qwen2vl_retriever_2,0,0,0,0
17,8:18,unresolved,unresolved,multimodal_needed,Put the human in background.,mbeir_images/cirr_images/dev/dev-167-3-img0.jpg,8:6862,16,483,103,lamra_qwen25vl,rzen_embed,lamra,0,0,0,0
21,8:22,unresolved,unresolved,multimodal_needed,Make them sit on the green grass.,mbeir_images/cirr_images/dev/dev-115-1-img0.jpg,8:2276,359,1751,268,mmembed,lamra_qwen25vl,e5_omni,0,0,0,0
23,8:24,composition_required,composition_required,multimodal_needed,Make it lay on the surface.,mbeir_images/cirr_images/dev/dev-717-1-img0.jpg,8:17572,1,201,25,lamra_qwen25vl,mmembed,voyage_multimodal_35,4,0,0,0
26,8:27,unresolved,unresolved,multimodal_needed,Brighter sunshine.,mbeir_images/cirr_images/dev/dev-115-2-img0.jpg,8:4884,22,248,42,rzen_embed,e5_omni,lamra,0,0,0,0
29,8:30,composition_required,composition_required,multimodal_needed,Add needles.,mbeir_images/cirr_images/dev/dev-1047-2-img1.jpg,8:16784,7,14,11,gemini_embedding_2,vlm2vec_v2,,2,0,0,0
32,8:33,composition_required,composition_required,multimodal_needed,Change to zebras.,mbeir_images/cirr_images/dev/dev-1010-1-img1.jpg,8:14942,7,11,47,qwen3vl8b_vllm,qwen3vl8b_vllm,,5,0,0,0
33,8:34,unresolved,unresolved,multimodal_needed,Only one animal looking at the camera.,mbeir_images/cirr_images/dev/dev-302-3-img0.jpg,8:18695,24,224,235,rzen_embed,rzen_embed,,0,0,0,0
38,8:39,unresolved,unresolved,multimodal_needed,Show the entire closet but in gray.,mbeir_images/cirr_images/dev/dev-117-3-img0.jpg,8:1146,100,62,441,qwen3vl8b_vllm,gemini_embedding_2,,0,0,0,0
44,8:45,composition_required,composition_required,multimodal_needed,"Inside, with food.",mbeir_images/cirr_images/dev/dev-179-1-img0.jpg,8:13168,1,36,109,lamra,qwen3vl2b_vllm,qwen3vl8b_vllm,8,0,0,0
46,8:47,unresolved,unresolved,multimodal_needed,Show a different breed facing left with grass background.,mbeir_images/cirr_images/dev/dev-726-3-img0.jpg,8:12129,84,548,153,qwen3vl2b_vllm,rzen_embed,lamra_qwen25vl,0,0,0,0
49,8:50,unresolved,unresolved,multimodal_needed,Change to monkeys in the same environment.,mbeir_images/cirr_images/dev/dev-564-2-img1.jpg,8:9113,11,54,1839,gemini_embedding_2,qwen3vl8b_vllm,gemini_embedding_2,0,0,0,0
50,8:51,composition_required,composition_required,multimodal_needed,Change to a sitting dog in the same environment.,mbeir_images/cirr_images/dev/dev-355-3-img0.jpg,8:14187,3,206,575,lamra_qwen25vl,voyage_multimodal_35,voyage_multimodal_35,7,0,0,0
51,8:52,unresolved,unresolved,multimodal_needed,Make the man hold something.,mbeir_images/cirr_images/dev/dev-423-3-img0.jpg,8:6260,37,57,204,lamra,lamra,lamra,0,0,0,0
56,8:57,composition_required,composition_required,multimodal_needed,The mattress is on the floor instead of on a bed.,mbeir_images/cirr_images/dev/dev-134-2-img1.jpg,8:2729,8,64,34,mmembed,qwen3vl2b_vllm,mmembed,1,0,0,0
65,8:66,composition_required,composition_required,multimodal_needed,Change the plate to rectangular.,mbeir_images/cirr_images/dev/dev-187-2-img0.jpg,8:10708,4,215,14,qwen3vl2b_vllm,gme_qwen2vl_retriever_2,qwen3vl8b_vllm,2,0,0,0
69,8:70,composition_required,composition_required,multimodal_needed,Show train.,mbeir_images/cirr_images/dev/dev-390-1-img1.jpg,8:1996,1,24,1590,gme_qwen2vl_retriever_2,lamra,rzen_embed,8,0,0,0
74,8:75,unresolved,unresolved,multimodal_needed,Change the mosque to a store front.,mbeir_images/cirr_images/dev/dev-1026-3-img1.jpg,8:7135,56,47,65,lamra,lamra,e5_omni,0,0,0,0
78,8:79,composition_required,composition_required,multimodal_needed,"Change angle of photograph to be more direct head-on, must include red coloured building.",mbeir_images/cirr_images/dev/dev-711-2-img1.jpg,8:12050,3,13,94,mmembed,mmembed,mmembed,1,0,0,0
112,8:113,composition_required,composition_required,multimodal_needed,Remove the catand make the dog younger with his tongue out.,mbeir_images/cirr_images/dev/dev-414-1-img0.jpg,8:10562,1,42,28,gme_qwen2vl_retriever_2,lamra,,8,0,0,0
120,8:121,unresolved,unresolved,multimodal_needed,"No books, some bottles on a supermarket.",mbeir_images/cirr_images/dev/dev-739-1-img0.jpg,8:6363,33,20,713,mmembed,vlm2vec_v2,mmembed,0,0,0,0
121,8:122,composition_required,composition_required,multimodal_needed,The picture is from a library.,mbeir_images/cirr_images/dev/dev-714-2-img1.jpg,8:2354,5,24,221,lamra,e5_omni,lamra,1,0,0,0
122,8:123,unresolved,unresolved,multimodal_needed,The target shows a grocery store.,mbeir_images/cirr_images/dev/dev-5-3-img0.jpg,8:18747,151,71,320,mmembed,rzen_embed,mmembed,0,0,0,0
128,8:129,composition_required,composition_required,multimodal_needed,The target photo is a line of beverage vending machines.,mbeir_images/cirr_images/dev/dev-1031-2-img1.jpg,8:6363,2,11,26,vlm2vec_v2,vlm2vec_v2,lamra_qwen25vl,6,0,0,0
150,8:151,unresolved,unresolved,multimodal_needed,Change the exterior shot to an interior shot of a bar.,mbeir_images/cirr_images/dev/dev-711-0-img1.jpg,8:19321,18,12,167,voyage_multimodal_35,voyage_multimodal_35,qwen3vl2b_vllm,0,0,0,0
170,8:171,composition_required,composition_required,multimodal_needed,"Change to a brighter-furred puppy dog, must be being held up by a person.",mbeir_images/cirr_images/dev/dev-144-3-img0.jpg,8:16939,1,12,26,e5_omni,qwen3vl2b_vllm,gemini_embedding_2,11,0,0,0
183,8:184,composition_required,composition_required,multimodal_needed,Have the dog on the ground with added white fur around nose and feet.,mbeir_images/cirr_images/dev/dev-197-0-img1.jpg,8:11717,1,89,59,gemini_embedding_2,gme_qwen2vl_retriever_2,lamra,1,0,0,0
193,8:194,unresolved,unresolved,multimodal_needed,"Instead of four dogs, just one, and in the field.",mbeir_images/cirr_images/dev/dev-605-2-img1.jpg,8:4292,28,186,775,mmembed,lamra_qwen25vl,,0,0,0,0
194,8:195,composition_required,composition_required,multimodal_needed,One puppy looking at the camera.,mbeir_images/cirr_images/dev/dev-144-3-img0.jpg,8:11717,10,21,93,gemini_embedding_2,gme_qwen2vl_retriever_2,gemini_embedding_2,1,0,0,0
202,8:203,unresolved,unresolved,multimodal_needed,Shape and cork of the container are not same.,mbeir_images/cirr_images/dev/dev-1035-3-img0.jpg,8:15132,89,40,54,lamra_qwen25vl,mmembed,e5_omni,0,0,0,0
203,8:204,unresolved,unresolved,multimodal_needed,Container is placed along with the cover box.,mbeir_images/cirr_images/dev/dev-1035-3-img0.jpg,8:6820,37,64,85,e5_omni,e5_omni,voyage_multimodal_35,0,0,0,0
210,8:211,composition_required,composition_required,multimodal_needed,Show the brown dogs with water and snow behind them.,mbeir_images/cirr_images/dev/dev-846-2-img0.jpg,8:4359,1,38,1341,voyage_multimodal_35,rzen_embed,rzen_embed,1,0,0,0
215,8:216,unresolved,unresolved,multimodal_needed,Put a mountain on the left and blue sky in the background.,mbeir_images/cirr_images/dev/dev-410-2-img0.jpg,8:11729,1106,1026,745,lamra,lamra,lamra_qwen25vl,0,0,0,0
217,8:218,composition_required,composition_required,multimodal_needed,Two dogs sit in front of the gray ledge.,mbeir_images/cirr_images/dev/dev-147-2-img0.jpg,8:4359,7,26,1531,voyage_multimodal_35,lamra_qwen25vl,voyage_multimodal_35,3,0,0,0
221,8:222,composition_required,composition_required,multimodal_needed,Add three birds to the image.,mbeir_images/cirr_images/dev/dev-147-2-img0.jpg,8:3017,2,23,376,lamra_qwen25vl,qwen3vl8b_vllm,lamra_qwen25vl,6,0,0,0
222,8:223,composition_required,composition_required,multimodal_needed,Change the crab to a tentacled sea animal.,mbeir_images/cirr_images/dev/dev-147-2-img1.jpg,8:3203,2,11,116,qwen3vl8b_vllm,gme_qwen2vl_retriever_2,e5_omni,7,0,0,0
241,8:242,unresolved,unresolved,multimodal_needed,Boy feeds animals in the mountains.,mbeir_images/cirr_images/dev/dev-910-2-img0.jpg,8:18173,2296,1500,1886,voyage_multimodal_35,e5_omni,e5_omni,0,0,0,0
256,8:257,composition_required,composition_required,multimodal_needed,Add trees to the background.,mbeir_images/cirr_images/dev/dev-940-3-img0.jpg,8:11729,7,1662,23,e5_omni,e5_omni,gme_qwen2vl_retriever_2,1,0,0,0
257,8:258,composition_required,composition_required,multimodal_needed,Remove the jellyfish.,mbeir_images/cirr_images/dev/dev-998-1-img0.jpg,8:19662,2,114,16,lamra_qwen25vl,gemini_embedding_2,gme_qwen2vl_retriever_2,6,0,0,0
271,8:272,unresolved,unresolved,multimodal_needed,Change the monkey to a dog walking.,mbeir_images/cirr_images/dev/dev-149-0-img1.jpg,8:3723,12,25,4411,voyage_multimodal_35,lamra,lamra,0,0,0,0
272,8:273,unresolved,unresolved,multimodal_needed,Add more monkeys.,mbeir_images/cirr_images/dev/dev-149-0-img1.jpg,8:11673,82,46,362,voyage_multimodal_35,e5_omni,qwen3vl8b_vllm,0,0,0,0
289,8:290,unresolved,unresolved,multimodal_needed,Different animal and is awake.,mbeir_images/cirr_images/dev/dev-149-1-img0.jpg,8:6988,99,216,134,qwen3vl8b_vllm,lamra_qwen25vl,mmembed,0,0,0,0
298,8:299,composition_required,composition_required,multimodal_needed,Gorilla rest on a trunk with green leaves behind it.,mbeir_images/cirr_images/dev/dev-149-1-img1.jpg,8:20805,10,18,14,e5_omni,e5_omni,voyage_multimodal_35,1,0,0,0
300,8:301,unresolved,unresolved,multimodal_needed,Same environment different species.,mbeir_images/cirr_images/dev/dev-1042-2-img0.jpg,8:7915,101,454,45,e5_omni,voyage_multimodal_35,voyage_multimodal_35,0,0,0,0
301,8:302,composition_required,composition_required,multimodal_needed,The target shows rice on a tupperware.,mbeir_images/cirr_images/dev/dev-104-2-img0.jpg,8:6114,9,33,25,lamra,lamra,qwen3vl8b_vllm,2,0,0,0
327,8:328,composition_required,composition_required,multimodal_needed,Brown dog looks up at the sky.,mbeir_images/cirr_images/dev/dev-118-0-img0.jpg,8:15169,1,92,159,rzen_embed,voyage_multimodal_35,mmembed,3,0,0,0
329,8:330,composition_required,composition_required,multimodal_needed,Goes from a black and white dog running to two dogs running.,mbeir_images/cirr_images/dev/dev-346-1-img0.jpg,8:3719,2,12,27,qwen3vl2b_vllm,qwen3vl2b_vllm,lamra_qwen25vl,5,0,0,0
331,8:332,unresolved,unresolved,multimodal_needed,Turn bowl into pizza.,mbeir_images/cirr_images/dev/dev-438-1-img1.jpg,8:511,14,57,230,gemini_embedding_2,lamra_qwen25vl,gme_qwen2vl_retriever_2,0,0,0,0
336,8:337,composition_required,composition_required,multimodal_needed,Add a puppy far smaller than the original dog.,mbeir_images/cirr_images/dev/dev-150-2-img1.jpg,8:17656,1,87,13,gme_qwen2vl_retriever_2,gme_qwen2vl_retriever_2,mmembed,7,0,0,0
339,8:340,composition_required,composition_required,multimodal_needed,Turn shrimps into pizza.,mbeir_images/cirr_images/dev/dev-104-2-img1.jpg,8:511,9,29,138,mmembed,lamra_qwen25vl,lamra_qwen25vl,1,0,0,0
345,8:346,composition_required,composition_required,multimodal_needed,Two dogs rests on a gray floor.,mbeir_images/cirr_images/dev/dev-138-3-img1.jpg,8:20946,2,26,26,mmembed,mmembed,gemini_embedding_2,7,0,0,0
347,8:348,unresolved,unresolved,multimodal_needed,Change the pasta to pizza and remove the beer and people.,mbeir_images/cirr_images/dev/dev-365-2-img0.jpg,8:20246,131,27,604,lamra_qwen25vl,lamra,gemini_embedding_2,0,0,0,0
360,8:361,composition_required,composition_required,multimodal_needed,"Remove black dog, add white carpet.",mbeir_images/cirr_images/dev/dev-150-0-img0.jpg,8:1018,2,15,25,rzen_embed,rzen_embed,,8,0,0,0
390,8:391,unresolved,unresolved,multimodal_needed,Put the tub by the window.,mbeir_images/cirr_images/dev/dev-152-0-img1.jpg,8:11861,25,25,361,gemini_embedding_2,gme_qwen2vl_retriever_2,,0,0,0,0
391,8:392,composition_required,composition_required,multimodal_needed,Hang pictures above towels.,mbeir_images/cirr_images/dev/dev-152-0-img1.jpg,8:7797,7,12,131,gemini_embedding_2,rzen_embed,gemini_embedding_2,2,0,0,0
395,8:396,unresolved,unresolved,multimodal_needed,Show half of the body of the man in a striped shirt.,mbeir_images/cirr_images/dev/dev-1049-1-img0.jpg,8:9006,99,13,1041,e5_omni,mmembed,,0,0,0,0
398,8:399,unresolved,unresolved,multimodal_needed,See the under side of the sting ray in the blue water.,mbeir_images/cirr_images/dev/dev-154-0-img1.jpg,8:13496,27,20,35,mmembed,qwen3vl8b_vllm,vlm2vec_v2,0,0,0,0
426,8:427,composition_required,composition_required,multimodal_needed,"Has a brand, has a smaller diameter, different color for the pump.",mbeir_images/cirr_images/dev/dev-454-3-img0.jpg,8:2480,6,12,18,e5_omni,e5_omni,gme_qwen2vl_retriever_2,3,0,0,0
435,8:436,unresolved,unresolved,multimodal_needed,"The picture shows three man, religious.",mbeir_images/cirr_images/dev/dev-489-0-img0.jpg,8:10275,24,39,151,vlm2vec_v2,vlm2vec_v2,,0,0,0,0
449,8:450,unresolved,unresolved,multimodal_needed,Open up the pencil case.,mbeir_images/cirr_images/dev/dev-62-0-img1.jpg,8:15126,17,87,20,lamra,rzen_embed,lamra,0,0,0,0
456,8:457,unresolved,unresolved,multimodal_needed,"Remove the prey, fewer the amount of hyenas and take the shot from a closer angle.",mbeir_images/cirr_images/dev/dev-158-1-img1.jpg,8:9073,93,105,112,gemini_embedding_2,e5_omni,gemini_embedding_2,0,0,0,0
457,8:458,composition_required,composition_required,multimodal_needed,Add a man.,mbeir_images/cirr_images/dev/dev-158-0-img1.jpg,8:5710,1,52,158,rzen_embed,e5_omni,qwen3vl2b_vllm,10,0,0,0
466,8:467,unresolved,unresolved,multimodal_needed,Change the animals and have them being more friendly.,mbeir_images/cirr_images/dev/dev-3-2-img1.jpg,8:13663,588,1090,820,gme_qwen2vl_retriever_2,lamra,mmembed,0,0,0,0
473,8:474,unresolved,unresolved,multimodal_needed,Animal drags around the prey.,mbeir_images/cirr_images/dev/dev-158-1-img1.jpg,8:4899,13,63,19,e5_omni,voyage_multimodal_35,,0,0,0,0
474,8:475,unresolved,unresolved,multimodal_needed,Show the side view of the animal on the dirt with its head lifted up and looking straight ahead.,mbeir_images/cirr_images/dev/dev-158-2-img0.jpg,8:86,19,50,11,qwen3vl8b_vllm,lamra,qwen3vl2b_vllm,0,0,0,0
476,8:477,composition_required,composition_required,multimodal_needed,Remove the humans and add two more bottles.,mbeir_images/cirr_images/dev/dev-1052-2-img1.jpg,8:21541,10,11,130,qwen3vl8b_vllm,lamra,,1,0,0,0
498,8:499,unresolved,unresolved,multimodal_needed,"Change to focus on a pack of hyenas, must be in natural wild desert habitat.",mbeir_images/cirr_images/dev/dev-287-2-img1.jpg,8:11140,27,11,1419,mmembed,vlm2vec_v2,gemini_embedding_2,0,0,0,0
499,8:500,composition_required,composition_required,multimodal_needed,"Change focus onto a singular wild wolf, must be in full profile view and looking to the left.",mbeir_images/cirr_images/dev/dev-158-2-img1.jpg,8:3078,4,142,126,qwen3vl8b_vllm,qwen3vl8b_vllm,mmembed,2,0,0,0
504,8:505,composition_required,composition_required,multimodal_needed,Animals blend with their background as they run across the field.,mbeir_images/cirr_images/dev/dev-158-3-img0.jpg,8:4895,6,40,363,mmembed,lamra_qwen25vl,mmembed,1,0,0,0
508,8:509,unresolved,unresolved,multimodal_needed,Focus on the front half of the dog who's looking up the grass.,mbeir_images/cirr_images/dev/dev-1053-2-img1.jpg,8:10888,25,103,38,mmembed,rzen_embed,lamra_qwen25vl,0,0,0,0
521,8:522,composition_required,composition_required,multimodal_needed,Add a dog with point ears and have them outside by a tree.,mbeir_images/cirr_images/dev/dev-1053-3-img1.jpg,8:7873,1,35,33,lamra,rzen_embed,gemini_embedding_2,6,0,0,0
529,8:530,unresolved,unresolved,multimodal_needed,A laptop with a blue screen instead of a lot of old TVs stacked in stacks.,mbeir_images/cirr_images/dev/dev-1014-2-img0.jpg,8:5092,13,20,577,qwen3vl8b_vllm,qwen3vl8b_vllm,e5_omni,0,0,0,0
533,8:534,composition_required,composition_required,multimodal_needed,Put a green fence behind the animal running in the field.,mbeir_images/cirr_images/dev/dev-551-3-img1.jpg,8:5915,3,19,313,mmembed,mmembed,lamra_qwen25vl,2,0,0,0
537,8:538,composition_required,composition_required,multimodal_needed,Look at the opened laptop straight on.,mbeir_images/cirr_images/dev/dev-162-0-img0.jpg,8:5092,6,64,520,qwen3vl8b_vllm,lamra,e5_omni,3,0,0,0
563,8:564,unresolved,unresolved,multimodal_needed,Put white pillows on the bed.,mbeir_images/cirr_images/dev/dev-553-0-img0.jpg,8:14742,47,56,313,qwen3vl8b_vllm,qwen3vl8b_vllm,vlm2vec_v2,0,0,0,0
593,8:594,unresolved,unresolved,multimodal_needed,Different environment and pillow patterns.,mbeir_images/cirr_images/dev/dev-106-2-img1.jpg,8:13431,47,148,46,gemini_embedding_2,lamra,qwen3vl2b_vllm,0,0,0,0
609,8:610,unresolved,unresolved,multimodal_needed,"The room is a lot more sorted, more modern.",mbeir_images/cirr_images/dev/dev-106-2-img1.jpg,8:14828,223,215,511,qwen3vl8b_vllm,gemini_embedding_2,e5_omni,0,0,0,0
620,8:621,unresolved,unresolved,multimodal_needed,Remove the human change background to a single blurry human.,mbeir_images/cirr_images/dev/dev-712-3-img0.jpg,8:20210,29,1629,111,qwen3vl8b_vllm,rzen_embed,qwen3vl8b_vllm,0,0,0,0
627,8:628,unresolved,unresolved,multimodal_needed,Put a black hat on the dog.,mbeir_images/cirr_images/dev/dev-108-1-img0.jpg,8:18362,18,31,70,gemini_embedding_2,gemini_embedding_2,qwen3vl8b_vllm,0,0,0,0
631,8:632,unresolved,unresolved,multimodal_needed,Add windows to the left of the bed.,mbeir_images/cirr_images/dev/dev-384-1-img0.jpg,8:4031,15,42,34,mmembed,e5_omni,,0,0,0,0
637,8:638,unresolved,unresolved,multimodal_needed,Dog chases a green ball.,mbeir_images/cirr_images/dev/dev-167-1-img1.jpg,8:20017,27,79,90,qwen3vl8b_vllm,qwen3vl8b_vllm,qwen3vl2b_vllm,0,0,0,0
644,8:645,unresolved,unresolved,multimodal_needed,Snow plow clears the snow on the roads.,mbeir_images/cirr_images/dev/dev-20-1-img0.jpg,8:18070,16,30,434,vlm2vec_v2,vlm2vec_v2,lamra,0,0,0,0
645,8:646,unresolved,unresolved,multimodal_needed,Put a couple of people and animals to the left of the dog.,mbeir_images/cirr_images/dev/dev-504-1-img0.jpg,8:7265,17,48,230,voyage_multimodal_35,voyage_multimodal_35,lamra,0,0,0,0
648,8:649,unresolved,unresolved,multimodal_needed,"The dogs are in the snow, with a triney.",mbeir_images/cirr_images/dev/dev-1020-3-img1.jpg,8:7565,202,123,636,mmembed,mmembed,mmembed,0,0,0,0
653,8:654,unresolved,unresolved,multimodal_needed,The target photo is of a group of dogs pulling a small blue sled with a man in black and yellow steering.,mbeir_images/cirr_images/dev/dev-31-2-img0.jpg,8:7856,48,66,29,rzen_embed,rzen_embed,gme_qwen2vl_retriever_2,0,0,0,0
655,8:656,unresolved,unresolved,multimodal_needed,Put a tree trunk to the left of the dog standing on the grass.,mbeir_images/cirr_images/dev/dev-713-1-img1.jpg,8:7358,94,29,255,lamra_qwen25vl,gme_qwen2vl_retriever_2,lamra_qwen25vl,0,0,0,0
661,8:662,composition_required,composition_required,multimodal_needed,Red snow plow is seen in the middle of a street.,mbeir_images/cirr_images/dev/dev-1001-1-img1.jpg,8:18070,3,11,406,vlm2vec_v2,vlm2vec_v2,voyage_multimodal_35,3,0,0,0
662,8:663,composition_required,composition_required,multimodal_needed,Put a forest of trees and blue sky behind the horse led sled.,mbeir_images/cirr_images/dev/dev-1001-1-img1.jpg,8:623,9,11,44,qwen3vl8b_vllm,qwen3vl8b_vllm,lamra,1,0,0,0
665,8:666,composition_required,composition_required,multimodal_needed,Change the two dogs so they are the same breed and look similar.,mbeir_images/cirr_images/dev/dev-869-2-img0.jpg,8:474,2,32,48,gemini_embedding_2,gme_qwen2vl_retriever_2,voyage_multimodal_35,1,0,0,0
666,8:667,unresolved,unresolved,multimodal_needed,Change the animal to a pug.,mbeir_images/cirr_images/dev/dev-100-1-img0.jpg,8:5029,11,51,166,qwen3vl8b_vllm,qwen3vl8b_vllm,rzen_embed,0,0,0,0
671,8:672,unresolved,unresolved,multimodal_needed,Have the dog facing toward the camera with its mouth open.,mbeir_images/cirr_images/dev/dev-167-3-img0.jpg,8:9173,13,79,133,gme_qwen2vl_retriever_2,gme_qwen2vl_retriever_2,e5_omni,0,0,0,0
677,8:678,unresolved,unresolved,multimodal_needed,"Make the dog a buddy that is sitting on black furniture, looking at the camera.",mbeir_images/cirr_images/dev/dev-109-2-img1.jpg,8:3911,29,48,238,qwen3vl8b_vllm,rzen_embed,qwen3vl8b_vllm,0,0,0,0
688,8:689,unresolved,unresolved,multimodal_needed,Have the dog stand up facing right.,mbeir_images/cirr_images/dev/dev-794-1-img1.jpg,8:13986,90,71,187,mmembed,lamra,,0,0,0,0
693,8:694,unresolved,unresolved,multimodal_needed,Be a different breed dog.,mbeir_images/cirr_images/dev/dev-855-1-img1.jpg,8:18334,376,126,340,lamra_qwen25vl,mmembed,lamra_qwen25vl,0,0,0,0
694,8:695,unresolved,unresolved,multimodal_needed,A grown dog of the same breed.,mbeir_images/cirr_images/dev/dev-238-0-img1.jpg,8:3728,71,1128,136,gme_qwen2vl_retriever_2,mmembed,gemini_embedding_2,0,0,0,0
695,8:696,unresolved,unresolved,multimodal_needed,Be a different breed and color.,mbeir_images/cirr_images/dev/dev-109-2-img1.jpg,8:13025,154,397,200,qwen3vl8b_vllm,gemini_embedding_2,e5_omni,0,0,0,0
703,8:704,unresolved,unresolved,multimodal_needed,The target photo is a small brown and white dog off leash in a grassy area.,mbeir_images/cirr_images/dev/dev-109-2-img1.jpg,8:2087,94,131,3126,rzen_embed,mmembed,e5_omni,0,0,0,0
719,8:720,unresolved,unresolved,multimodal_needed,Person puts arms behind head.,mbeir_images/cirr_images/dev/dev-109-3-img0.jpg,8:19294,615,164,4110,qwen3vl8b_vllm,lamra,voyage_multimodal_35,0,0,0,0
723,8:724,unresolved,unresolved,multimodal_needed,Change the bottle to a pillow.,mbeir_images/cirr_images/dev/dev-1002-0-img0.jpg,8:253,15,33,2360,qwen3vl2b_vllm,lamra,voyage_multimodal_35,0,0,0,0
740,8:741,unresolved,unresolved,multimodal_needed,Gorilla with the white behind looks to the right.,mbeir_images/cirr_images/dev/dev-169-0-img0.jpg,8:2369,17,27,57,gemini_embedding_2,qwen3vl2b_vllm,gemini_embedding_2,0,0,0,0
760,8:761,unresolved,unresolved,multimodal_needed,"Facing the other direction, closer photo.",mbeir_images/cirr_images/dev/dev-169-0-img0.jpg,8:6913,21,225,69,rzen_embed,rzen_embed,qwen3vl2b_vllm,0,0,0,0
764,8:765,unresolved,unresolved,multimodal_needed,"Change to a dark green grassy background, must include large dark grey animal in background.",mbeir_images/cirr_images/dev/dev-333-3-img0.jpg,8:13692,41,190,1737,lamra,qwen3vl8b_vllm,lamra,0,0,0,0
771,8:772,unresolved,unresolved,multimodal_needed,Different background.,mbeir_images/cirr_images/dev/dev-169-1-img1.jpg,8:3190,11,756,18,lamra,e5_omni,lamra,0,0,0,0
778,8:779,unresolved,unresolved,multimodal_needed,Show a different animal alone on grass.,mbeir_images/cirr_images/dev/dev-112-1-img0.jpg,8:1554,112,42,479,lamra,rzen_embed,qwen3vl2b_vllm,0,0,0,0
779,8:780,unresolved,unresolved,multimodal_needed,Shows four zebras in grasslands.,mbeir_images/cirr_images/dev/dev-112-1-img0.jpg,8:1437,12,15,156,rzen_embed,e5_omni,,0,0,0,0
792,8:793,unresolved,unresolved,multimodal_needed,Fewer animals.,mbeir_images/cirr_images/dev/dev-421-1-img0.jpg,8:16938,63,623,89,mmembed,gemini_embedding_2,mmembed,0,0,0,0
793,8:794,unresolved,unresolved,multimodal_needed,More number of animals and different species.,mbeir_images/cirr_images/dev/dev-112-2-img0.jpg,8:13663,55,543,16,gme_qwen2vl_retriever_2,voyage_multimodal_35,gme_qwen2vl_retriever_2,0,0,0,0
794,8:795,composition_required,composition_required,multimodal_needed,Different containers.,mbeir_images/cirr_images/dev/dev-1002-2-img1.jpg,8:17322,7,42,24,qwen3vl2b_vllm,voyage_multimodal_35,qwen3vl8b_vllm,2,0,0,0
826,8:827,unresolved,unresolved,multimodal_needed,"The target photo is of a light brick building, home with a grassy yard and white brick path.",mbeir_images/cirr_images/dev/dev-112-2-img1.jpg,8:11732,32,36,1116,e5_omni,e5_omni,lamra_qwen25vl,0,0,0,0
833,8:834,composition_required,composition_required,multimodal_needed,Open up the green pencil case.,mbeir_images/cirr_images/dev/dev-168-3-img0.jpg,8:3658,9,12,192,gme_qwen2vl_retriever_2,voyage_multimodal_35,,1,0,0,0
836,8:837,unresolved,unresolved,multimodal_needed,Have a different animal underwater.,mbeir_images/cirr_images/dev/dev-172-0-img1.jpg,8:12937,29,30,738,mmembed,lamra_qwen25vl,vlm2vec_v2,0,0,0,0
854,8:855,unresolved,unresolved,multimodal_needed,Put a fence behind the animal with its mouth open.,mbeir_images/cirr_images/dev/dev-172-2-img1.jpg,8:18768,26,25,699,mmembed,qwen3vl2b_vllm,qwen3vl2b_vllm,0,0,0,0
862,8:863,unresolved,unresolved,multimodal_needed,One gorilla instead of many monkeys.,mbeir_images/cirr_images/dev/dev-733-0-img0.jpg,8:7754,45,15,591,qwen3vl2b_vllm,qwen3vl2b_vllm,,0,0,0,0
864,8:865,unresolved,unresolved,multimodal_needed,Change the penguin to a dog.,mbeir_images/cirr_images/dev/dev-172-1-img1.jpg,8:18768,155,66,166,qwen3vl8b_vllm,lamra_qwen25vl,rzen_embed,0,0,0,0
906,8:907,unresolved,unresolved,multimodal_needed,Add a library.,mbeir_images/cirr_images/dev/dev-851-3-img1.jpg,8:14124,278,119,469,lamra,voyage_multimodal_35,gme_qwen2vl_retriever_2,0,0,0,0
933,8:934,unresolved,unresolved,multimodal_needed,Show people getting hair cuts in salon.,mbeir_images/cirr_images/dev/dev-388-3-img1.jpg,8:17462,24,23,1674,mmembed,rzen_embed,mmembed,0,0,0,0
937,8:938,unresolved,unresolved,multimodal_needed,Add 6 more men to the image.,mbeir_images/cirr_images/dev/dev-175-0-img0.jpg,8:17462,21,52,18,mmembed,vlm2vec_v2,lamra,0,0,0,0
944,8:945,composition_required,composition_required,multimodal_needed,"Have a similar room, but in bright colors.",mbeir_images/cirr_images/dev/dev-857-0-img1.jpg,8:5610,8,482,11,,vlm2vec_v2,,3,0,0,0
945,8:946,composition_required,composition_required,multimodal_needed,"Have a similar room, but in dark colors.",mbeir_images/cirr_images/dev/dev-857-3-img0.jpg,8:1146,1,101,11,qwen3vl8b_vllm,rzen_embed,qwen3vl2b_vllm,8,0,0,0
946,8:947,unresolved,unresolved,multimodal_needed,Have a shelf in a white background.,mbeir_images/cirr_images/dev/dev-509-3-img1.jpg,8:8291,667,369,499,rzen_embed,rzen_embed,e5_omni,0,0,0,0
952,8:953,composition_required,composition_required,multimodal_needed,Wild goat against a background of dull grass instead of a background of blue sky and yellow-green grass.,mbeir_images/cirr_images/dev/dev-1038-1-img0.jpg,8:17262,4,45,21,mmembed,e5_omni,mmembed,1,0,0,0
959,8:960,unresolved,unresolved,multimodal_needed,Paint the closet a tan color.,mbeir_images/cirr_images/dev/dev-835-2-img1.jpg,8:20811,75,11,375,gemini_embedding_2,gemini_embedding_2,gme_qwen2vl_retriever_2,0,0,0,0
960,8:961,composition_required,composition_required,multimodal_needed,Turn on the two lights between the mirrors.,mbeir_images/cirr_images/dev/dev-117-3-img0.jpg,8:5610,7,12,959,rzen_embed,rzen_embed,rzen_embed,1,0,0,0
977,8:978,unresolved,unresolved,multimodal_needed,Change the woman to two men.,mbeir_images/cirr_images/dev/dev-175-3-img1.jpg,8:20389,14,14,29,mmembed,qwen3vl8b_vllm,e5_omni,0,0,0,0
978,8:979,unresolved,unresolved,multimodal_needed,Add 5 women and 1 man.,mbeir_images/cirr_images/dev/dev-631-2-img1.jpg,8:21338,164,38,642,rzen_embed,gme_qwen2vl_retriever_2,e5_omni,0,0,0,0
983,8:984,unresolved,unresolved,multimodal_needed,Put a sink next the to the chairs.,mbeir_images/cirr_images/dev/dev-117-3-img1.jpg,8:10754,91,200,394,gemini_embedding_2,lamra_qwen25vl,qwen3vl2b_vllm,0,0,0,0
996,8:997,unresolved,unresolved,multimodal_needed,Small dog with brown and white face looks straight ahead.,mbeir_images/cirr_images/dev/dev-176-0-img1.jpg,8:5715,37,30,213,e5_omni,gemini_embedding_2,e5_omni,0,0,0,0
997,8:998,unresolved,unresolved,multimodal_needed,Be a furrier dog in different colors.,mbeir_images/cirr_images/dev/dev-45-2-img0.jpg,8:5699,76,153,154,lamra_qwen25vl,voyage_multimodal_35,lamra_qwen25vl,0,0,0,0
998,8:999,unresolved,unresolved,multimodal_needed,To be aless furrier dog and with only one color.,mbeir_images/cirr_images/dev/dev-978-1-img0.jpg,8:16927,113,1036,180,qwen3vl8b_vllm,e5_omni,gme_qwen2vl_retriever_2,0,0,0,0
999,8:1000,unresolved,unresolved,multimodal_needed,Be a front view of a different dog.,mbeir_images/cirr_images/dev/dev-228-2-img0.jpg,8:9578,197,27,764,rzen_embed,voyage_multimodal_35,,0,0,0,0
1001,8:1002,unresolved,unresolved,multimodal_needed,Greater number of animals of a different species.,mbeir_images/cirr_images/dev/dev-1013-0-img1.jpg,8:17615,42,330,625,rzen_embed,gemini_embedding_2,e5_omni,0,0,0,0
1002,8:1003,unresolved,unresolved,multimodal_needed,Shows a human instead a dog.,mbeir_images/cirr_images/dev/dev-1013-0-img1.jpg,8:4407,11,128,307,qwen3vl8b_vllm,gme_qwen2vl_retriever_2,voyage_multimodal_35,0,0,0,0
1009,8:1010,composition_required,composition_required,multimodal_needed,"One more dog, and they are smaller.",mbeir_images/cirr_images/dev/dev-45-0-img1.jpg,8:10543,3,24,171,gme_qwen2vl_retriever_2,lamra,rzen_embed,6,0,0,0
1010,8:1011,composition_required,composition_required,multimodal_needed,Only one dog and is far from the camera.,mbeir_images/cirr_images/dev/dev-25-3-img0.jpg,8:4751,3,15,42,gemini_embedding_2,gemini_embedding_2,qwen3vl2b_vllm,9,0,0,0
1011,8:1012,unresolved,unresolved,multimodal_needed,"Bigger dog, closer to the camera.",mbeir_images/cirr_images/dev/dev-119-0-img1.jpg,8:5699,39,1753,44,mmembed,vlm2vec_v2,mmembed,0,0,0,0
1013,8:1014,composition_required,composition_required,multimodal_needed,The Target Image shows a puppy facing directly toward the camera.,mbeir_images/cirr_images/dev/dev-176-2-img1.jpg,8:5715,4,58,189,qwen3vl8b_vllm,gemini_embedding_2,qwen3vl2b_vllm,1,0,0,0
1021,8:1022,unresolved,unresolved,multimodal_needed,Bigger dog.,mbeir_images/cirr_images/dev/dev-119-0-img1.jpg,8:16927,17,242,143,e5_omni,lamra,e5_omni,0,0,0,0
1022,8:1023,composition_required,composition_required,multimodal_needed,Biggest dog smiling to the camera.,mbeir_images/cirr_images/dev/dev-119-0-img1.jpg,8:9578,8,32,55,qwen3vl2b_vllm,lamra,mmembed,1,0,0,0
1026,8:1027,composition_required,composition_required,multimodal_needed,Hold up the puppeis with arms.,mbeir_images/cirr_images/dev/dev-1013-1-img0.jpg,8:1463,1,11,82,rzen_embed,e5_omni,gemini_embedding_2,9,0,0,0
1061,8:1062,unresolved,unresolved,multimodal_needed,Blur the green grass behind the brown dog and person.,mbeir_images/cirr_images/dev/dev-885-1-img0.jpg,8:18390,18,100,16,,e5_omni,e5_omni,0,0,0,0
1068,8:1069,unresolved,unresolved,multimodal_needed,Different breed of dog and is calm.,mbeir_images/cirr_images/dev/dev-125-2-img1.jpg,8:3796,49,531,89,gemini_embedding_2,vlm2vec_v2,gemini_embedding_2,0,0,0,0
1081,8:1082,composition_required,composition_required,multimodal_needed,Make the wolf stand upright and face the left of the image where all its legs are visible.,mbeir_images/cirr_images/dev/dev-500-1-img1.jpg,8:2003,2,14,16,rzen_embed,e5_omni,qwen3vl8b_vllm,11,0,0,0
1084,8:1085,unresolved,unresolved,multimodal_needed,"Change the angle on the target, no sofa, just a chair.",mbeir_images/cirr_images/dev/dev-469-1-img0.jpg,8:15158,94,151,82,gemini_embedding_2,gemini_embedding_2,gemini_embedding_2,0,0,0,0
1085,8:1086,composition_required,composition_required,multimodal_needed,"The colours are more brown, little windows instead.",mbeir_images/cirr_images/dev/dev-126-1-img0.jpg,8:5278,2,21,12,lamra,qwen3vl2b_vllm,vlm2vec_v2,4,0,0,0
1086,8:1087,unresolved,unresolved,multimodal_needed,Bigger windows on the target wider angle.,mbeir_images/cirr_images/dev/dev-469-2-img0.jpg,8:19499,55,43,136,gme_qwen2vl_retriever_2,gme_qwen2vl_retriever_2,gme_qwen2vl_retriever_2,0,0,0,0
1091,8:1092,composition_required,composition_required,multimodal_needed,"The wolf is lying down, no food.",mbeir_images/cirr_images/dev/dev-178-1-img0.jpg,8:7214,6,17,162,gemini_embedding_2,qwen3vl2b_vllm,gemini_embedding_2,2,0,0,0
1092,8:1093,unresolved,unresolved,multimodal_needed,"The dog is standing, looking for something.",mbeir_images/cirr_images/dev/dev-178-1-img0.jpg,8:2003,47,137,75,e5_omni,e5_omni,e5_omni,0,0,0,0
1094,8:1095,unresolved,unresolved,multimodal_needed,It's a smaller dog and is not eating.,mbeir_images/cirr_images/dev/dev-178-3-img0.jpg,8:9765,15,46,150,mmembed,e5_omni,gemini_embedding_2,0,0,0,0
1097,8:1098,composition_required,composition_required,multimodal_needed,Put a vase to the left of the room.,mbeir_images/cirr_images/dev/dev-487-0-img1.jpg,8:5448,3,14,11,qwen3vl8b_vllm,gemini_embedding_2,gemini_embedding_2,5,0,0,0
1100,8:1101,unresolved,unresolved,multimodal_needed,Replace the panda with a group of dogs and replace the walls with wooden fences.,mbeir_images/cirr_images/dev/dev-230-2-img1.jpg,8:5927,71,66,6146,rzen_embed,rzen_embed,gemini_embedding_2,0,0,0,0
1101,8:1102,unresolved,unresolved,multimodal_needed,Fewer the amount of dogs and make the dog run and grow grass in the ground.,mbeir_images/cirr_images/dev/dev-556-1-img0.jpg,8:6595,11,17,213,lamra_qwen25vl,lamra_qwen25vl,gemini_embedding_2,0,0,0,0
1102,8:1103,unresolved,unresolved,multimodal_needed,Hang curtains behind the bed with the circular canopy.,mbeir_images/cirr_images/dev/dev-1015-0-img0.jpg,8:2729,13,13,19,gemini_embedding_2,gemini_embedding_2,qwen3vl8b_vllm,0,0,0,0
1107,8:1108,unresolved,unresolved,multimodal_needed,"Have a same color animal, but not a dog.",mbeir_images/cirr_images/dev/dev-178-3-img0.jpg,8:12261,13,1166,383,vlm2vec_v2,gme_qwen2vl_retriever_2,mmembed,0,0,0,0
1108,8:1109,unresolved,unresolved,multimodal_needed,Put a chair by the windows.,mbeir_images/cirr_images/dev/dev-126-2-img1.jpg,8:5278,11,12,14,vlm2vec_v2,e5_omni,vlm2vec_v2,0,0,0,0
1125,8:1126,unresolved,unresolved,multimodal_needed,Change the bed to a towel rack and three pictures and change the colors.,mbeir_images/cirr_images/dev/dev-213-3-img0.jpg,8:4394,253,280,182,lamra_qwen25vl,e5_omni,mmembed,0,0,0,0
1155,8:1156,unresolved,unresolved,multimodal_needed,Fewer the amount of light fur puppies and make the remaining puppy's face narrower.,mbeir_images/cirr_images/dev/dev-1017-0-img1.jpg,8:2922,43,438,480,lamra_qwen25vl,qwen3vl2b_vllm,lamra_qwen25vl,0,0,0,0
1156,8:1157,composition_required,composition_required,multimodal_needed,"The puppy is looking at the camera, an has his mouth opened.",mbeir_images/cirr_images/dev/dev-125-2-img0.jpg,8:13881,7,16,17,lamra_qwen25vl,qwen3vl2b_vllm,lamra_qwen25vl,2,0,0,0
1166,8:1167,unresolved,unresolved,multimodal_needed,The dog should be closer.,mbeir_images/cirr_images/dev/dev-484-2-img0.jpg,8:19735,13,34,32,lamra_qwen25vl,lamra,lamra_qwen25vl,0,0,0,0
1167,8:1168,composition_required,composition_required,multimodal_needed,Add three more dogs.,mbeir_images/cirr_images/dev/dev-1017-1-img0.jpg,8:10685,1,82,23,gme_qwen2vl_retriever_2,mmembed,gemini_embedding_2,10,0,0,0
1168,8:1169,composition_required,composition_required,multimodal_needed,There should be just one dog and smiling.,mbeir_images/cirr_images/dev/dev-1017-0-img1.jpg,8:13881,3,106,44,qwen3vl2b_vllm,qwen3vl2b_vllm,gemini_embedding_2,3,0,0,0
1169,8:1170,composition_required,composition_required,multimodal_needed,"Remove all but one dog, lighten the color and have someone holding it.",mbeir_images/cirr_images/dev/dev-1017-0-img1.jpg,8:10618,1,11,28,lamra,qwen3vl2b_vllm,gemini_embedding_2,11,0,0,0
1176,8:1177,composition_required,composition_required,multimodal_needed,Leave the toilet paper in its plastic wrap.,mbeir_images/cirr_images/dev/dev-131-1-img0.jpg,8:7053,8,17,921,lamra_qwen25vl,lamra_qwen25vl,qwen3vl8b_vllm,2,0,0,0
1178,8:1179,unresolved,unresolved,multimodal_needed,Have fewer people in the photo and are in a different location.,mbeir_images/cirr_images/dev/dev-179-1-img1.jpg,8:1930,39,15,44,gme_qwen2vl_retriever_2,voyage_multimodal_35,gme_qwen2vl_retriever_2,0,0,0,0
1181,8:1182,unresolved,unresolved,multimodal_needed,Dog sits by the people.,mbeir_images/cirr_images/dev/dev-891-0-img0.jpg,8:152,24,29,24,,mmembed,,0,0,0,0
1182,8:1183,unresolved,unresolved,multimodal_needed,Put chairs behind the black dog.,mbeir_images/cirr_images/dev/dev-484-3-img1.jpg,8:20673,307,36,1201,qwen3vl2b_vllm,rzen_embed,qwen3vl2b_vllm,0,0,0,0
1183,8:1184,unresolved,unresolved,multimodal_needed,Dog looks straight forward.,mbeir_images/cirr_images/dev/dev-367-0-img1.jpg,8:7007,110,59,118,vlm2vec_v2,voyage_multimodal_35,e5_omni,0,0,0,0
1195,8:1196,unresolved,unresolved,multimodal_needed,Small black dog sits on a cream towel.,mbeir_images/cirr_images/dev/dev-1017-1-img0.jpg,8:20673,34,20,382,qwen3vl8b_vllm,mmembed,vlm2vec_v2,0,0,0,0
1197,8:1198,composition_required,composition_required,multimodal_needed,Remove one glass and add a white background.,mbeir_images/cirr_images/dev/dev-131-2-img1.jpg,8:12473,6,22,19,e5_omni,e5_omni,e5_omni,7,0,0,0
1200,8:1201,composition_required,composition_required,multimodal_needed,The target photo is a thinner version of the same dog walking on the hardwood floor of a house.,mbeir_images/cirr_images/dev/dev-1017-3-img1.jpg,8:4836,2,27,35,mmembed,qwen3vl2b_vllm,mmembed,3,0,0,0
1208,8:1209,composition_required,composition_required,multimodal_needed,"Unlike a puppy on a table, I want a puppy on the hardwood flooring facing the camera.",mbeir_images/cirr_images/dev/dev-1017-2-img0.jpg,8:4836,3,16,35,mmembed,qwen3vl2b_vllm,lamra,4,0,0,0
1211,8:1212,unresolved,unresolved,multimodal_needed,Get closer to the dogs face and have it facing the camera with its mouth open.,mbeir_images/cirr_images/dev/dev-181-1-img0.jpg,8:12092,186,81,2556,mmembed,qwen3vl8b_vllm,lamra_qwen25vl,0,0,0,0
1221,8:1222,unresolved,unresolved,multimodal_needed,Put the dog against a white background.,mbeir_images/cirr_images/dev/dev-1017-2-img1.jpg,8:4010,197,15,761,voyage_multimodal_35,gemini_embedding_2,qwen3vl2b_vllm,0,0,0,0
1223,8:1224,unresolved,unresolved,multimodal_needed,Dog sit on a black chair.,mbeir_images/cirr_images/dev/dev-191-0-img1.jpg,8:10685,14,59,114,gemini_embedding_2,gemini_embedding_2,gemini_embedding_2,0,0,0,0
1227,8:1228,unresolved,unresolved,multimodal_needed,Put trees behind the brown dog.,mbeir_images/cirr_images/dev/dev-181-0-img0.jpg,8:12129,11,56,15,lamra,lamra,lamra,0,0,0,0
1230,8:1231,composition_required,composition_required,multimodal_needed,Dog stands against a plain gray background.,mbeir_images/cirr_images/dev/dev-1017-0-img1.jpg,8:8793,1,30,100,e5_omni,e5_omni,gemini_embedding_2,10,0,0,0
1231,8:1232,composition_required,composition_required,multimodal_needed,Person in gray shirt stands behind dog.,mbeir_images/cirr_images/dev/dev-951-2-img1.jpg,8:13881,10,188,57,vlm2vec_v2,vlm2vec_v2,mmembed,1,0,0,0
1232,8:1233,unresolved,unresolved,multimodal_needed,Put the dog against a white background.,mbeir_images/cirr_images/dev/dev-1017-3-img0.jpg,8:4010,40,15,185,voyage_multimodal_35,gemini_embedding_2,e5_omni,0,0,0,0
1233,8:1234,unresolved,unresolved,multimodal_needed,Dog with long hair stands in sunlight.,mbeir_images/cirr_images/dev/dev-968-0-img1.jpg,8:3063,35,38,3106,lamra_qwen25vl,lamra_qwen25vl,lamra,0,0,0,0
1238,8:1239,unresolved,unresolved,multimodal_needed,"Its a cute dog, with long ears.",mbeir_images/cirr_images/dev/dev-133-2-img1.jpg,8:3063,19,11,4861,lamra,gemini_embedding_2,gemini_embedding_2,0,0,0,0
1239,8:1240,composition_required,composition_required,multimodal_needed,Woman stands with the animals.,mbeir_images/cirr_images/dev/dev-359-2-img0.jpg,8:12991,1,66,130,gemini_embedding_2,voyage_multimodal_35,qwen3vl2b_vllm,10,0,0,0
1246,8:1247,unresolved,unresolved,multimodal_needed,"Two dogs and a woman, walking.",mbeir_images/cirr_images/dev/dev-907-3-img1.jpg,8:12991,96,96,1717,qwen3vl8b_vllm,qwen3vl2b_vllm,qwen3vl2b_vllm,0,0,0,0
1250,8:1251,composition_required,composition_required,multimodal_needed,Brown dog stands against a blurred background.,mbeir_images/cirr_images/dev/dev-181-0-img1.jpg,8:12129,3,42,18,gme_qwen2vl_retriever_2,gme_qwen2vl_retriever_2,gemini_embedding_2,5,0,0,0
1253,8:1254,composition_required,composition_required,multimodal_needed,The target is a turkey.,mbeir_images/cirr_images/dev/dev-930-1-img1.jpg,8:16938,10,19,289,qwen3vl8b_vllm,lamra,mmembed,1,0,0,0
1257,8:1258,composition_required,composition_required,multimodal_needed,Woman in white shirt stands to the left of the orange.,mbeir_images/cirr_images/dev/dev-181-1-img1.jpg,8:12991,1,84,64,rzen_embed,e5_omni,gemini_embedding_2,10,0,0,0
1259,8:1260,unresolved,unresolved,multimodal_needed,Completely change the animal that is laying on the ground and make it so there's only one animal in the photo.,mbeir_images/cirr_images/dev/dev-421-3-img0.jpg,8:2276,79,20,354,lamra_qwen25vl,lamra,voyage_multimodal_35,0,0,0,0
1261,8:1262,composition_required,composition_required,multimodal_needed,Remove the skeleton and one bird and change the type of bird.,mbeir_images/cirr_images/dev/dev-133-3-img1.jpg,8:16938,9,41,87,rzen_embed,e5_omni,mmembed,1,0,0,0
1265,8:1266,unresolved,unresolved,multimodal_needed,Inglês  Copiar a larger number of animals and a different species.,mbeir_images/cirr_images/dev/dev-181-1-img1.jpg,8:9113,14,176,170,gme_qwen2vl_retriever_2,voyage_multimodal_35,rzen_embed,0,0,0,0
1280,8:1281,composition_required,composition_required,multimodal_needed,Be less decorated and more colorful.,mbeir_images/cirr_images/dev/dev-13-3-img0.jpg,8:11933,4,29,23,rzen_embed,lamra_qwen25vl,rzen_embed,3,0,0,0
1287,8:1288,unresolved,unresolved,multimodal_needed,"The puppy is closer, not in the water.",mbeir_images/cirr_images/dev/dev-181-3-img1.jpg,8:12853,436,1138,463,lamra,gme_qwen2vl_retriever_2,voyage_multimodal_35,0,0,0,0
1293,8:1294,unresolved,unresolved,multimodal_needed,PUt a couch by the window.,mbeir_images/cirr_images/dev/dev-710-2-img1.jpg,8:4031,49,323,38,,qwen3vl8b_vllm,qwen3vl2b_vllm,0,0,0,0
1300,8:1301,unresolved,unresolved,multimodal_needed,Remove the curtains and the lights.,mbeir_images/cirr_images/dev/dev-134-0-img1.jpg,8:2499,11,210,22,lamra,vlm2vec_v2,rzen_embed,0,0,0,0
1303,8:1304,unresolved,unresolved,multimodal_needed,"I want the dog to be laying down, looking at the camera. its a doberman also.",mbeir_images/cirr_images/dev/dev-184-2-img0.jpg,8:5770,14,16,92,voyage_multimodal_35,,lamra,0,0,0,0
1311,8:1312,unresolved,unresolved,multimodal_needed,The dog has more white colors.,mbeir_images/cirr_images/dev/dev-507-2-img1.jpg,8:1871,19,64,187,gme_qwen2vl_retriever_2,e5_omni,gme_qwen2vl_retriever_2,0,0,0,0
1314,8:1315,unresolved,unresolved,multimodal_needed,"Bigger dog, the photo is not black and white.",mbeir_images/cirr_images/dev/dev-664-3-img1.jpg,8:7601,121,175,531,qwen3vl8b_vllm,lamra_qwen25vl,qwen3vl8b_vllm,0,0,0,0
1316,8:1317,unresolved,unresolved,multimodal_needed,"Different dog, pointy ears, no sea in the background.",mbeir_images/cirr_images/dev/dev-184-2-img0.jpg,8:13011,23,56,12,lamra_qwen25vl,vlm2vec_v2,mmembed,0,0,0,0
1317,8:1318,unresolved,unresolved,multimodal_needed,Remove one dog and change the beach to a grass field.,mbeir_images/cirr_images/dev/dev-1020-0-img1.jpg,8:8223,48,63,314,mmembed,rzen_embed,,0,0,0,0
1320,8:1321,composition_required,composition_required,multimodal_needed,"Be the same dog, but biting something.",mbeir_images/cirr_images/dev/dev-184-2-img0.jpg,8:9057,1,23,113,lamra_qwen25vl,lamra_qwen25vl,e5_omni,9,0,0,0
1330,8:1331,composition_required,composition_required,multimodal_needed,One dog on a beach.,mbeir_images/cirr_images/dev/dev-1020-1-img0.jpg,8:5470,1,14,11,qwen3vl8b_vllm,vlm2vec_v2,gemini_embedding_2,9,0,0,0
1331,8:1332,composition_required,composition_required,multimodal_needed,"The target is a towel, not two pillows.",mbeir_images/cirr_images/dev/dev-525-1-img0.jpg,8:4020,1,15,66,lamra_qwen25vl,lamra_qwen25vl,voyage_multimodal_35,9,0,0,0
1332,8:1333,composition_required,composition_required,multimodal_needed,The target shows a pencil case.,mbeir_images/cirr_images/dev/dev-185-3-img1.jpg,8:13767,7,23,114,e5_omni,lamra,e5_omni,1,0,0,0
1349,8:1350,composition_required,composition_required,multimodal_needed,Put the bottle of fragrance in front of the box.,mbeir_images/cirr_images/dev/dev-137-1-img0.jpg,8:18182,6,11,498,e5_omni,e5_omni,vlm2vec_v2,3,0,0,0
1356,8:1357,composition_required,composition_required,multimodal_needed,Show image with coffee cup between two hands.,mbeir_images/cirr_images/dev/dev-1023-3-img1.jpg,8:16407,1,33,23,e5_omni,mmembed,mmembed,8,0,0,0
1358,8:1359,composition_required,composition_required,multimodal_needed,Larger number of cases.,mbeir_images/cirr_images/dev/dev-139-1-img0.jpg,8:8073,5,96,51,gme_qwen2vl_retriever_2,lamra_qwen25vl,lamra,4,0,0,0
1359,8:1360,unresolved,unresolved,multimodal_needed,Fewer number of cases.,mbeir_images/cirr_images/dev/dev-684-2-img1.jpg,8:9531,180,856,207,lamra_qwen25vl,lamra_qwen25vl,lamra,0,0,0,0
1367,8:1368,unresolved,unresolved,multimodal_needed,Goes from five to only one woman and she's facing forward.,mbeir_images/cirr_images/dev/dev-15-0-img0.jpg,8:9040,18,57,99,voyage_multimodal_35,voyage_multimodal_35,voyage_multimodal_35,0,0,0,0
1369,8:1370,composition_required,composition_required,multimodal_needed,"Her face is facing the camera, only one woman.",mbeir_images/cirr_images/dev/dev-1025-3-img1.jpg,8:10118,9,165,36,lamra_qwen25vl,voyage_multimodal_35,mmembed,3,0,0,0
1373,8:1374,unresolved,unresolved,multimodal_needed,Show a miror image of the interior architecture.,mbeir_images/cirr_images/dev/dev-658-0-img1.jpg,8:19472,41,25,239,vlm2vec_v2,rzen_embed,vlm2vec_v2,0,0,0,0
1377,8:1378,unresolved,unresolved,multimodal_needed,Change the water to green grass.,mbeir_images/cirr_images/dev/dev-809-2-img1.jpg,8:13738,19,151,261,mmembed,voyage_multimodal_35,vlm2vec_v2,0,0,0,0
1378,8:1379,unresolved,unresolved,multimodal_needed,Make it swim and face the other direction.,mbeir_images/cirr_images/dev/dev-922-0-img1.jpg,8:11914,28,53,117,qwen3vl8b_vllm,gme_qwen2vl_retriever_2,vlm2vec_v2,0,0,0,0
1383,8:1384,unresolved,unresolved,multimodal_needed,Show the face of white dog up close.,mbeir_images/cirr_images/dev/dev-716-2-img0.jpg,8:12617,11,17,441,e5_omni,e5_omni,,0,0,0,0
1385,8:1386,unresolved,unresolved,multimodal_needed,Show a pug's face looking to the left instead of a jumping pug.,mbeir_images/cirr_images/dev/dev-108-1-img1.jpg,8:18802,191,167,251,qwen3vl2b_vllm,gemini_embedding_2,qwen3vl2b_vllm,0,0,0,0
1388,8:1389,unresolved,unresolved,multimodal_needed,"Change to slightly colder color tune, shut the blind on the windows by half.",mbeir_images/cirr_images/dev/dev-249-2-img1.jpg,8:8267,68,53,146,rzen_embed,lamra_qwen25vl,vlm2vec_v2,0,0,0,0
1390,8:1391,composition_required,composition_required,multimodal_needed,No chairs or tables present.,mbeir_images/cirr_images/dev/dev-249-3-img0.jpg,8:7751,2,53,82,lamra_qwen25vl,lamra_qwen25vl,voyage_multimodal_35,2,0,0,0
1391,8:1392,composition_required,composition_required,multimodal_needed,Add curtains to the windows.,mbeir_images/cirr_images/dev/dev-249-3-img1.jpg,8:2878,2,17,17,gemini_embedding_2,gemini_embedding_2,lamra,3,0,0,0
1394,8:1395,composition_required,composition_required,multimodal_needed,"Show me the window of this room, with curtains rolled down.",mbeir_images/cirr_images/dev/dev-148-1-img1.jpg,8:5417,6,15,405,mmembed,gme_qwen2vl_retriever_2,,3,0,0,0
1396,8:1397,unresolved,unresolved,multimodal_needed,"More personal setting, no chairs.",mbeir_images/cirr_images/dev/dev-253-3-img0.jpg,8:10666,72,32,475,mmembed,lamra_qwen25vl,gemini_embedding_2,0,0,0,0
1403,8:1404,unresolved,unresolved,multimodal_needed,Show dogs standing on the ground and make them outside of the cage.,mbeir_images/cirr_images/dev/dev-799-2-img0.jpg,8:152,30,87,67,rzen_embed,gemini_embedding_2,rzen_embed,0,0,0,0
1408,8:1409,unresolved,unresolved,multimodal_needed,"Add blue plants in the background, but preserve the animal.",mbeir_images/cirr_images/dev/dev-203-3-img1.jpg,8:9123,209,1451,117,vlm2vec_v2,gme_qwen2vl_retriever_2,gme_qwen2vl_retriever_2,0,0,0,0
1424,8:1425,composition_required,composition_required,multimodal_needed,Replace the location in lake view rather making on forest region.,mbeir_images/cirr_images/dev/dev-243-3-img0.jpg,8:15447,3,768,11,gemini_embedding_2,gme_qwen2vl_retriever_2,gemini_embedding_2,4,0,0,0
1440,8:1441,composition_required,composition_required,multimodal_needed,Fill the flasks with different color liquids.,mbeir_images/cirr_images/dev/dev-2-0-img0.jpg,8:20099,2,13,284,lamra_qwen25vl,mmembed,qwen3vl2b_vllm,3,0,0,0
1446,8:1447,composition_required,composition_required,multimodal_needed,Brown animal with its shadow behind it looks upward.,mbeir_images/cirr_images/dev/dev-355-1-img0.jpg,8:11364,4,22,218,gemini_embedding_2,qwen3vl2b_vllm,gemini_embedding_2,2,0,0,0
1471,8:1472,unresolved,unresolved,multimodal_needed,Make close view of monkey holding its baby in forest area rather showing in roadways.,mbeir_images/cirr_images/dev/dev-817-3-img1.jpg,8:5199,50,31,362,lamra_qwen25vl,lamra_qwen25vl,qwen3vl2b_vllm,0,0,0,0
1493,8:1494,unresolved,unresolved,multimodal_needed,A pizza with different toppings and shot by another angle.,mbeir_images/cirr_images/dev/dev-908-1-img1.jpg,8:20820,22,11,13,,gemini_embedding_2,,0,0,0,0
1497,8:1498,unresolved,unresolved,multimodal_needed,Shows two corner walls with similar sections of windows with no window treatments on them.,mbeir_images/cirr_images/dev/dev-487-1-img1.jpg,8:15776,247,658,153,gemini_embedding_2,gme_qwen2vl_retriever_2,e5_omni,0,0,0,0
1499,8:1500,composition_required,composition_required,multimodal_needed,Target on dinning table with photo mounted wall in window corner rather showing sliding doors.,mbeir_images/cirr_images/dev/dev-249-2-img1.jpg,8:16107,10,41,39,qwen3vl8b_vllm,gme_qwen2vl_retriever_2,lamra,1,0,0,0
1503,8:1504,unresolved,unresolved,multimodal_needed,"Bigger dish, different meal.",mbeir_images/cirr_images/dev/dev-212-3-img1.jpg,8:1481,123,329,127,,qwen3vl2b_vllm,,0,0,0,0
1504,8:1505,unresolved,unresolved,multimodal_needed,"Bigger dish, now pizza instead of seafood.",mbeir_images/cirr_images/dev/dev-212-3-img1.jpg,8:20820,35,17,138,lamra_qwen25vl,lamra_qwen25vl,,0,0,0,0
1511,8:1512,unresolved,unresolved,multimodal_needed,Show more ventilators on the wall with close angle shoot rather showing sliding doors.,mbeir_images/cirr_images/dev/dev-34-1-img1.jpg,8:1011,68,183,56,qwen3vl2b_vllm,gemini_embedding_2,lamra,0,0,0,0
1512,8:1513,composition_required,composition_required,multimodal_needed,Replace dinning table instead of couch near ventilators with ceiling lights.,mbeir_images/cirr_images/dev/dev-811-3-img0.jpg,8:2878,2,11,89,vlm2vec_v2,gemini_embedding_2,,4,0,0,0
1514,8:1515,unresolved,unresolved,multimodal_needed,Replace entire content with man in night suit and not with dogs into picture.,mbeir_images/cirr_images/dev/dev-22-1-img1.jpg,8:17812,13,11,2976,lamra,voyage_multimodal_35,rzen_embed,0,0,0,0
1520,8:1521,unresolved,unresolved,multimodal_needed,Replace entire content with dog showing innocent face rather showing wipe towels into scene.,mbeir_images/cirr_images/dev/dev-213-0-img0.jpg,8:7772,12,23,2620,mmembed,mmembed,qwen3vl2b_vllm,0,0,0,0
1521,8:1522,composition_required,composition_required,multimodal_needed,Make the flowers inside vase rather raping it with towel in bathroom space.,mbeir_images/cirr_images/dev/dev-213-0-img1.jpg,8:5069,6,20,215,qwen3vl2b_vllm,gme_qwen2vl_retriever_2,,2,0,0,0
1529,8:1530,unresolved,unresolved,multimodal_needed,Place two couches in front of the windows.,mbeir_images/cirr_images/dev/dev-926-2-img1.jpg,8:19499,70,42,85,qwen3vl2b_vllm,lamra,e5_omni,0,0,0,0
1534,8:1535,composition_required,composition_required,multimodal_needed,No furniture and bigger doors.,mbeir_images/cirr_images/dev/dev-249-3-img1.jpg,8:10938,3,31,19,vlm2vec_v2,voyage_multimodal_35,voyage_multimodal_35,4,0,0,0
1535,8:1536,composition_required,composition_required,multimodal_needed,No furniture and smaller doors.,mbeir_images/cirr_images/dev/dev-249-3-img1.jpg,8:11264,3,152,13,vlm2vec_v2,voyage_multimodal_35,voyage_multimodal_35,2,0,0,0
1549,8:1550,unresolved,unresolved,multimodal_needed,Target on living room with white curtains rather making with towel hangers.,mbeir_images/cirr_images/dev/dev-213-1-img0.jpg,8:4394,117,96,543,qwen3vl2b_vllm,qwen3vl2b_vllm,e5_omni,0,0,0,0
1551,8:1552,composition_required,composition_required,multimodal_needed,Focus more on monkey excluding man from image with dark mode effect.,mbeir_images/cirr_images/dev/dev-250-1-img0.jpg,8:2522,6,23,20,mmembed,voyage_multimodal_35,lamra,1,0,0,0
1552,8:1553,unresolved,unresolved,multimodal_needed,Target on feeding monkey in forest area with blurred Background effect.,mbeir_images/cirr_images/dev/dev-250-3-img0.jpg,8:16611,222,131,301,e5_omni,e5_omni,,0,0,0,0
1553,8:1554,composition_required,composition_required,multimodal_needed,Make monkey to face across camera surrounded by more leaves in inkwell effect.,mbeir_images/cirr_images/dev/dev-327-1-img0.jpg,8:2522,9,17,30,mmembed,qwen3vl8b_vllm,mmembed,2,0,0,0
1570,8:1571,unresolved,unresolved,multimodal_needed,Target on white curtains bed room space rather showing with white towels.,mbeir_images/cirr_images/dev/dev-213-0-img0.jpg,8:10538,14,52,473,mmembed,mmembed,gme_qwen2vl_retriever_2,0,0,0,0
1571,8:1572,unresolved,unresolved,multimodal_needed,Make camera angle different showing white sofa in scene.,mbeir_images/cirr_images/dev/dev-469-0-img1.jpg,8:18730,25,11,145,qwen3vl2b_vllm,qwen3vl8b_vllm,qwen3vl2b_vllm,0,0,0,0
1572,8:1573,unresolved,unresolved,multimodal_needed,Close curtains showing coffee table with dim light effect.,mbeir_images/cirr_images/dev/dev-811-2-img0.jpg,8:536,61,24,73,rzen_embed,rzen_embed,,0,0,0,0
1575,8:1576,composition_required,composition_required,multimodal_needed,No curtains and less furniture.,mbeir_images/cirr_images/dev/dev-252-0-img0.jpg,8:11264,2,106,26,lamra_qwen25vl,lamra,vlm2vec_v2,3,0,0,0
1576,8:1577,composition_required,composition_required,multimodal_needed,"Less windows, zoomed in and similar curtains.",mbeir_images/cirr_images/dev/dev-252-0-img0.jpg,8:5417,3,33,16,lamra_qwen25vl,vlm2vec_v2,gemini_embedding_2,3,0,0,0
1578,8:1579,unresolved,unresolved,multimodal_needed,Grayish Mirror wall with closed racks rather making with curtain window.,mbeir_images/cirr_images/dev/dev-469-0-img1.jpg,8:1146,12,12,965,mmembed,mmembed,,0,0,0,0
1579,8:1580,unresolved,unresolved,multimodal_needed,Target on bath space with white polished interior rather with grayish look.,mbeir_images/cirr_images/dev/dev-509-3-img1.jpg,8:12459,28,15,64,mmembed,gemini_embedding_2,,0,0,0,0
1586,8:1587,unresolved,unresolved,multimodal_needed,Show a counter with two sinks.,mbeir_images/cirr_images/dev/dev-213-2-img0.jpg,8:1146,26,18,74,gme_qwen2vl_retriever_2,e5_omni,,0,0,0,0
1590,8:1591,unresolved,unresolved,multimodal_needed,Make creamy white curtains and wall with close shot rather showing white wall.,mbeir_images/cirr_images/dev/dev-256-3-img1.jpg,8:18336,47,36,304,rzen_embed,mmembed,qwen3vl2b_vllm,0,0,0,0
1594,8:1595,composition_required,composition_required,multimodal_needed,Hang a wood door on the rod.,mbeir_images/cirr_images/dev/dev-213-3-img0.jpg,8:20010,9,17,99,qwen3vl8b_vllm,gemini_embedding_2,lamra_qwen25vl,1,0,0,0
1605,8:1606,composition_required,composition_required,multimodal_needed,Shows burgundy blinds on another set of windows.,mbeir_images/cirr_images/dev/dev-252-2-img1.jpg,8:8886,2,32,14,gemini_embedding_2,gemini_embedding_2,gemini_embedding_2,1,0,0,0
1608,8:1609,unresolved,unresolved,multimodal_needed,Target needle immersed in glass jar rather using safety pin into scene.,mbeir_images/cirr_images/dev/dev-14-1-img0.jpg,8:7798,98,88,1481,lamra,gme_qwen2vl_retriever_2,qwen3vl8b_vllm,0,0,0,0
1616,8:1617,unresolved,unresolved,multimodal_needed,There were two metal chairs next to the same table now one wooden chair and a table by the window.,mbeir_images/cirr_images/dev/dev-253-3-img0.jpg,8:5278,71,68,142,lamra_qwen25vl,lamra_qwen25vl,gme_qwen2vl_retriever_2,0,0,0,0
1624,8:1625,unresolved,unresolved,multimodal_needed,Animals run around in the wild.,mbeir_images/cirr_images/dev/dev-473-3-img1.jpg,8:4895,19,13,891,qwen3vl2b_vllm,lamra,lamra,0,0,0,0
1634,8:1635,composition_required,composition_required,multimodal_needed,"Change to a water buffalo, Place water buffalo standing in tall grass.",mbeir_images/cirr_images/dev/dev-356-2-img0.jpg,8:11948,6,16,57,rzen_embed,lamra,e5_omni,2,0,0,0
1635,8:1636,unresolved,unresolved,multimodal_needed,Show the blue sky behind the animals.,mbeir_images/cirr_images/dev/dev-1016-0-img0.jpg,8:20705,343,91,566,qwen3vl2b_vllm,e5_omni,qwen3vl2b_vllm,0,0,0,0
1637,8:1638,composition_required,composition_required,multimodal_needed,Show the side view of animal on the brown hills.,mbeir_images/cirr_images/dev/dev-214-3-img1.jpg,8:5574,1,38,63,qwen3vl8b_vllm,e5_omni,rzen_embed,6,0,0,0
1659,8:1660,composition_required,composition_required,multimodal_needed,Three more dogs and they are all bigger.,mbeir_images/cirr_images/dev/dev-255-2-img0.jpg,8:8554,1,23,29,rzen_embed,qwen3vl8b_vllm,gemini_embedding_2,5,0,0,0
1660,8:1661,composition_required,composition_required,multimodal_needed,"Only one dog, different kind and face is zoomed in.",mbeir_images/cirr_images/dev/dev-255-0-img1.jpg,8:9578,3,79,169,rzen_embed,lamra,qwen3vl2b_vllm,2,0,0,0
1665,8:1666,unresolved,unresolved,multimodal_needed,Target puppies playing together in couch rather making with tall dog.,mbeir_images/cirr_images/dev/dev-311-0-img1.jpg,8:18274,22,44,780,voyage_multimodal_35,vlm2vec_v2,gemini_embedding_2,0,0,0,0
1669,8:1670,unresolved,unresolved,multimodal_needed,Open the laptop and turn it to face right.,mbeir_images/cirr_images/dev/dev-215-0-img0.jpg,8:6286,38,19,222,qwen3vl2b_vllm,qwen3vl2b_vllm,e5_omni,0,0,0,0
1670,8:1671,composition_required,composition_required,multimodal_needed,Remove one dog from image and make background with white bedsheets.,mbeir_images/cirr_images/dev/dev-9-2-img0.jpg,8:9751,8,40,74,lamra_qwen25vl,gemini_embedding_2,gemini_embedding_2,3,0,0,0
1671,8:1672,composition_required,composition_required,multimodal_needed,Make with adult dog facing camera in lawn ground rather showing small dog into scene.,mbeir_images/cirr_images/dev/dev-255-2-img0.jpg,8:9578,2,271,77,rzen_embed,lamra_qwen25vl,lamra_qwen25vl,2,0,0,0
1673,8:1674,unresolved,unresolved,multimodal_needed,Small dog sit on the couch with pink toy.,mbeir_images/cirr_images/dev/dev-255-2-img0.jpg,8:18274,22,60,130,qwen3vl2b_vllm,vlm2vec_v2,rzen_embed,0,0,0,0
1677,8:1678,unresolved,unresolved,multimodal_needed,Shows a similar laptop that bends in the opposite direction for touch screen use.,mbeir_images/cirr_images/dev/dev-171-3-img0.jpg,8:10201,11,15,16,lamra,lamra,lamra_qwen25vl,0,0,0,0
1679,8:1680,unresolved,unresolved,multimodal_needed,Dog holds toy in its mouth.,mbeir_images/cirr_images/dev/dev-255-1-img0.jpg,8:474,64,44,571,mmembed,gemini_embedding_2,,0,0,0,0
1682,8:1683,unresolved,unresolved,multimodal_needed,Target on 15inch screen laptop with plain white background rather showing 5 inch display on mobile.,mbeir_images/cirr_images/dev/dev-215-1-img1.jpg,8:10201,53,49,139,lamra_qwen25vl,e5_omni,lamra_qwen25vl,0,0,0,0
1690,8:1691,composition_required,composition_required,multimodal_needed,Increase the age of the dog and make it stand on grass.,mbeir_images/cirr_images/dev/dev-238-0-img1.jpg,8:15224,1,34,47,gme_qwen2vl_retriever_2,mmembed,gemini_embedding_2,10,0,0,0
1696,8:1697,composition_required,composition_required,multimodal_needed,Show more of the background of the dog on the grass.,mbeir_images/cirr_images/dev/dev-664-3-img1.jpg,8:7550,3,183,18,lamra,gme_qwen2vl_retriever_2,vlm2vec_v2,10,0,0,0
1701,8:1702,composition_required,composition_required,multimodal_needed,Bigger dog and grassy background.,mbeir_images/cirr_images/dev/dev-255-3-img0.jpg,8:15224,1,298,11,gme_qwen2vl_retriever_2,rzen_embed,voyage_multimodal_35,11,0,0,0
1702,8:1703,unresolved,unresolved,multimodal_needed,Bigger dog and facing farther right.,mbeir_images/cirr_images/dev/dev-255-3-img0.jpg,8:8926,14,440,16,qwen3vl2b_vllm,lamra,qwen3vl2b_vllm,0,0,0,0
1707,8:1708,unresolved,unresolved,multimodal_needed,Fill the tube with red liquid.,mbeir_images/cirr_images/dev/dev-215-2-img1.jpg,8:16976,43,16,1003,qwen3vl2b_vllm,qwen3vl2b_vllm,mmembed,0,0,0,0
1709,8:1710,unresolved,unresolved,multimodal_needed,Show the color bars on a television screen.,mbeir_images/cirr_images/dev/dev-215-3-img1.jpg,8:20415,334,295,200,gme_qwen2vl_retriever_2,gme_qwen2vl_retriever_2,e5_omni,0,0,0,0
1712,8:1713,unresolved,unresolved,multimodal_needed,Shows an indoor sliding brown door of similar wood color.,mbeir_images/cirr_images/dev/dev-492-0-img1.jpg,8:1680,16,13,704,lamra,lamra,mmembed,0,0,0,0
1724,8:1725,unresolved,unresolved,multimodal_needed,Show a round window on the wall.,mbeir_images/cirr_images/dev/dev-256-0-img0.jpg,8:1680,21,444,16,e5_omni,lamra,qwen3vl2b_vllm,0,0,0,0
1727,8:1728,composition_required,composition_required,multimodal_needed,Target on one Jijantic monkey facing camera in dense forest region.,mbeir_images/cirr_images/dev/dev-216-0-img0.jpg,8:4885,3,26,23,lamra,e5_omni,gemini_embedding_2,3,0,0,0
1744,8:1745,composition_required,composition_required,multimodal_needed,Lessen the amount to just one pair.,mbeir_images/cirr_images/dev/dev-257-0-img1.jpg,8:8340,10,418,25,gme_qwen2vl_retriever_2,vlm2vec_v2,,1,0,0,0
1750,8:1751,unresolved,unresolved,multimodal_needed,Replace entire content with dog into scene rather making with woolen gloves.,mbeir_images/cirr_images/dev/dev-619-2-img0.jpg,8:2221,170,46,1956,qwen3vl8b_vllm,qwen3vl8b_vllm,e5_omni,0,0,0,0
1752,8:1753,unresolved,unresolved,multimodal_needed,Similar color but no fingers.,mbeir_images/cirr_images/dev/dev-257-1-img1.jpg,8:5604,14,19,27,mmembed,vlm2vec_v2,mmembed,0,0,0,0
1764,8:1765,unresolved,unresolved,multimodal_needed,Woman in night suit with pink wall background instead of gloves.,mbeir_images/cirr_images/dev/dev-257-2-img1.jpg,8:5136,45,16,3506,qwen3vl8b_vllm,e5_omni,,0,0,0,0
1769,8:1770,unresolved,unresolved,multimodal_needed,Target on feeding monkey in dense forest rather showing male monkey into scene.,mbeir_images/cirr_images/dev/dev-216-0-img1.jpg,8:16611,47,172,55,,rzen_embed,,0,0,0,0
1771,8:1772,unresolved,unresolved,multimodal_needed,Show man hands handling dog rather making it to sit on ground.,mbeir_images/cirr_images/dev/dev-75-0-img1.jpg,8:11908,25,21,261,lamra_qwen25vl,mmembed,gemini_embedding_2,0,0,0,0
1773,8:1774,unresolved,unresolved,multimodal_needed,Make dog from backside view facing camera infront of door.,mbeir_images/cirr_images/dev/dev-406-3-img1.jpg,8:1568,17,171,15,gemini_embedding_2,lamra_qwen25vl,gemini_embedding_2,0,0,0,0
1777,8:1778,composition_required,composition_required,multimodal_needed,"Remove the stick from the monkeys mouth, have it facing left while holding a baby monkey.",mbeir_images/cirr_images/dev/dev-216-3-img0.jpg,8:16611,5,37,72,e5_omni,rzen_embed,,3,0,0,0
1781,8:1782,unresolved,unresolved,multimodal_needed,Use more tufted hairs dog facing camera with neckbelt and not in sleeping posture.,mbeir_images/cirr_images/dev/dev-258-1-img0.jpg,8:21245,13,77,225,qwen3vl8b_vllm,mmembed,qwen3vl8b_vllm,0,0,0,0
1783,8:1784,composition_required,composition_required,multimodal_needed,Make close coverage on face of rat instead of full image.,mbeir_images/cirr_images/dev/dev-217-2-img0.jpg,8:15258,8,18,22,gemini_embedding_2,vlm2vec_v2,gemini_embedding_2,1,0,0,0
1790,8:1791,unresolved,unresolved,multimodal_needed,Put a black background behind the small animal.,mbeir_images/cirr_images/dev/dev-271-2-img0.jpg,8:21025,12,17,279,lamra_qwen25vl,lamra_qwen25vl,lamra,0,0,0,0
1798,8:1799,unresolved,unresolved,multimodal_needed,Place text on top of animal.,mbeir_images/cirr_images/dev/dev-931-0-img1.jpg,8:19686,412,2815,484,rzen_embed,lamra_qwen25vl,rzen_embed,0,0,0,0
1800,8:1801,unresolved,unresolved,multimodal_needed,Two animals hang out in the green field.,mbeir_images/cirr_images/dev/dev-491-0-img0.jpg,8:19870,77,241,362,mmembed,mmembed,qwen3vl2b_vllm,0,0,0,0
1807,8:1808,unresolved,unresolved,multimodal_needed,Put a window to the left.,mbeir_images/cirr_images/dev/dev-783-2-img0.jpg,8:20570,745,12,1575,gemini_embedding_2,gemini_embedding_2,gme_qwen2vl_retriever_2,0,0,0,0
1815,8:1816,unresolved,unresolved,multimodal_needed,"Different bigger animal, facing the camera.",mbeir_images/cirr_images/dev/dev-402-0-img0.jpg,8:16913,49,747,231,rzen_embed,lamra_qwen25vl,gme_qwen2vl_retriever_2,0,0,0,0
1825,8:1826,composition_required,composition_required,multimodal_needed,Focus on one animal giving more sunshine brightness to image.,mbeir_images/cirr_images/dev/dev-218-3-img1.jpg,8:8549,1,85,13,lamra,gemini_embedding_2,,7,0,0,0
1831,8:1832,unresolved,unresolved,multimodal_needed,Make good portrait of furry animal facing camera in dense forest region.,mbeir_images/cirr_images/dev/dev-218-0-img0.jpg,8:9184,19,38,28,lamra,lamra,qwen3vl2b_vllm,0,0,0,0
1852,8:1853,composition_required,composition_required,multimodal_needed,"No lip liner, darker shade and lip gloss instead of lipstick.",mbeir_images/cirr_images/dev/dev-219-0-img0.jpg,8:13106,9,43,29,lamra,lamra,lamra,1,0,0,0
1856,8:1857,unresolved,unresolved,multimodal_needed,Focus on one Dog while sleeping rather making with group.,mbeir_images/cirr_images/dev/dev-262-2-img0.jpg,8:11618,14,40,779,lamra,lamra,gemini_embedding_2,0,0,0,0
1864,8:1865,unresolved,unresolved,multimodal_needed,Sheeps are grazing and not panda eating grass.,mbeir_images/cirr_images/dev/dev-77-0-img1.jpg,8:5579,286,85,10386,rzen_embed,vlm2vec_v2,qwen3vl8b_vllm,0,0,0,0
1868,8:1869,unresolved,unresolved,multimodal_needed,Put a long shadow behind the small animal.,mbeir_images/cirr_images/dev/dev-856-2-img1.jpg,8:1790,35,216,709,qwen3vl8b_vllm,e5_omni,qwen3vl8b_vllm,0,0,0,0
1869,8:1870,unresolved,unresolved,multimodal_needed,Focus on the face of the brown animal.,mbeir_images/cirr_images/dev/dev-262-3-img0.jpg,8:1503,232,148,2404,qwen3vl8b_vllm,voyage_multimodal_35,vlm2vec_v2,0,0,0,0
1879,8:1880,unresolved,unresolved,multimodal_needed,Show the animals stainding in the field.,mbeir_images/cirr_images/dev/dev-262-1-img1.jpg,8:7188,88,1107,152,vlm2vec_v2,qwen3vl8b_vllm,vlm2vec_v2,0,0,0,0
1887,8:1888,unresolved,unresolved,multimodal_needed,Ducks in closed boundary and not hares.,mbeir_images/cirr_images/dev/dev-262-3-img1.jpg,8:7188,15,11,146,rzen_embed,e5_omni,lamra,0,0,0,0
1901,8:1902,composition_required,composition_required,multimodal_needed,Make dog to sit in black tub instead sitting on wooden floor.,mbeir_images/cirr_images/dev/dev-224-3-img1.jpg,8:3857,4,28,372,rzen_embed,lamra_qwen25vl,gemini_embedding_2,3,0,0,0
1913,8:1914,unresolved,unresolved,multimodal_needed,Black dog poses with its toy.,mbeir_images/cirr_images/dev/dev-22-1-img0.jpg,8:12063,51,53,533,mmembed,gme_qwen2vl_retriever_2,mmembed,0,0,0,0
1917,8:1918,composition_required,composition_required,multimodal_needed,Two dogs look to the right in the snow.,mbeir_images/cirr_images/dev/dev-726-2-img1.jpg,8:4962,1,14,17,gme_qwen2vl_retriever_2,e5_omni,gemini_embedding_2,11,0,0,0
1921,8:1922,unresolved,unresolved,multimodal_needed,Only one wolf and it's darker.,mbeir_images/cirr_images/dev/dev-521-0-img1.jpg,8:12515,70,29,220,qwen3vl8b_vllm,e5_omni,lamra_qwen25vl,0,0,0,0
1927,8:1928,composition_required,composition_required,multimodal_needed,Show the dog on standing on snow.,mbeir_images/cirr_images/dev/dev-264-2-img1.jpg,8:10530,5,37,30,qwen3vl2b_vllm,voyage_multimodal_35,,6,0,0,0
1958,8:1959,unresolved,unresolved,multimodal_needed,"Different positioning, and different color.",mbeir_images/cirr_images/dev/dev-223-2-img0.jpg,8:9121,12,282,15,lamra,lamra_qwen25vl,,0,0,0,0
1959,8:1960,composition_required,composition_required,multimodal_needed,"Only one sneaker showing, different brand and colors.",mbeir_images/cirr_images/dev/dev-223-0-img0.jpg,8:10349,8,20,40,lamra_qwen25vl,lamra_qwen25vl,lamra_qwen25vl,1,0,0,0
1964,8:1965,composition_required,composition_required,multimodal_needed,Dog sits on gray couch.,mbeir_images/cirr_images/dev/dev-953-2-img0.jpg,8:8485,2,48,67,lamra,gme_qwen2vl_retriever_2,qwen3vl2b_vllm,6,0,0,0
2006,8:2007,composition_required,composition_required,multimodal_needed,"Bigger god, ears down and human hand present in the picture.",mbeir_images/cirr_images/dev/dev-146-0-img1.jpg,8:20626,6,12,256,rzen_embed,voyage_multimodal_35,gme_qwen2vl_retriever_2,5,0,0,0
2011,8:2012,composition_required,composition_required,multimodal_needed,"Remove plush toy, Arrange dog reclining on taupe bedding.",mbeir_images/cirr_images/dev/dev-224-1-img0.jpg,8:21278,2,38,20,gme_qwen2vl_retriever_2,voyage_multimodal_35,,8,0,0,0
2030,8:2031,composition_required,composition_required,multimodal_needed,Smaller dog of a lighter color.,mbeir_images/cirr_images/dev/dev-819-3-img1.jpg,8:11155,2,18,12,e5_omni,e5_omni,,7,0,0,0
2035,8:2036,unresolved,unresolved,multimodal_needed,Dogs stand apart on the grass.,mbeir_images/cirr_images/dev/dev-346-0-img1.jpg,8:16363,66,13,146,lamra,gme_qwen2vl_retriever_2,mmembed,0,0,0,0
2038,8:2039,unresolved,unresolved,multimodal_needed,Make the background showing empty sky with inkwell mode effect.,mbeir_images/cirr_images/dev/dev-270-3-img1.jpg,8:14839,11,2731,19,voyage_multimodal_35,qwen3vl8b_vllm,qwen3vl8b_vllm,0,0,0,0
2043,8:2044,composition_required,composition_required,multimodal_needed,Animal with long neck stands in front of trees.,mbeir_images/cirr_images/dev/dev-225-3-img0.jpg,8:6641,1,41,12,mmembed,gme_qwen2vl_retriever_2,,11,0,0,0
2044,8:2045,unresolved,unresolved,multimodal_needed,Put green lawn and trees behind the animals.,mbeir_images/cirr_images/dev/dev-189-0-img0.jpg,8:4933,552,380,430,rzen_embed,e5_omni,qwen3vl8b_vllm,0,0,0,0
2049,8:2050,unresolved,unresolved,multimodal_needed,Fold the sweatshirt.,mbeir_images/cirr_images/dev/dev-213-0-img0.jpg,8:7023,12,27,1627,qwen3vl8b_vllm,lamra_qwen25vl,mmembed,0,0,0,0
2056,8:2057,unresolved,unresolved,multimodal_needed,Fill the middle with water.,mbeir_images/cirr_images/dev/dev-369-2-img0.jpg,8:12343,21,30,1793,lamra_qwen25vl,lamra,lamra_qwen25vl,0,0,0,0
2072,8:2073,unresolved,unresolved,multimodal_needed,Target on wild animal resting in farm area rather making with group of monkey on rock.,mbeir_images/cirr_images/dev/dev-189-2-img1.jpg,8:9166,96,125,282,mmembed,mmembed,gemini_embedding_2,0,0,0,0
2074,8:2075,unresolved,unresolved,multimodal_needed,Show the gold instrument.,mbeir_images/cirr_images/dev/dev-912-3-img0.jpg,8:18807,12,15,2276,qwen3vl8b_vllm,gemini_embedding_2,vlm2vec_v2,0,0,0,0
2106,8:2107,composition_required,composition_required,multimodal_needed,Show many crabs.,mbeir_images/cirr_images/dev/dev-227-1-img1.jpg,8:13175,1,13,70,gme_qwen2vl_retriever_2,rzen_embed,e5_omni,10,0,0,0
2109,8:2110,composition_required,composition_required,multimodal_needed,Show the different shapes of containers lined up.,mbeir_images/cirr_images/dev/dev-897-2-img0.jpg,8:12629,1,65,99,mmembed,lamra_qwen25vl,mmembed,3,0,0,0
2126,8:2127,unresolved,unresolved,multimodal_needed,Shows a larger dog with brown and white fur laying down with a plain white background.,mbeir_images/cirr_images/dev/dev-484-1-img0.jpg,8:19626,25,17,1726,e5_omni,gemini_embedding_2,voyage_multimodal_35,0,0,0,0
2146,8:2147,unresolved,unresolved,multimodal_needed,Show the sideways view of animal eating grass.,mbeir_images/cirr_images/dev/dev-473-0-img1.jpg,8:5574,64,12,140,mmembed,qwen3vl2b_vllm,qwen3vl2b_vllm,0,0,0,0
2147,8:2148,unresolved,unresolved,multimodal_needed,Place the animal in the field with wildflowers.,mbeir_images/cirr_images/dev/dev-356-1-img0.jpg,8:19855,299,205,326,rzen_embed,vlm2vec_v2,,0,0,0,0
2157,8:2158,unresolved,unresolved,multimodal_needed,The animal is now standing and by himself.,mbeir_images/cirr_images/dev/dev-190-0-img0.jpg,8:5574,25,47,46,gme_qwen2vl_retriever_2,e5_omni,vlm2vec_v2,0,0,0,0
2162,8:2163,unresolved,unresolved,multimodal_needed,Knead the bread with hands.,mbeir_images/cirr_images/dev/dev-227-2-img1.jpg,8:3475,354,278,195,mmembed,mmembed,voyage_multimodal_35,0,0,0,0
2164,8:2165,composition_required,composition_required,multimodal_needed,Take full coverage of dog sitting with rear legs in pale white background effect.,mbeir_images/cirr_images/dev/dev-934-3-img1.jpg,8:15594,1,11,51,lamra,lamra,voyage_multimodal_35,10,0,0,0
2165,8:2166,unresolved,unresolved,multimodal_needed,Target image shows dog facing away from camera with dark mode effect.,mbeir_images/cirr_images/dev/dev-295-2-img0.jpg,8:9470,214,1312,139,voyage_multimodal_35,voyage_multimodal_35,lamra,0,0,0,0
2171,8:2172,unresolved,unresolved,multimodal_needed,"Remove the grass on the ground, make the dog smaller and add a white background.",mbeir_images/cirr_images/dev/dev-99-3-img0.jpg,8:14494,12,23,229,e5_omni,qwen3vl2b_vllm,,0,0,0,0
2177,8:2178,composition_required,composition_required,multimodal_needed,"Make the dog bigger, make it stand and add a vegetation.",mbeir_images/cirr_images/dev/dev-274-1-img1.jpg,8:2281,3,11,147,voyage_multimodal_35,gme_qwen2vl_retriever_2,voyage_multimodal_35,4,0,0,0
2186,8:2187,composition_required,composition_required,multimodal_needed,Give some object to dog for biting and giving more sunshine brightness to image.,mbeir_images/cirr_images/dev/dev-191-2-img0.jpg,8:15728,1,45,34,rzen_embed,rzen_embed,gemini_embedding_2,8,0,0,0
2187,8:2188,composition_required,composition_required,multimodal_needed,Make close angle camera on face of dog excluding obstacle from mouth of dog.,mbeir_images/cirr_images/dev/dev-41-0-img1.jpg,8:10534,2,43,27,rzen_embed,rzen_embed,,7,0,0,0
2189,8:2190,unresolved,unresolved,multimodal_needed,Make it with country breed and blurred background rather using snow region.,mbeir_images/cirr_images/dev/dev-521-3-img1.jpg,8:7985,162,62,698,qwen3vl8b_vllm,voyage_multimodal_35,lamra_qwen25vl,0,0,0,0
2190,8:2191,unresolved,unresolved,multimodal_needed,Make it with group of dogs standing in mud surface rather showing one dog into scene.,mbeir_images/cirr_images/dev/dev-372-0-img0.jpg,8:2954,30,108,147,mmembed,rzen_embed,gemini_embedding_2,0,0,0,0
2195,8:2196,unresolved,unresolved,multimodal_needed,Smaller and chubbier dog.,mbeir_images/cirr_images/dev/dev-254-0-img0.jpg,8:13881,90,24,379,lamra_qwen25vl,qwen3vl2b_vllm,lamra_qwen25vl,0,0,0,0
2200,8:2201,composition_required,composition_required,multimodal_needed,"Remove two pups, Focus in on face of remaining pup.",mbeir_images/cirr_images/dev/dev-609-1-img0.jpg,8:12092,8,18,280,mmembed,lamra_qwen25vl,qwen3vl2b_vllm,1,0,0,0
2202,8:2203,composition_required,composition_required,multimodal_needed,Place dog seated with hind quarters buried in deep snow.,mbeir_images/cirr_images/dev/dev-191-2-img0.jpg,8:13059,4,23,158,mmembed,voyage_multimodal_35,mmembed,6,0,0,0
2206,8:2207,unresolved,unresolved,multimodal_needed,Remove the boats and add two birds.,mbeir_images/cirr_images/dev/dev-892-0-img0.jpg,8:1475,15,16,609,mmembed,e5_omni,gemini_embedding_2,0,0,0,0
2212,8:2213,composition_required,composition_required,multimodal_needed,Shows a smaller dog of the same color sitting in a grassy area.,mbeir_images/cirr_images/dev/dev-899-1-img0.jpg,8:11695,1,17,26,qwen3vl2b_vllm,qwen3vl2b_vllm,gemini_embedding_2,9,0,0,0
2215,8:2216,unresolved,unresolved,multimodal_needed,Person sits beside the black dog.,mbeir_images/cirr_images/dev/dev-144-2-img1.jpg,8:3911,519,65,870,lamra_qwen25vl,vlm2vec_v2,gemini_embedding_2,0,0,0,0
2217,8:2218,composition_required,composition_required,multimodal_needed,Dog resting in ground surface with plain white background rather making with couch.,mbeir_images/cirr_images/dev/dev-311-0-img0.jpg,8:18987,4,24,92,lamra_qwen25vl,rzen_embed,qwen3vl2b_vllm,1,0,0,0
2221,8:2222,composition_required,composition_required,multimodal_needed,Remove ball from dog mouth and make it facing away from camera.,mbeir_images/cirr_images/dev/dev-228-1-img0.jpg,8:7830,3,329,11,mmembed,rzen_embed,vlm2vec_v2,3,0,0,0
2231,8:2232,unresolved,unresolved,multimodal_needed,Dog should be more taller adding more sunshine brightness to image.,mbeir_images/cirr_images/dev/dev-144-2-img0.jpg,8:3726,24,12,31,mmembed,e5_omni,mmembed,0,0,0,0
2233,8:2234,unresolved,unresolved,multimodal_needed,Dog is sitting instead of standing posture and man behind scene is missing.,mbeir_images/cirr_images/dev/dev-144-0-img1.jpg,8:166,50,92,50,qwen3vl8b_vllm,gme_qwen2vl_retriever_2,gemini_embedding_2,0,0,0,0
2235,8:2236,unresolved,unresolved,multimodal_needed,Make only pudding on pudding plate rather showing varities of dishes in plate.,mbeir_images/cirr_images/dev/dev-19-3-img1.jpg,8:13238,78,160,24,e5_omni,lamra,lamra_qwen25vl,0,0,0,0
2236,8:2237,unresolved,unresolved,multimodal_needed,Target varities of continental dishes rather showing puddings for scene.,mbeir_images/cirr_images/dev/dev-513-3-img0.jpg,8:3189,45,20,347,mmembed,mmembed,mmembed,0,0,0,0
2249,8:2250,unresolved,unresolved,multimodal_needed,Brown dog plays in the dirt.,mbeir_images/cirr_images/dev/dev-276-0-img0.jpg,8:8622,46,56,1595,e5_omni,gemini_embedding_2,gemini_embedding_2,0,0,0,0
2252,8:2253,unresolved,unresolved,multimodal_needed,Shows a similarly sized dog with brown fur standing alone in a grassy area.,mbeir_images/cirr_images/dev/dev-786-2-img1.jpg,8:6052,488,319,270,gme_qwen2vl_retriever_2,,gemini_embedding_2,0,0,0,0
2258,8:2259,composition_required,composition_required,multimodal_needed,Not baked yet.,mbeir_images/cirr_images/dev/dev-19-2-img1.jpg,8:13238,9,34,124,lamra_qwen25vl,gme_qwen2vl_retriever_2,gme_qwen2vl_retriever_2,1,0,0,0
2261,8:2262,unresolved,unresolved,multimodal_needed,More colorful photo and smaller animal.,mbeir_images/cirr_images/dev/dev-609-3-img0.jpg,8:3347,320,1747,558,qwen3vl8b_vllm,vlm2vec_v2,lamra_qwen25vl,0,0,0,0
2262,8:2263,unresolved,unresolved,multimodal_needed,Bigger dog and has added descriptive texts.,mbeir_images/cirr_images/dev/dev-201-2-img1.jpg,8:3863,80,24,500,lamra,lamra,lamra,0,0,0,0
2269,8:2270,composition_required,composition_required,multimodal_needed,Shows a white dog of the same breed sitting on a wooden deck.,mbeir_images/cirr_images/dev/dev-297-2-img0.jpg,8:6901,1,20,53,gme_qwen2vl_retriever_2,e5_omni,qwen3vl8b_vllm,11,0,0,0
2270,8:2271,unresolved,unresolved,multimodal_needed,Paint the body of the animal red.,mbeir_images/cirr_images/dev/dev-228-1-img1.jpg,8:16823,168,47,1126,e5_omni,e5_omni,mmembed,0,0,0,0
2276,8:2277,unresolved,unresolved,multimodal_needed,Make cover picture of dog image with golden frame rather making with realistic image.,mbeir_images/cirr_images/dev/dev-461-1-img1.jpg,8:15292,11,14,422,qwen3vl2b_vllm,lamra,qwen3vl8b_vllm,0,0,0,0
2278,8:2279,composition_required,composition_required,multimodal_needed,Target on one dog resting in ground facing camera rather showing cover picture.,mbeir_images/cirr_images/dev/dev-193-3-img1.jpg,8:10520,4,324,11,gme_qwen2vl_retriever_2,vlm2vec_v2,voyage_multimodal_35,6,0,0,0
2290,8:2291,composition_required,composition_required,multimodal_needed,Show crab in sea region instead of bringing it on serving plates.,mbeir_images/cirr_images/dev/dev-661-0-img0.jpg,8:11441,7,36,53,rzen_embed,rzen_embed,rzen_embed,1,0,0,0
2291,8:2292,unresolved,unresolved,multimodal_needed,"Two stingrays in the water instead of one - on a white background, top view.",mbeir_images/cirr_images/dev/dev-276-3-img1.jpg,8:8195,13,14,14,gme_qwen2vl_retriever_2,gme_qwen2vl_retriever_2,qwen3vl2b_vllm,0,0,0,0
2295,8:2296,unresolved,unresolved,multimodal_needed,Cut crab into pieces serving on plate rather making with raw.,mbeir_images/cirr_images/dev/dev-195-1-img0.jpg,8:7613,35,18,155,lamra,e5_omni,qwen3vl8b_vllm,0,0,0,0
2315,8:2316,unresolved,unresolved,multimodal_needed,Healthier and full pizza.,mbeir_images/cirr_images/dev/dev-23-0-img0.jpg,8:511,44,49,104,lamra_qwen25vl,mmembed,e5_omni,0,0,0,0
2320,8:2321,composition_required,composition_required,multimodal_needed,Show the white cheese on the pizza.,mbeir_images/cirr_images/dev/dev-23-0-img0.jpg,8:5654,4,14,27,gemini_embedding_2,lamra,gemini_embedding_2,1,0,0,0
2331,8:2332,unresolved,unresolved,multimodal_needed,Show white vases.,mbeir_images/cirr_images/dev/dev-277-1-img0.jpg,8:14508,13,959,15,e5_omni,gme_qwen2vl_retriever_2,vlm2vec_v2,0,0,0,0
2338,8:2339,unresolved,unresolved,multimodal_needed,Different color and bigger.,mbeir_images/cirr_images/dev/dev-67-1-img1.jpg,8:18276,33,413,74,lamra_qwen25vl,gme_qwen2vl_retriever_2,gemini_embedding_2,0,0,0,0
2340,8:2341,composition_required,composition_required,multimodal_needed,Place a table and chair in front of the window.,mbeir_images/cirr_images/dev/dev-116-0-img0.jpg,8:13807,5,17,20,gme_qwen2vl_retriever_2,lamra_qwen25vl,gemini_embedding_2,5,0,0,0
2343,8:2344,unresolved,unresolved,multimodal_needed,Target on duck in pond instead of grab for the scene.,mbeir_images/cirr_images/dev/dev-549-1-img0.jpg,8:1632,40,21,1054,qwen3vl8b_vllm,gme_qwen2vl_retriever_2,e5_omni,0,0,0,0
2348,8:2349,unresolved,unresolved,multimodal_needed,Different perspective.,mbeir_images/cirr_images/dev/dev-232-2-img0.jpg,8:5483,17,154,20,e5_omni,lamra_qwen25vl,qwen3vl8b_vllm,0,0,0,0
2350,8:2351,unresolved,unresolved,multimodal_needed,Focus in on the crab and its claws.,mbeir_images/cirr_images/dev/dev-195-3-img1.jpg,8:10151,17,12,36,qwen3vl8b_vllm,qwen3vl2b_vllm,,0,0,0,0
2352,8:2353,unresolved,unresolved,multimodal_needed,Target on farm with slope roof rather showing railway tracks.,mbeir_images/cirr_images/dev/dev-847-2-img0.jpg,8:2530,143,146,2270,lamra_qwen25vl,rzen_embed,,0,0,0,0
2354,8:2355,unresolved,unresolved,multimodal_needed,Show high terrace above train rather making with railway station.,mbeir_images/cirr_images/dev/dev-425-2-img0.jpg,8:18916,20,23,32,voyage_multimodal_35,voyage_multimodal_35,rzen_embed,0,0,0,0
2359,8:2360,composition_required,composition_required,multimodal_needed,Change the angle of the sled and remove most of the trees in the background.,mbeir_images/cirr_images/dev/dev-196-0-img0.jpg,8:903,4,21,12,lamra,lamra_qwen25vl,qwen3vl8b_vllm,1,0,0,0
2361,8:2362,composition_required,composition_required,multimodal_needed,Make room corner view with closed wardrobes and shelves in white furnished.,mbeir_images/cirr_images/dev/dev-388-1-img0.jpg,8:4379,6,17,59,vlm2vec_v2,vlm2vec_v2,mmembed,2,0,0,0
2364,8:2365,unresolved,unresolved,multimodal_needed,Shows a whole dog team of similar dogs with mostly white fur running while pulling a person on a sled.,mbeir_images/cirr_images/dev/dev-1001-3-img0.jpg,8:9234,14,11,72,lamra,e5_omni,,0,0,0,0
2383,8:2384,unresolved,unresolved,multimodal_needed,Target on tablets with holder rather making with tissue paper bulk.,mbeir_images/cirr_images/dev/dev-63-0-img0.jpg,8:18102,16,36,1682,mmembed,voyage_multimodal_35,mmembed,0,0,0,0
2408,8:2409,unresolved,unresolved,multimodal_needed,There was an orthodox church with countryard nor with gothic style.,mbeir_images/cirr_images/dev/dev-199-0-img0.jpg,8:10156,58,59,46,gemini_embedding_2,rzen_embed,gemini_embedding_2,0,0,0,0
2425,8:2426,composition_required,composition_required,multimodal_needed,The dog is on a rock outside.,mbeir_images/cirr_images/dev/dev-201-2-img1.jpg,8:14089,1,23,12,mmembed,lamra,,12,0,0,0
2427,8:2428,composition_required,composition_required,multimodal_needed,Add a man with a blue blazer.,mbeir_images/cirr_images/dev/dev-201-2-img0.jpg,8:8181,7,257,27,qwen3vl2b_vllm,gemini_embedding_2,gme_qwen2vl_retriever_2,5,0,0,0
2432,8:2433,composition_required,composition_required,multimodal_needed,Open up the laptop.,mbeir_images/cirr_images/dev/dev-233-1-img0.jpg,8:6029,7,17,21,voyage_multimodal_35,voyage_multimodal_35,,1,0,0,0
2436,8:2437,unresolved,unresolved,multimodal_needed,Make with stationery pouch and not with mobile pouch.,mbeir_images/cirr_images/dev/dev-233-1-img0.jpg,8:19209,13,18,78,e5_omni,rzen_embed,e5_omni,0,0,0,0
2437,8:2438,composition_required,composition_required,multimodal_needed,Target on file case cover instead of showing mobile case cover.,mbeir_images/cirr_images/dev/dev-233-1-img0.jpg,8:13996,4,14,60,vlm2vec_v2,lamra_qwen25vl,vlm2vec_v2,2,0,0,0
2443,8:2444,unresolved,unresolved,multimodal_needed,Orthodox church with country yard instead of Gothic style.,mbeir_images/cirr_images/dev/dev-281-1-img0.jpg,8:6908,243,120,424,rzen_embed,voyage_multimodal_35,,0,0,0,0
2447,8:2448,unresolved,unresolved,multimodal_needed,Target on multicolored files instead of stationery pouch in scene.,mbeir_images/cirr_images/dev/dev-864-0-img0.jpg,8:10724,45,40,128,qwen3vl8b_vllm,gemini_embedding_2,qwen3vl2b_vllm,0,0,0,0
2450,8:2451,unresolved,unresolved,multimodal_needed,The Gothic style instead church with country yard it became.,mbeir_images/cirr_images/dev/dev-949-1-img0.jpg,8:5953,201,170,1172,mmembed,mmembed,lamra_qwen25vl,0,0,0,0
2451,8:2452,unresolved,unresolved,multimodal_needed,Gothic style giving more sunshine brightness into effect.,mbeir_images/cirr_images/dev/dev-672-0-img0.jpg,8:6921,171,58,279,qwen3vl2b_vllm,lamra,qwen3vl2b_vllm,0,0,0,0
2454,8:2455,composition_required,composition_required,multimodal_needed,"Remove all but two dogs, change the angle they are running and remove the blue sky.",mbeir_images/cirr_images/dev/dev-164-0-img0.jpg,8:3788,8,485,43,rzen_embed,vlm2vec_v2,gemini_embedding_2,2,0,0,0
2458,8:2459,composition_required,composition_required,multimodal_needed,Target multi colour files contains beautiful images and captions with plain white background.,mbeir_images/cirr_images/dev/dev-233-1-img1.jpg,8:10724,6,24,850,qwen3vl2b_vllm,lamra_qwen25vl,mmembed,1,0,0,0
2462,8:2463,unresolved,unresolved,multimodal_needed,Make close camera angle on dog chased by man with clear snow background.,mbeir_images/cirr_images/dev/dev-800-2-img1.jpg,8:5899,59,67,89,gemini_embedding_2,rzen_embed,rzen_embed,0,0,0,0
2464,8:2465,unresolved,unresolved,multimodal_needed,Narrow coverage of dogs with man in snow region than close up coverage.,mbeir_images/cirr_images/dev/dev-20-1-img1.jpg,8:6212,74,80,97,e5_omni,vlm2vec_v2,lamra,0,0,0,0
2470,8:2471,unresolved,unresolved,multimodal_needed,Shows morevies of the rooftops of buildings that are barnlike and another that is more traditionally trianglular.,mbeir_images/cirr_images/dev/dev-281-1-img0.jpg,8:14958,21,15,24,mmembed,gemini_embedding_2,lamra_qwen25vl,0,0,0,0
2495,8:2496,composition_required,composition_required,multimodal_needed,Place trees and blue sky behind the animal on flat land.,mbeir_images/cirr_images/dev/dev-3-3-img1.jpg,8:8551,5,129,15,vlm2vec_v2,lamra_qwen25vl,vlm2vec_v2,2,0,0,0
2496,8:2497,composition_required,composition_required,multimodal_needed,Show animal looking straight forward on the field.,mbeir_images/cirr_images/dev/dev-234-3-img1.jpg,8:7935,2,72,47,qwen3vl8b_vllm,e5_omni,qwen3vl8b_vllm,6,0,0,0
2499,8:2500,unresolved,unresolved,multimodal_needed,Make close coverage of dog with stretched front legs rather sitting pose.,mbeir_images/cirr_images/dev/dev-287-3-img1.jpg,8:10562,125,367,274,lamra_qwen25vl,gme_qwen2vl_retriever_2,mmembed,0,0,0,0
2500,8:2501,unresolved,unresolved,multimodal_needed,Place trees and blue sky above the animals.,mbeir_images/cirr_images/dev/dev-609-2-img1.jpg,8:14136,48,81,138,e5_omni,e5_omni,lamra,0,0,0,0
2501,8:2502,unresolved,unresolved,multimodal_needed,Show an animal on the ground to the left.,mbeir_images/cirr_images/dev/dev-551-0-img0.jpg,8:10594,18,24,62,lamra_qwen25vl,gme_qwen2vl_retriever_2,lamra_qwen25vl,0,0,0,0
2508,8:2509,unresolved,unresolved,multimodal_needed,Remove all but one dispenser and change the angle and design of the dispenser.,mbeir_images/cirr_images/dev/dev-282-0-img1.jpg,8:19523,45,17,76,gme_qwen2vl_retriever_2,lamra_qwen25vl,lamra,0,0,0,0
2510,8:2511,composition_required,composition_required,multimodal_needed,Dog sticks its tongue out.,mbeir_images/cirr_images/dev/dev-202-1-img0.jpg,8:10562,7,107,65,mmembed,gemini_embedding_2,mmembed,1,0,0,0
2513,8:2514,composition_required,composition_required,multimodal_needed,Brown animal looks straight forward.,mbeir_images/cirr_images/dev/dev-234-1-img1.jpg,8:7935,4,210,84,lamra,e5_omni,qwen3vl8b_vllm,3,0,0,0
2525,8:2526,unresolved,unresolved,multimodal_needed,Make with ceramic finishing rather showing silver material.,mbeir_images/cirr_images/dev/dev-282-3-img0.jpg,8:19523,29,199,62,lamra,lamra_qwen25vl,lamra_qwen25vl,0,0,0,0
2528,8:2529,unresolved,unresolved,multimodal_needed,Target on tigers roaming in ground dense forest rather showing in garden outlet.,mbeir_images/cirr_images/dev/dev-355-2-img0.jpg,8:20478,45,22,186,qwen3vl2b_vllm,qwen3vl2b_vllm,lamra,0,0,0,0
2533,8:2534,composition_required,composition_required,multimodal_needed,Make with two consecutive filters rather showing three.,mbeir_images/cirr_images/dev/dev-282-1-img0.jpg,8:17583,3,69,11,lamra,mmembed,mmembed,7,0,0,0
2535,8:2536,composition_required,composition_required,multimodal_needed,Target on lipstick rather showing stainless filters into scene.,mbeir_images/cirr_images/dev/dev-282-2-img0.jpg,8:9969,6,11,516,lamra,qwen3vl8b_vllm,mmembed,2,0,0,0
2555,8:2556,unresolved,unresolved,multimodal_needed,Show church with many arches.,mbeir_images/cirr_images/dev/dev-85-2-img0.jpg,8:13098,16,12,866,qwen3vl8b_vllm,gemini_embedding_2,vlm2vec_v2,0,0,0,0
2571,8:2572,unresolved,unresolved,multimodal_needed,Reposition camera to show rolling clouds and peak mountains into scene.,mbeir_images/cirr_images/dev/dev-28-2-img0.jpg,8:13098,15,51,26,lamra_qwen25vl,lamra_qwen25vl,gme_qwen2vl_retriever_2,0,0,0,0
2575,8:2576,composition_required,composition_required,multimodal_needed,Target on one big dog resting on ground with its baby rather making entire contents with puppies.,mbeir_images/cirr_images/dev/dev-202-3-img1.jpg,8:2511,8,12,176,gemini_embedding_2,gme_qwen2vl_retriever_2,gemini_embedding_2,2,0,0,0
2589,8:2590,composition_required,composition_required,multimodal_needed,Animals pile onto each other on the road.,mbeir_images/cirr_images/dev/dev-356-1-img0.jpg,8:10846,5,49,147,rzen_embed,rzen_embed,gemini_embedding_2,1,0,0,0
2597,8:2598,unresolved,unresolved,multimodal_needed,Target on one more tufted animal resting on rock surface rather making with two.,mbeir_images/cirr_images/dev/dev-203-1-img0.jpg,8:6327,49,46,180,lamra_qwen25vl,qwen3vl8b_vllm,gme_qwen2vl_retriever_2,0,0,0,0
2602,8:2603,unresolved,unresolved,multimodal_needed,Brown dog turns its head slightly to the left.,mbeir_images/cirr_images/dev/dev-280-1-img1.jpg,8:11608,13,24,26,gemini_embedding_2,e5_omni,,0,0,0,0
2604,8:2605,unresolved,unresolved,multimodal_needed,Focus on the upper body and face of the brown dog.,mbeir_images/cirr_images/dev/dev-238-0-img0.jpg,8:4615,103,67,322,qwen3vl8b_vllm,qwen3vl8b_vllm,e5_omni,0,0,0,0
2605,8:2606,composition_required,composition_required,multimodal_needed,Show the animal grazing  on the grass in sunlight.,mbeir_images/cirr_images/dev/dev-203-1-img0.jpg,8:5574,1,12,24,vlm2vec_v2,rzen_embed,,8,0,0,0
2606,8:2607,unresolved,unresolved,multimodal_needed,Show a hint of blue sky to the left.,mbeir_images/cirr_images/dev/dev-203-1-img1.jpg,8:11140,14,3995,13,lamra_qwen25vl,rzen_embed,lamra_qwen25vl,0,0,0,0
2607,8:2608,unresolved,unresolved,multimodal_needed,Gray animal hangs out in the shade.,mbeir_images/cirr_images/dev/dev-158-2-img1.jpg,8:15724,85,124,327,qwen3vl8b_vllm,rzen_embed,,0,0,0,0
2631,8:2632,unresolved,unresolved,multimodal_needed,Dog looks to the right.,mbeir_images/cirr_images/dev/dev-238-1-img0.jpg,8:10584,11,20,37,qwen3vl2b_vllm,mmembed,qwen3vl2b_vllm,0,0,0,0
2632,8:2633,unresolved,unresolved,multimodal_needed,Replace entire content with hippopotamus and its baby in dry forest area.,mbeir_images/cirr_images/dev/dev-203-1-img1.jpg,8:862,18,20,74,gemini_embedding_2,gemini_embedding_2,gemini_embedding_2,0,0,0,0
2640,8:2641,unresolved,unresolved,multimodal_needed,Replace entire content with hyppopotomus in zoo rather in garden region.,mbeir_images/cirr_images/dev/dev-355-2-img0.jpg,8:15724,317,150,934,gme_qwen2vl_retriever_2,mmembed,gemini_embedding_2,0,0,0,0
2661,8:2662,composition_required,composition_required,multimodal_needed,Person stands in front of the dog.,mbeir_images/cirr_images/dev/dev-238-3-img0.jpg,8:8926,2,125,24,lamra_qwen25vl,vlm2vec_v2,qwen3vl2b_vllm,8,0,0,0
2665,8:2666,unresolved,unresolved,multimodal_needed,Shows just the bottom of an assembled saxophone with gold colored finish.,mbeir_images/cirr_images/dev/dev-790-3-img1.jpg,8:773,17,24,47,mmembed,vlm2vec_v2,,0,0,0,0
2677,8:2678,unresolved,unresolved,multimodal_needed,Remove all dogs but two and make them bigger.,mbeir_images/cirr_images/dev/dev-202-3-img1.jpg,8:5028,12,215,99,e5_omni,qwen3vl2b_vllm,e5_omni,0,0,0,0
2686,8:2687,composition_required,composition_required,multimodal_needed,Make the wind instrument in gold and silver.,mbeir_images/cirr_images/dev/dev-204-3-img0.jpg,8:4050,6,26,12,e5_omni,lamra,mmembed,1,0,0,0
2698,8:2699,composition_required,composition_required,multimodal_needed,Make with different sizes drums rather showing foldable bags.,mbeir_images/cirr_images/dev/dev-738-1-img1.jpg,8:2960,4,13,1045,lamra,lamra,vlm2vec_v2,2,0,0,0
2710,8:2711,unresolved,unresolved,multimodal_needed,Show three girls in bikinis in the water.,mbeir_images/cirr_images/dev/dev-324-2-img1.jpg,8:10487,16,15,36,vlm2vec_v2,rzen_embed,gemini_embedding_2,0,0,0,0
2722,8:2723,composition_required,composition_required,multimodal_needed,Fill the glass with dessert and put a spoon next to it.,mbeir_images/cirr_images/dev/dev-240-1-img1.jpg,8:13019,6,11,38,vlm2vec_v2,lamra,,3,0,0,0
2736,8:2737,composition_required,composition_required,multimodal_needed,"Add a bird, change the colors and have them sitting on a branch.",mbeir_images/cirr_images/dev/dev-208-1-img0.jpg,8:3176,3,13,16,lamra,gme_qwen2vl_retriever_2,voyage_multimodal_35,7,0,0,0
2747,8:2748,composition_required,composition_required,multimodal_needed,One bird sits in front of another one standing.,mbeir_images/cirr_images/dev/dev-774-3-img1.jpg,8:12327,2,39,1097,lamra,lamra,gemini_embedding_2,3,0,0,0
2750,8:2751,unresolved,unresolved,multimodal_needed,Horse drawn carriage is in front of the trees.,mbeir_images/cirr_images/dev/dev-865-2-img1.jpg,8:2684,20,14,51,mmembed,e5_omni,mmembed,0,0,0,0
2751,8:2752,unresolved,unresolved,multimodal_needed,One animal rests its head on the body of another.,mbeir_images/cirr_images/dev/dev-701-1-img1.jpg,8:8336,93,198,489,e5_omni,e5_omni,e5_omni,0,0,0,0
2757,8:2758,composition_required,composition_required,multimodal_needed,Show an empty cart.,mbeir_images/cirr_images/dev/dev-209-1-img0.jpg,8:20715,2,13,2809,mmembed,gemini_embedding_2,e5_omni,2,0,0,0
2761,8:2762,composition_required,composition_required,multimodal_needed,Shows a white horse hooked to a wagon in a similar area.,mbeir_images/cirr_images/dev/dev-209-1-img0.jpg,8:2684,4,12,1295,e5_omni,e5_omni,mmembed,2,0,0,0
2766,8:2767,unresolved,unresolved,multimodal_needed,Show single bird eating with foot.,mbeir_images/cirr_images/dev/dev-330-3-img0.jpg,8:4005,25,34,273,e5_omni,e5_omni,e5_omni,0,0,0,0
2778,8:2779,composition_required,composition_required,multimodal_needed,"Change to more warmer color in general, make the animal a dog.",mbeir_images/cirr_images/dev/dev-286-2-img0.jpg,8:458,2,27,24,e5_omni,rzen_embed,lamra_qwen25vl,11,0,0,0
2779,8:2780,unresolved,unresolved,multimodal_needed,Make it raises its head.,mbeir_images/cirr_images/dev/dev-286-2-img0.jpg,8:18674,27,3614,67,voyage_multimodal_35,gemini_embedding_2,vlm2vec_v2,0,0,0,0
2781,8:2782,composition_required,composition_required,multimodal_needed,A bigger pig shot by the same angle but in a different background.,mbeir_images/cirr_images/dev/dev-551-2-img1.jpg,8:3497,9,18,23,e5_omni,e5_omni,e5_omni,1,0,0,0
2783,8:2784,composition_required,composition_required,multimodal_needed,Rejuvenate the dog and let him run towards the camera.,mbeir_images/cirr_images/dev/dev-295-0-img0.jpg,8:2261,1,73,25,qwen3vl8b_vllm,rzen_embed,,7,0,0,0
2785,8:2786,composition_required,composition_required,multimodal_needed,Make it stand on grass and looking at the camera.,mbeir_images/cirr_images/dev/dev-274-3-img0.jpg,8:21092,1,26,20,qwen3vl8b_vllm,lamra,,8,0,0,0
2786,8:2787,unresolved,unresolved,multimodal_needed,There are fewer animals and what is being hunted is a wild boar.,mbeir_images/cirr_images/dev/dev-505-0-img1.jpg,8:513,54,19,333,rzen_embed,lamra,gemini_embedding_2,0,0,0,0
2791,8:2792,unresolved,unresolved,multimodal_needed,"Same environment, some animals but show some rocks along with them.",mbeir_images/cirr_images/dev/dev-505-2-img0.jpg,8:3285,144,59,588,mmembed,lamra_qwen25vl,mmembed,0,0,0,0
2795,8:2796,unresolved,unresolved,multimodal_needed,Colors of the plants more uniform and constructions in the background.,mbeir_images/cirr_images/dev/dev-177-2-img0.jpg,8:3970,18,316,65,gemini_embedding_2,mmembed,qwen3vl8b_vllm,0,0,0,0
2798,8:2799,unresolved,unresolved,multimodal_needed,"Switch to a white design, but similar layout.",mbeir_images/cirr_images/dev/dev-911-3-img1.jpg,8:6663,342,384,663,rzen_embed,voyage_multimodal_35,rzen_embed,0,0,0,0
2799,8:2800,unresolved,unresolved,multimodal_needed,"Change the decoration to modern style with black design, add some people.",mbeir_images/cirr_images/dev/dev-388-3-img1.jpg,8:19294,56,155,2265,vlm2vec_v2,e5_omni,voyage_multimodal_35,0,0,0,0
2800,8:2801,unresolved,unresolved,multimodal_needed,Remove the people and switch to a patterened floor.,mbeir_images/cirr_images/dev/dev-333-0-img0.jpg,8:6663,52,22,1473,rzen_embed,rzen_embed,,0,0,0,0
2814,8:2815,unresolved,unresolved,multimodal_needed,Remove the snow in the picture.,mbeir_images/cirr_images/dev/dev-354-2-img0.jpg,8:15541,300,1070,676,mmembed,,gemini_embedding_2,0,0,0,0
2820,8:2821,composition_required,composition_required,multimodal_needed,Pig darker and seen from below.,mbeir_images/cirr_images/dev/dev-286-3-img0.jpg,8:3497,6,25,12,e5_omni,e5_omni,e5_omni,1,0,0,0
2828,8:2829,composition_required,composition_required,multimodal_needed,A wild pig facing another direction and three small babies under it.,mbeir_images/cirr_images/dev/dev-286-3-img1.jpg,8:15724,5,15,43,gme_qwen2vl_retriever_2,gme_qwen2vl_retriever_2,gemini_embedding_2,3,0,0,0
2835,8:2836,unresolved,unresolved,multimodal_needed,"Remove the snow, change the color of the wolf and have it facing left and looking at the camera.",mbeir_images/cirr_images/dev/dev-726-3-img1.jpg,8:3248,46,93,246,rzen_embed,rzen_embed,vlm2vec_v2,0,0,0,0
2839,8:2840,composition_required,composition_required,multimodal_needed,The same Huskie down walking to another direction in a lake background.,mbeir_images/cirr_images/dev/dev-287-0-img0.jpg,8:5530,3,11,12,lamra,e5_omni,gemini_embedding_2,7,0,0,0
2841,8:2842,unresolved,unresolved,multimodal_needed,A group of Huskie dogs playing together on the snow.,mbeir_images/cirr_images/dev/dev-559-0-img0.jpg,8:19099,15,13,2786,mmembed,voyage_multimodal_35,,0,0,0,0
2859,8:2860,composition_required,composition_required,multimodal_needed,Shows a smaller similar dog sitting at the edge of a garden or yard.,mbeir_images/cirr_images/dev/dev-151-1-img1.jpg,8:16545,5,41,131,qwen3vl8b_vllm,e5_omni,voyage_multimodal_35,4,0,0,0
2860,8:2861,composition_required,composition_required,multimodal_needed,Add a puppy and have them laying in green grass with the adult facing the camera and the puppy looking at the adult.,mbeir_images/cirr_images/dev/dev-210-0-img0.jpg,8:11118,1,11,42,e5_omni,e5_omni,gemini_embedding_2,10,0,0,0
2861,8:2862,composition_required,composition_required,multimodal_needed,"Remove the puppy, change the type of dog and have it laying in the snow.",mbeir_images/cirr_images/dev/dev-982-1-img1.jpg,8:13059,3,18,356,gme_qwen2vl_retriever_2,e5_omni,gemini_embedding_2,6,0,0,0
2865,8:2866,composition_required,composition_required,multimodal_needed,"Make the dog lie down,  make the fur longer and add a baby puppy next to it. Remove rock from bakground.",mbeir_images/cirr_images/dev/dev-287-3-img1.jpg,8:11118,7,11,78,gemini_embedding_2,gemini_embedding_2,gemini_embedding_2,4,0,0,0
2871,8:2872,unresolved,unresolved,multimodal_needed,"Smaller and darker dog, zoom in on the dog.",mbeir_images/cirr_images/dev/dev-288-1-img1.jpg,8:9074,126,11,297,qwen3vl2b_vllm,gemini_embedding_2,qwen3vl2b_vllm,0,0,0,0
2874,8:2875,composition_required,composition_required,multimodal_needed,Shows a dog of the same breed and fur color walking through a grassy area.,mbeir_images/cirr_images/dev/dev-615-1-img0.jpg,8:5496,10,104,65,lamra_qwen25vl,gemini_embedding_2,voyage_multimodal_35,1,0,0,0
2876,8:2877,composition_required,composition_required,multimodal_needed,Put a lime green collar on the dog looking to the right.,mbeir_images/cirr_images/dev/dev-288-2-img1.jpg,8:10427,3,13,32,gemini_embedding_2,gemini_embedding_2,rzen_embed,3,0,0,0
2877,8:2878,composition_required,composition_required,multimodal_needed,Show the dog looking straight ahead on the grass.,mbeir_images/cirr_images/dev/dev-615-1-img1.jpg,8:18463,4,28,21,qwen3vl8b_vllm,voyage_multimodal_35,e5_omni,6,0,0,0
2879,8:2880,composition_required,composition_required,multimodal_needed,There is one less dog and he has a raised paw.,mbeir_images/cirr_images/dev/dev-288-2-img0.jpg,8:5496,3,36,69,rzen_embed,rzen_embed,,4,0,0,0
2880,8:2881,unresolved,unresolved,multimodal_needed,"There is one less dog, he is smaller and wears a collar.",mbeir_images/cirr_images/dev/dev-288-2-img0.jpg,8:11695,11,336,38,qwen3vl2b_vllm,voyage_multimodal_35,,0,0,0,0
2881,8:2882,composition_required,composition_required,multimodal_needed,Put a green collar on the brown dog.,mbeir_images/cirr_images/dev/dev-288-2-img0.jpg,8:10427,2,15,29,qwen3vl8b_vllm,rzen_embed,qwen3vl2b_vllm,5,0,0,0
2897,8:2898,unresolved,unresolved,multimodal_needed,Two of the seals are missing and the background water is blurred.,mbeir_images/cirr_images/dev/dev-799-2-img1.jpg,8:2496,13,101,14,mmembed,gemini_embedding_2,mmembed,0,0,0,0
2911,8:2912,unresolved,unresolved,multimodal_needed,Three less dogs and one in black and white.,mbeir_images/cirr_images/dev/dev-293-3-img0.jpg,8:12602,24,143,131,qwen3vl2b_vllm,vlm2vec_v2,qwen3vl8b_vllm,0,0,0,0
2912,8:2913,composition_required,composition_required,multimodal_needed,Show a single dog.,mbeir_images/cirr_images/dev/dev-293-3-img0.jpg,8:16254,4,60,62,voyage_multimodal_35,,qwen3vl2b_vllm,6,0,0,0
2913,8:2914,composition_required,composition_required,multimodal_needed,Shows a single dog sitting face-on looking up.,mbeir_images/cirr_images/dev/dev-293-3-img1.jpg,8:4501,1,118,15,lamra_qwen25vl,lamra_qwen25vl,rzen_embed,8,0,0,0
2931,8:2932,composition_required,composition_required,multimodal_needed,The dog is lighter and is sitting with his head tilted to the right.,mbeir_images/cirr_images/dev/dev-559-2-img1.jpg,8:15594,7,30,52,gemini_embedding_2,gme_qwen2vl_retriever_2,qwen3vl8b_vllm,2,0,0,0
2932,8:2933,composition_required,composition_required,multimodal_needed,The dog is darker and is lying on the concrete.,mbeir_images/cirr_images/dev/dev-295-2-img0.jpg,8:19572,1,32,17,e5_omni,lamra,,11,0,0,0
2936,8:2937,composition_required,composition_required,multimodal_needed,Dog with the body more turned to the right and standing on a lawn.,mbeir_images/cirr_images/dev/dev-254-2-img0.jpg,8:4513,1,40,23,gme_qwen2vl_retriever_2,e5_omni,lamra_qwen25vl,9,0,0,0
2937,8:2938,composition_required,composition_required,multimodal_needed,A dog laying down on the ground and grass behind.,mbeir_images/cirr_images/dev/dev-786-1-img1.jpg,8:19572,1,32,30,rzen_embed,lamra,,11,0,0,0
2938,8:2939,composition_required,composition_required,multimodal_needed,The same dog standing up on the grass and facing another direction.,mbeir_images/cirr_images/dev/dev-295-0-img0.jpg,8:4724,2,13,19,mmembed,rzen_embed,,10,0,0,0
2940,8:2941,unresolved,unresolved,multimodal_needed,Add a grass background and the dog looking up.,mbeir_images/cirr_images/dev/dev-295-0-img1.jpg,8:1824,30,623,21,voyage_multimodal_35,gme_qwen2vl_retriever_2,qwen3vl2b_vllm,0,0,0,0
2942,8:2943,composition_required,composition_required,multimodal_needed,Make the dog l lye down and look to right.,mbeir_images/cirr_images/dev/dev-295-3-img0.jpg,8:19572,1,13,19,lamra,lamra,,10,0,0,0
2943,8:2944,composition_required,composition_required,multimodal_needed,The dog is almost completely turned to the left and the grass lighter.,mbeir_images/cirr_images/dev/dev-295-3-img0.jpg,8:4724,2,11,14,voyage_multimodal_35,vlm2vec_v2,voyage_multimodal_35,3,0,0,0
2944,8:2945,unresolved,unresolved,multimodal_needed,There is a table per chair and they are in a covered environment.,mbeir_images/cirr_images/dev/dev-296-1-img0.jpg,8:13639,69,30,243,rzen_embed,rzen_embed,vlm2vec_v2,0,0,0,0
2950,8:2951,unresolved,unresolved,multimodal_needed,Make the landscape interior.,mbeir_images/cirr_images/dev/dev-296-1-img0.jpg,8:6786,107,338,117,gemini_embedding_2,lamra,,0,0,0,0
2952,8:2953,unresolved,unresolved,multimodal_needed,One less dog being held by woman.,mbeir_images/cirr_images/dev/dev-297-0-img0.jpg,8:1045,15,11,2000,gme_qwen2vl_retriever_2,voyage_multimodal_35,qwen3vl2b_vllm,0,0,0,0
2966,8:2967,composition_required,composition_required,multimodal_needed,The dog is darker and has a hand touching it.,mbeir_images/cirr_images/dev/dev-532-3-img0.jpg,8:3821,6,80,105,qwen3vl2b_vllm,qwen3vl2b_vllm,mmembed,3,0,0,0
2967,8:2968,composition_required,composition_required,multimodal_needed,Larger dog and zoom in the face.,mbeir_images/cirr_images/dev/dev-297-1-img1.jpg,8:19775,5,190,27,lamra,vlm2vec_v2,voyage_multimodal_35,2,0,0,0
2975,8:2976,unresolved,unresolved,multimodal_needed,The dog has a smaller head and is being carried by a woman in white clothes.,mbeir_images/cirr_images/dev/dev-532-1-img1.jpg,8:7822,11,11,159,gme_qwen2vl_retriever_2,e5_omni,gme_qwen2vl_retriever_2,0,0,0,0
2980,8:2981,composition_required,composition_required,multimodal_needed,Narrower rack with objects missing.,mbeir_images/cirr_images/dev/dev-678-1-img0.jpg,8:14578,4,13,18,e5_omni,e5_omni,qwen3vl8b_vllm,3,0,0,0
2984,8:2985,unresolved,unresolved,multimodal_needed,A different type of stairs and shot by another angle.,mbeir_images/cirr_images/dev/dev-226-2-img0.jpg,8:10008,13,27,14,vlm2vec_v2,lamra,vlm2vec_v2,0,0,0,0
2991,8:2992,composition_required,composition_required,multimodal_needed,Zoom in closer and change the grass to rocks.,mbeir_images/cirr_images/dev/dev-302-3-img1.jpg,8:18586,1,125,23,e5_omni,rzen_embed,,11,0,0,0
3003,8:3004,unresolved,unresolved,multimodal_needed,One more and smaller dogs.,mbeir_images/cirr_images/dev/dev-99-2-img0.jpg,8:21511,15,257,264,mmembed,qwen3vl8b_vllm,gemini_embedding_2,0,0,0,0
3010,8:3011,composition_required,composition_required,multimodal_needed,Two dogs sitting together and facing the camera.,mbeir_images/cirr_images/dev/dev-245-0-img0.jpg,8:20706,9,36,77,gme_qwen2vl_retriever_2,lamra,gemini_embedding_2,2,0,0,0
3021,8:3022,unresolved,unresolved,multimodal_needed,There is only one bookcase and the books are at the top.,mbeir_images/cirr_images/dev/dev-338-0-img1.jpg,8:15731,153,229,105,,qwen3vl2b_vllm,vlm2vec_v2,0,0,0,0
3024,8:3025,unresolved,unresolved,multimodal_needed,A entire with shelfs full of books and a table under it.,mbeir_images/cirr_images/dev/dev-304-2-img0.jpg,8:9632,16,156,22,lamra,gemini_embedding_2,lamra,0,0,0,0
3031,8:3032,composition_required,composition_required,multimodal_needed,Most distant animal on two legs.,mbeir_images/cirr_images/dev/dev-305-1-img1.jpg,8:21337,1,76,24,gemini_embedding_2,mmembed,gemini_embedding_2,7,0,0,0
3040,8:3041,composition_required,composition_required,multimodal_needed,Add a lot more people looking at someone and more color to clothes.,mbeir_images/cirr_images/dev/dev-489-0-img1.jpg,8:1121,9,51,32,lamra,lamra,lamra,2,0,0,0
3047,8:3048,unresolved,unresolved,multimodal_needed,Hyena and not leopard  attacking its prey.,mbeir_images/cirr_images/dev/dev-309-0-img0.jpg,8:2706,28,14,21,gemini_embedding_2,gemini_embedding_2,gemini_embedding_2,0,0,0,0
3052,8:3053,unresolved,unresolved,multimodal_needed,"2 more of different type of animal, attacking prey.",mbeir_images/cirr_images/dev/dev-359-1-img0.jpg,8:10428,45,17,947,mmembed,voyage_multimodal_35,,0,0,0,0
3061,8:3062,unresolved,unresolved,multimodal_needed,Make the dog bigger and remove the black background.,mbeir_images/cirr_images/dev/dev-603-3-img1.jpg,8:11717,356,984,334,,mmembed,,0,0,0,0
3063,8:3064,unresolved,unresolved,multimodal_needed,Take the picture closer and remove the person.,mbeir_images/cirr_images/dev/dev-311-3-img1.jpg,8:4757,71,312,217,lamra,voyage_multimodal_35,vlm2vec_v2,0,0,0,0
3068,8:3069,unresolved,unresolved,multimodal_needed,Larger dog and lying on the grass.,mbeir_images/cirr_images/dev/dev-461-3-img1.jpg,8:18075,12,16,491,e5_omni,gme_qwen2vl_retriever_2,e5_omni,0,0,0,0
3069,8:3070,unresolved,unresolved,multimodal_needed,Zoom on the dog's face and more blurred background.,mbeir_images/cirr_images/dev/dev-144-0-img1.jpg,8:7985,77,18,291,gme_qwen2vl_retriever_2,gme_qwen2vl_retriever_2,gemini_embedding_2,0,0,0,0
3073,8:3074,unresolved,unresolved,multimodal_needed,Larger dog and lying with its paws forward.,mbeir_images/cirr_images/dev/dev-311-2-img0.jpg,8:18075,45,49,162,mmembed,rzen_embed,gemini_embedding_2,0,0,0,0
3074,8:3075,composition_required,composition_required,multimodal_needed,Larger and darker dog and zoom in the face.,mbeir_images/cirr_images/dev/dev-311-2-img0.jpg,8:7985,10,82,228,lamra_qwen25vl,rzen_embed,gemini_embedding_2,1,0,0,0
3075,8:3076,composition_required,composition_required,multimodal_needed,Larger dog and lying on a sofa.,mbeir_images/cirr_images/dev/dev-311-2-img0.jpg,8:12216,10,33,425,mmembed,gemini_embedding_2,qwen3vl8b_vllm,1,0,0,0
3079,8:3080,unresolved,unresolved,multimodal_needed,The same dog barking and running to another direction.,mbeir_images/cirr_images/dev/dev-713-2-img1.jpg,8:3118,24,18,53,lamra,lamra,lamra,0,0,0,0
3082,8:3083,unresolved,unresolved,multimodal_needed,Shows the dog raised and full body.,mbeir_images/cirr_images/dev/dev-311-3-img0.jpg,8:9173,11,24,19,mmembed,voyage_multimodal_35,mmembed,0,0,0,0
3083,8:3084,unresolved,unresolved,multimodal_needed,Show the whole dog looking to the right.,mbeir_images/cirr_images/dev/dev-311-3-img0.jpg,8:18390,209,370,42,gme_qwen2vl_retriever_2,voyage_multimodal_35,gme_qwen2vl_retriever_2,0,0,0,0
3087,8:3088,unresolved,unresolved,multimodal_needed,Only engines and not train with engine.,mbeir_images/cirr_images/dev/dev-313-1-img0.jpg,8:6837,37,20,108,lamra_qwen25vl,vlm2vec_v2,,0,0,0,0
3127,8:3128,unresolved,unresolved,multimodal_needed,A dog laying down on the ground with a gum on its side.,mbeir_images/cirr_images/dev/dev-774-2-img0.jpg,8:16662,147,195,938,qwen3vl2b_vllm,rzen_embed,qwen3vl2b_vllm,0,0,0,0
3130,8:3131,composition_required,composition_required,multimodal_needed,Zoom in on the dog and he is looking at the camera.,mbeir_images/cirr_images/dev/dev-315-2-img1.jpg,8:18463,1,386,11,lamra,e5_omni,,5,0,0,0
3143,8:3144,unresolved,unresolved,multimodal_needed,Cat removed and dog sitting with mouth closed.,mbeir_images/cirr_images/dev/dev-460-3-img1.jpg,8:6532,172,136,465,vlm2vec_v2,voyage_multimodal_35,gemini_embedding_2,0,0,0,0
3144,8:3145,composition_required,composition_required,multimodal_needed,Dog turned to the left and grass in the background.,mbeir_images/cirr_images/dev/dev-146-2-img1.jpg,8:10146,7,332,19,qwen3vl8b_vllm,qwen3vl8b_vllm,lamra,2,0,0,0
3145,8:3146,composition_required,composition_required,multimodal_needed,Smaller dog and camera right in front of him.,mbeir_images/cirr_images/dev/dev-978-2-img0.jpg,8:13123,5,48,62,lamra,voyage_multimodal_35,mmembed,2,0,0,0
3148,8:3149,composition_required,composition_required,multimodal_needed,"Rabbit removed, dog clearer and sitting with his mouth closed.",mbeir_images/cirr_images/dev/dev-318-0-img1.jpg,8:6532,8,53,36,qwen3vl2b_vllm,e5_omni,qwen3vl2b_vllm,1,0,0,0
3149,8:3150,unresolved,unresolved,multimodal_needed,"Rabbit removed, dog lighter and turned to the left.",mbeir_images/cirr_images/dev/dev-318-0-img1.jpg,8:10146,211,262,571,qwen3vl2b_vllm,gemini_embedding_2,qwen3vl2b_vllm,0,0,0,0
3150,8:3151,composition_required,composition_required,multimodal_needed,"Rabbit removed, lighter dog and sitting with mouth open.",mbeir_images/cirr_images/dev/dev-318-0-img1.jpg,8:13123,1,17,46,qwen3vl2b_vllm,gme_qwen2vl_retriever_2,e5_omni,8,0,0,0
3154,8:3155,unresolved,unresolved,multimodal_needed,Different race and only one dog. Another angle too.,mbeir_images/cirr_images/dev/dev-775-0-img1.jpg,8:10289,261,1631,922,mmembed,mmembed,mmembed,0,0,0,0
3155,8:3156,composition_required,composition_required,multimodal_needed,Add man's hand and focused on the dog face.,mbeir_images/cirr_images/dev/dev-318-3-img0.jpg,8:8423,1,11,112,gme_qwen2vl_retriever_2,rzen_embed,,8,0,0,0
3157,8:3158,composition_required,composition_required,multimodal_needed,The same dog laying down on the floor in front of a house and facing another direction.,mbeir_images/cirr_images/dev/dev-318-1-img0.jpg,8:18796,1,57,78,lamra_qwen25vl,lamra,gemini_embedding_2,8,0,0,0
3158,8:3159,unresolved,unresolved,multimodal_needed,A big dog laying down on the floor and a puppy dog on its side looking to it.,mbeir_images/cirr_images/dev/dev-318-1-img0.jpg,8:3058,12,12,278,rzen_embed,rzen_embed,mmembed,0,0,0,0
3164,8:3165,composition_required,composition_required,multimodal_needed,Dog more opaque and biting something on the lawn.,mbeir_images/cirr_images/dev/dev-101-2-img1.jpg,8:6437,1,36,12,gme_qwen2vl_retriever_2,gemini_embedding_2,lamra,10,0,0,0
3165,8:3166,unresolved,unresolved,multimodal_needed,Dog more distant and sleeping with his face to the side.,mbeir_images/cirr_images/dev/dev-191-0-img0.jpg,8:17674,19,13,198,mmembed,gme_qwen2vl_retriever_2,gemini_embedding_2,0,0,0,0
3172,8:3173,unresolved,unresolved,multimodal_needed,Have the dog older and standing up outside in the grass with its mouth open.,mbeir_images/cirr_images/dev/dev-318-0-img0.jpg,8:18848,15,36,330,voyage_multimodal_35,gemini_embedding_2,voyage_multimodal_35,0,0,0,0
3173,8:3174,composition_required,composition_required,multimodal_needed,Have the dog younger and propped on something looking left.,mbeir_images/cirr_images/dev/dev-585-3-img1.jpg,8:20305,4,46,139,qwen3vl8b_vllm,gemini_embedding_2,qwen3vl8b_vllm,1,0,0,0
3177,8:3178,unresolved,unresolved,multimodal_needed,Profile of dog that is outside in green grass.,mbeir_images/cirr_images/dev/dev-318-2-img0.jpg,8:18848,168,317,946,voyage_multimodal_35,gemini_embedding_2,mmembed,0,0,0,0
3181,8:3182,composition_required,composition_required,multimodal_needed,Dog sitting on green grass not sleeping.,mbeir_images/cirr_images/dev/dev-318-1-img0.jpg,8:15922,8,42,161,vlm2vec_v2,e5_omni,qwen3vl8b_vllm,2,0,0,0
3182,8:3183,unresolved,unresolved,multimodal_needed,Dog of different breed sitting on iron sheet not on grass.,mbeir_images/cirr_images/dev/dev-823-2-img0.jpg,8:5803,38,52,418,gemini_embedding_2,gemini_embedding_2,mmembed,0,0,0,0
3183,8:3184,unresolved,unresolved,multimodal_needed,A dog sleeping and not sitting on iron sheet.,mbeir_images/cirr_images/dev/dev-552-1-img1.jpg,8:10289,15,57,210,lamra_qwen25vl,qwen3vl8b_vllm,lamra_qwen25vl,0,0,0,0
3188,8:3189,composition_required,composition_required,multimodal_needed,Dogs along with a bird and not cat with animal babies.,mbeir_images/cirr_images/dev/dev-398-1-img0.jpg,8:3398,3,15,324,gemini_embedding_2,gemini_embedding_2,gemini_embedding_2,1,0,0,0
3189,8:3190,unresolved,unresolved,multimodal_needed,Dog is sleeping soundly on bed.,mbeir_images/cirr_images/dev/dev-869-0-img0.jpg,8:18531,87,45,766,qwen3vl2b_vllm,lamra,e5_omni,0,0,0,0
3193,8:3194,unresolved,unresolved,multimodal_needed,Change the breeds and have the puppy laying and sleeping on the side of the large dog.,mbeir_images/cirr_images/dev/dev-319-0-img0.jpg,8:3398,60,148,24,gme_qwen2vl_retriever_2,gme_qwen2vl_retriever_2,lamra,0,0,0,0
3197,8:3198,unresolved,unresolved,multimodal_needed,Two pictures of the same dog in different positions and facing the same direction.,mbeir_images/cirr_images/dev/dev-303-3-img1.jpg,8:21341,18,13,185,lamra,vlm2vec_v2,mmembed,0,0,0,0
3201,8:3202,unresolved,unresolved,multimodal_needed,Make the dog a baby and curled up on the floor.,mbeir_images/cirr_images/dev/dev-258-1-img1.jpg,8:13553,57,15,1959,mmembed,e5_omni,gemini_embedding_2,0,0,0,0
3202,8:3203,unresolved,unresolved,multimodal_needed,One more dog and both facing right.,mbeir_images/cirr_images/dev/dev-319-1-img0.jpg,8:21341,123,90,215,lamra_qwen25vl,lamra,mmembed,0,0,0,0
3213,8:3214,unresolved,unresolved,multimodal_needed,Take side angle view on country dog with close up coverage showing its sharp teeth in grass ground.,mbeir_images/cirr_images/dev/dev-319-1-img1.jpg,8:11075,81,25,1531,lamra_qwen25vl,lamra_qwen25vl,,0,0,0,0
3227,8:3228,composition_required,composition_required,multimodal_needed,Closer shot of the dog with a cloth under its chin.,mbeir_images/cirr_images/dev/dev-319-0-img1.jpg,8:4722,8,35,12,lamra_qwen25vl,voyage_multimodal_35,,1,0,0,0
3239,8:3240,unresolved,unresolved,multimodal_needed,Remove the man and add a hyena.,mbeir_images/cirr_images/dev/dev-320-1-img0.jpg,8:2639,25,62,51,lamra,vlm2vec_v2,gemini_embedding_2,0,0,0,0
3253,8:3254,unresolved,unresolved,multimodal_needed,Make car with side angle view with sunshine effect rather making with group.,mbeir_images/cirr_images/dev/dev-321-2-img1.jpg,8:14645,54,14,127,lamra_qwen25vl,lamra,,0,0,0,0
3261,8:3262,unresolved,unresolved,multimodal_needed,The color of the car has changed from blue to red and it is a more closer shot.,mbeir_images/cirr_images/dev/dev-321-3-img0.jpg,8:11802,12,16,26,gemini_embedding_2,gemini_embedding_2,gemini_embedding_2,0,0,0,0
3264,8:3265,composition_required,composition_required,multimodal_needed,"Remove food bowl, make dog lie down and sleep.",mbeir_images/cirr_images/dev/dev-629-3-img1.jpg,8:10289,1,44,62,lamra,voyage_multimodal_35,qwen3vl8b_vllm,10,0,0,0
3267,8:3268,unresolved,unresolved,multimodal_needed,Change the type of dogs and have them outside in the grass.,mbeir_images/cirr_images/dev/dev-687-0-img1.jpg,8:4534,18,26,101,lamra_qwen25vl,e5_omni,lamra_qwen25vl,0,0,0,0
3272,8:3273,unresolved,unresolved,multimodal_needed,The main focus is on the face of the dog and the white line between the eyes is missing.,mbeir_images/cirr_images/dev/dev-323-2-img0.jpg,8:19986,174,43,195,voyage_multimodal_35,vlm2vec_v2,,0,0,0,0
3273,8:3274,unresolved,unresolved,multimodal_needed,The main color of the face has changed from brown to white.,mbeir_images/cirr_images/dev/dev-501-3-img1.jpg,8:9760,25,349,31,mmembed,gme_qwen2vl_retriever_2,mmembed,0,0,0,0
3275,8:3276,unresolved,unresolved,multimodal_needed,"Dog has lighter fur, is further from camera sitting in green grass.",mbeir_images/cirr_images/dev/dev-565-0-img0.jpg,8:18796,13,12,70,lamra_qwen25vl,rzen_embed,vlm2vec_v2,0,0,0,0
3276,8:3277,unresolved,unresolved,multimodal_needed,"One additional dog, different breed sitting on tile floor.",mbeir_images/cirr_images/dev/dev-836-2-img0.jpg,8:15481,32,16,1746,lamra,lamra,gemini_embedding_2,0,0,0,0
3280,8:3281,composition_required,composition_required,multimodal_needed,Lighter dog and lying on the grass.,mbeir_images/cirr_images/dev/dev-323-2-img0.jpg,8:18796,1,16,43,voyage_multimodal_35,rzen_embed,gemini_embedding_2,11,0,0,0
3291,8:3292,unresolved,unresolved,multimodal_needed,Hamster more listening and closer to the camera with four paws on the floor.,mbeir_images/cirr_images/dev/dev-32-1-img0.jpg,8:19284,97,68,137,lamra_qwen25vl,qwen3vl8b_vllm,e5_omni,0,0,0,0
3293,8:3294,unresolved,unresolved,multimodal_needed,Leave only two people working at sea.,mbeir_images/cirr_images/dev/dev-80-1-img1.jpg,8:7524,26,1949,71,voyage_multimodal_35,rzen_embed,,0,0,0,0
3296,8:3297,unresolved,unresolved,multimodal_needed,Two squirrels turned to one and closer shot.,mbeir_images/cirr_images/dev/dev-32-3-img0.jpg,8:19284,145,306,167,mmembed,qwen3vl2b_vllm,e5_omni,0,0,0,0
3297,8:3298,composition_required,composition_required,multimodal_needed,Two squirrels turned to one brown and white squirrel looking in front.,mbeir_images/cirr_images/dev/dev-32-3-img0.jpg,8:7886,8,58,21,gemini_embedding_2,gme_qwen2vl_retriever_2,rzen_embed,1,0,0,0
3319,8:3320,composition_required,composition_required,multimodal_needed,One of the dogs is missing and there is a man at the back.,mbeir_images/cirr_images/dev/dev-326-0-img0.jpg,8:18995,4,755,35,mmembed,gemini_embedding_2,rzen_embed,8,0,0,0
3324,8:3325,composition_required,composition_required,multimodal_needed,Two less dogs and a sled being pulled.,mbeir_images/cirr_images/dev/dev-326-3-img0.jpg,8:18995,1,94,56,gme_qwen2vl_retriever_2,mmembed,gemini_embedding_2,9,0,0,0
3339,8:3340,unresolved,unresolved,multimodal_needed,Stay away from gorillas and have them surrounded by plants.,mbeir_images/cirr_images/dev/dev-327-2-img0.jpg,8:2522,15,67,37,voyage_multimodal_35,lamra_qwen25vl,voyage_multimodal_35,0,0,0,0
3346,8:3347,composition_required,composition_required,multimodal_needed,Another angle and focused on gorilla's body.,mbeir_images/cirr_images/dev/dev-105-1-img1.jpg,8:14047,6,13,13,gemini_embedding_2,gemini_embedding_2,gemini_embedding_2,1,0,0,0
3350,8:3351,unresolved,unresolved,multimodal_needed,There is an addition of a new panda and it is a more closer shot.,mbeir_images/cirr_images/dev/dev-230-1-img0.jpg,8:10051,47,24,57,lamra,qwen3vl2b_vllm,gme_qwen2vl_retriever_2,0,0,0,0
3355,8:3356,composition_required,composition_required,multimodal_needed,Remove the puppy and make the monkey sit with one hand on the floor.,mbeir_images/cirr_images/dev/dev-327-1-img0.jpg,8:7754,1,27,20,gme_qwen2vl_retriever_2,lamra,e5_omni,10,0,0,0
3365,8:3366,composition_required,composition_required,multimodal_needed,Make him sit sideways and face the camera confused.,mbeir_images/cirr_images/dev/dev-327-3-img1.jpg,8:14152,10,45,16,voyage_multimodal_35,voyage_multimodal_35,gemini_embedding_2,1,0,0,0
3377,8:3378,unresolved,unresolved,multimodal_needed,Make the train face right looking.,mbeir_images/cirr_images/dev/dev-425-3-img1.jpg,8:3092,15,14,27,vlm2vec_v2,rzen_embed,lamra,0,0,0,0
3378,8:3379,unresolved,unresolved,multimodal_needed,Make the train leave the station.,mbeir_images/cirr_images/dev/dev-434-3-img0.jpg,8:8402,21,14,46,lamra_qwen25vl,lamra,gme_qwen2vl_retriever_2,0,0,0,0
3392,8:3393,composition_required,composition_required,multimodal_needed,Put it upside down playing with food.,mbeir_images/cirr_images/dev/dev-329-0-img0.jpg,8:1248,3,195,46,qwen3vl8b_vllm,e5_omni,,5,0,0,0
3398,8:3399,unresolved,unresolved,multimodal_needed,Two pandas have become one.,mbeir_images/cirr_images/dev/dev-35-1-img1.jpg,8:18573,89,135,45,gemini_embedding_2,e5_omni,gemini_embedding_2,0,0,0,0
3402,8:3403,composition_required,composition_required,multimodal_needed,Number of dogs reduced to one with the focus on the face alone.,mbeir_images/cirr_images/dev/dev-360-0-img0.jpg,8:4940,9,78,47,vlm2vec_v2,mmembed,gemini_embedding_2,1,0,0,0
3415,8:3416,unresolved,unresolved,multimodal_needed,White bird glides across the blue water.,mbeir_images/cirr_images/dev/dev-330-2-img0.jpg,8:1572,11,14,35,mmembed,gme_qwen2vl_retriever_2,,0,0,0,0
3420,8:3421,composition_required,composition_required,multimodal_needed,Change one palican with a bottle for three of them.,mbeir_images/cirr_images/dev/dev-98-2-img0.jpg,8:9759,2,14,84,qwen3vl2b_vllm,gemini_embedding_2,gemini_embedding_2,5,0,0,0
3421,8:3422,composition_required,composition_required,multimodal_needed,Change the background from water for a forest.,mbeir_images/cirr_images/dev/dev-157-3-img0.jpg,8:18749,1,202,87,lamra_qwen25vl,rzen_embed,lamra_qwen25vl,7,0,0,0
3436,8:3437,composition_required,composition_required,multimodal_needed,Only one dog with tongue out and red charm on collar.,mbeir_images/cirr_images/dev/dev-360-3-img0.jpg,8:4231,2,132,11,rzen_embed,gemini_embedding_2,gemini_embedding_2,5,0,0,0
3441,8:3442,composition_required,composition_required,multimodal_needed,Three dogs have become one and many objects have come around it.,mbeir_images/cirr_images/dev/dev-360-3-img0.jpg,8:9745,2,14,21,lamra,lamra,gemini_embedding_2,2,0,0,0
3448,8:3449,unresolved,unresolved,multimodal_needed,"Turn the pelican into a duck, give him a partner and have them look to the left.",mbeir_images/cirr_images/dev/dev-809-3-img0.jpg,8:16569,29,12,261,voyage_multimodal_35,mmembed,vlm2vec_v2,0,0,0,0
3450,8:3451,unresolved,unresolved,multimodal_needed,The syringe has changed to a test tube.,mbeir_images/cirr_images/dev/dev-1047-3-img1.jpg,8:17944,24,16,138,gemini_embedding_2,gemini_embedding_2,gemini_embedding_2,0,0,0,0
3452,8:3453,unresolved,unresolved,multimodal_needed,Make us see half the person's body.,mbeir_images/cirr_images/dev/dev-36-0-img1.jpg,8:8236,143,21,235,gemini_embedding_2,voyage_multimodal_35,mmembed,0,0,0,0
3454,8:3455,composition_required,composition_required,multimodal_needed,Keep the dog still and add a loving friend.,mbeir_images/cirr_images/dev/dev-130-0-img0.jpg,8:4534,2,170,87,lamra,lamra,lamra,2,0,0,0
3466,8:3467,unresolved,unresolved,multimodal_needed,Move away from the image so that we can see the whole animal and show two more.,mbeir_images/cirr_images/dev/dev-330-1-img1.jpg,8:10982,34,157,164,lamra,rzen_embed,rzen_embed,0,0,0,0
3470,8:3471,composition_required,composition_required,multimodal_needed,Remove one bird and the water.,mbeir_images/cirr_images/dev/dev-161-1-img0.jpg,8:16752,7,44,60,gme_qwen2vl_retriever_2,lamra,gemini_embedding_2,2,0,0,0
3472,8:3473,unresolved,unresolved,multimodal_needed,"Person is doing a different action, is preparing a syringe.",mbeir_images/cirr_images/dev/dev-510-2-img0.jpg,8:3475,22,13,699,e5_omni,e5_omni,mmembed,0,0,0,0
3481,8:3482,unresolved,unresolved,multimodal_needed,"Remove 3 Gose, replace ground with water.",mbeir_images/cirr_images/dev/dev-362-1-img1.jpg,8:12959,25,14,121,gme_qwen2vl_retriever_2,qwen3vl8b_vllm,gemini_embedding_2,0,0,0,0
3486,8:3487,composition_required,composition_required,multimodal_needed,Make with group of ducks in grassy garden area rather making one in outdoors.,mbeir_images/cirr_images/dev/dev-352-0-img0.jpg,8:7734,2,44,29,qwen3vl8b_vllm,gme_qwen2vl_retriever_2,lamra_qwen25vl,4,0,0,0
3510,8:3511,unresolved,unresolved,multimodal_needed,One bird has become two and the cow is missing.,mbeir_images/cirr_images/dev/dev-473-2-img0.jpg,8:16007,13,105,32,mmembed,lamra,mmembed,0,0,0,0
3514,8:3515,composition_required,composition_required,multimodal_needed,Make a close shot on sea organism with blue effect instead making with dolphins.,mbeir_images/cirr_images/dev/dev-362-1-img0.jpg,8:15752,9,11,4512,mmembed,mmembed,mmembed,1,0,0,0
3515,8:3516,unresolved,unresolved,multimodal_needed,Target on group of ducks in sea shore rather making with sea organism.,mbeir_images/cirr_images/dev/dev-24-3-img0.jpg,8:12662,26,14,1162,qwen3vl2b_vllm,qwen3vl2b_vllm,mmembed,0,0,0,0
3517,8:3518,unresolved,unresolved,multimodal_needed,Replace the group of ducks near sea shore with large white obstacles in sea shore.,mbeir_images/cirr_images/dev/dev-362-3-img1.jpg,8:3970,25,16,751,rzen_embed,mmembed,rzen_embed,0,0,0,0
3525,8:3526,composition_required,composition_required,multimodal_needed,One less syringe and she has the needle unhooked.,mbeir_images/cirr_images/dev/dev-36-2-img1.jpg,8:8595,3,55,18,lamra,lamra,lamra,2,0,0,0
3532,8:3533,unresolved,unresolved,multimodal_needed,Add hyena sideways in the foreground.,mbeir_images/cirr_images/dev/dev-421-1-img0.jpg,8:5594,248,384,211,gme_qwen2vl_retriever_2,vlm2vec_v2,gme_qwen2vl_retriever_2,0,0,0,0
3533,8:3534,unresolved,unresolved,multimodal_needed,Make volture colour grey and black.,mbeir_images/cirr_images/dev/dev-547-3-img0.jpg,8:558,18,301,31,mmembed,gemini_embedding_2,mmembed,0,0,0,0
3538,8:3539,unresolved,unresolved,multimodal_needed,Shows a group of animals feeding.,mbeir_images/cirr_images/dev/dev-957-0-img1.jpg,8:20585,18,28,569,lamra,gme_qwen2vl_retriever_2,lamra,0,0,0,0
3544,8:3545,unresolved,unresolved,multimodal_needed,Birds changed into deer and many other animals in background.,mbeir_images/cirr_images/dev/dev-363-0-img1.jpg,8:17671,45,31,165,mmembed,mmembed,mmembed,0,0,0,0
3548,8:3549,unresolved,unresolved,multimodal_needed,Monkey in a different background without rocks.,mbeir_images/cirr_images/dev/dev-363-1-img0.jpg,8:10792,200,194,557,mmembed,mmembed,gme_qwen2vl_retriever_2,0,0,0,0
3562,8:3563,unresolved,unresolved,multimodal_needed,The black bird had changed to a colorful parrot.,mbeir_images/cirr_images/dev/dev-363-2-img1.jpg,8:7497,22,41,351,gemini_embedding_2,vlm2vec_v2,,0,0,0,0
3563,8:3564,composition_required,composition_required,multimodal_needed,Remove the wooden spoon and make the plate look whole from the front without shadows.,mbeir_images/cirr_images/dev/dev-332-1-img0.jpg,8:7146,3,28,11,lamra,lamra_qwen25vl,gemini_embedding_2,8,0,0,0
3571,8:3572,composition_required,composition_required,multimodal_needed,"Remove one bird, change the breed and have it standing on the end of foliage.",mbeir_images/cirr_images/dev/dev-363-2-img0.jpg,8:7497,10,34,81,lamra_qwen25vl,vlm2vec_v2,e5_omni,1,0,0,0
3581,8:3582,composition_required,composition_required,multimodal_needed,"Remove the wood, add one bird and change the breed.",mbeir_images/cirr_images/dev/dev-112-2-img0.jpg,8:11987,4,32,37,gme_qwen2vl_retriever_2,vlm2vec_v2,lamra_qwen25vl,4,0,0,0
3597,8:3598,unresolved,unresolved,multimodal_needed,That the animal is sitting next to a person.,mbeir_images/cirr_images/dev/dev-37-3-img1.jpg,8:20077,16,24,21,vlm2vec_v2,mmembed,lamra_qwen25vl,0,0,0,0
3600,8:3601,unresolved,unresolved,multimodal_needed,Dog sits in front of the white chair.,mbeir_images/cirr_images/dev/dev-301-3-img0.jpg,8:2922,23,151,730,vlm2vec_v2,lamra_qwen25vl,rzen_embed,0,0,0,0
3602,8:3603,unresolved,unresolved,multimodal_needed,Add workers and clients.,mbeir_images/cirr_images/dev/dev-333-0-img1.jpg,8:10040,209,57,616,lamra_qwen25vl,lamra_qwen25vl,gemini_embedding_2,0,0,0,0
3619,8:3620,unresolved,unresolved,multimodal_needed,Different style of restaurant and different background.,mbeir_images/cirr_images/dev/dev-365-0-img1.jpg,8:13168,25,442,36,e5_omni,gme_qwen2vl_retriever_2,e5_omni,0,0,0,0
3624,8:3625,unresolved,unresolved,multimodal_needed,Different species of bird sitting on ground and not ducks in water.,mbeir_images/cirr_images/dev/dev-362-0-img1.jpg,8:9346,46,36,179,qwen3vl8b_vllm,lamra,,0,0,0,0
3635,8:3636,composition_required,composition_required,multimodal_needed,The man is a new addition and it is taken from a different angle.,mbeir_images/cirr_images/dev/dev-336-0-img0.jpg,8:4980,1,22,32,lamra,gemini_embedding_2,,6,0,0,0
3636,8:3637,composition_required,composition_required,multimodal_needed,There is less of light and food is a new addition.,mbeir_images/cirr_images/dev/dev-336-3-img0.jpg,8:10962,2,84,15,mmembed,gemini_embedding_2,lamra,9,0,0,0
3637,8:3638,composition_required,composition_required,multimodal_needed,The focus is only on one laptop and other computers are missing.,mbeir_images/cirr_images/dev/dev-336-2-img0.jpg,8:16018,5,13,28,e5_omni,voyage_multimodal_35,e5_omni,3,0,0,0
3645,8:3646,unresolved,unresolved,multimodal_needed,Focus on a single plate and remove the hands.,mbeir_images/cirr_images/dev/dev-19-3-img1.jpg,8:2779,68,184,1197,vlm2vec_v2,qwen3vl2b_vllm,vlm2vec_v2,0,0,0,0
3665,8:3666,composition_required,composition_required,multimodal_needed,Change the pizza pie to a bowl of mashed potatoes on a table with a spoon behind them.,mbeir_images/cirr_images/dev/dev-47-2-img1.jpg,8:13867,9,29,461,voyage_multimodal_35,voyage_multimodal_35,,1,0,0,0
3676,8:3677,composition_required,composition_required,multimodal_needed,Darker dog standing on a lighter floor.,mbeir_images/cirr_images/dev/dev-367-3-img0.jpg,8:13667,3,42,11,lamra,rzen_embed,gemini_embedding_2,5,0,0,0
3680,8:3681,unresolved,unresolved,multimodal_needed,Add whole fruit or vegetables around.,mbeir_images/cirr_images/dev/dev-337-2-img0.jpg,8:20123,263,145,322,mmembed,mmembed,gme_qwen2vl_retriever_2,0,0,0,0
3689,8:3690,composition_required,composition_required,multimodal_needed,The food is stuffed in a bread and another plate of food is an addition.,mbeir_images/cirr_images/dev/dev-337-1-img0.jpg,8:8811,3,13,189,qwen3vl8b_vllm,rzen_embed,gemini_embedding_2,2,0,0,0
3696,8:3697,unresolved,unresolved,multimodal_needed,The color of the boklaine has changed from blue to black.,mbeir_images/cirr_images/dev/dev-704-3-img1.jpg,8:11552,15,4461,32,lamra,lamra_qwen25vl,lamra,0,0,0,0
3704,8:3705,unresolved,unresolved,multimodal_needed,Put a snow shovel on the truck and remove the snow from the image.,mbeir_images/cirr_images/dev/dev-369-3-img0.jpg,8:11552,13,23,47,rzen_embed,gemini_embedding_2,lamra,0,0,0,0
3709,8:3710,unresolved,unresolved,multimodal_needed,Many birds have changed to one and it has stretched its wings.,mbeir_images/cirr_images/dev/dev-363-3-img1.jpg,8:16428,171,77,642,rzen_embed,mmembed,qwen3vl8b_vllm,0,0,0,0
3718,8:3719,unresolved,unresolved,multimodal_needed,Focus on a single bird and zoom out a bit.,mbeir_images/cirr_images/dev/dev-370-0-img0.jpg,8:16428,78,42,140,mmembed,mmembed,qwen3vl2b_vllm,0,0,0,0
3720,8:3721,composition_required,composition_required,multimodal_needed,Make it difficult to see what they are eating.,mbeir_images/cirr_images/dev/dev-370-3-img0.jpg,8:13091,2,72,11,rzen_embed,rzen_embed,lamra_qwen25vl,3,0,0,0
3721,8:3722,composition_required,composition_required,multimodal_needed,Stay farther so you can see the building.,mbeir_images/cirr_images/dev/dev-468-2-img1.jpg,8:12820,4,24,13,lamra,mmembed,mmembed,3,0,0,0
3723,8:3724,unresolved,unresolved,multimodal_needed,Add seating and books. Make it a more welcoming place.,mbeir_images/cirr_images/dev/dev-948-3-img1.jpg,8:5480,134,76,754,gme_qwen2vl_retriever_2,rzen_embed,,0,0,0,0
3733,8:3734,unresolved,unresolved,multimodal_needed,Black color flying animal above lake instead making with deadly foods of birds.,mbeir_images/cirr_images/dev/dev-370-3-img0.jpg,8:8135,173,100,4513,rzen_embed,lamra,gme_qwen2vl_retriever_2,0,0,0,0
3741,8:3742,composition_required,composition_required,multimodal_needed,"Instead of the many girls in blue, the focus is on the single boy in red.",mbeir_images/cirr_images/dev/dev-340-1-img0.jpg,8:1963,8,19,39,qwen3vl2b_vllm,lamra,lamra_qwen25vl,1,0,0,0
3743,8:3744,unresolved,unresolved,multimodal_needed,Target on small dog with sunshine effect rather making with dull light effect.,mbeir_images/cirr_images/dev/dev-125-1-img1.jpg,8:4481,27,35,26,rzen_embed,gme_qwen2vl_retriever_2,voyage_multimodal_35,0,0,0,0
3744,8:3745,unresolved,unresolved,multimodal_needed,Target on black tufted haired dog in sleeping mode rather making with one in sunshine effect.,mbeir_images/cirr_images/dev/dev-504-0-img0.jpg,8:9430,729,253,1595,rzen_embed,lamra,lamra_qwen25vl,0,0,0,0
3748,8:3749,composition_required,composition_required,multimodal_needed,Make close shot on dog resting in couch instead making with sleeping one.,mbeir_images/cirr_images/dev/dev-930-3-img0.jpg,8:3066,5,21,143,lamra,lamra_qwen25vl,lamra_qwen25vl,4,0,0,0
3749,8:3750,unresolved,unresolved,multimodal_needed,Make with parent and puppy dog in ground rather making one in couch.,mbeir_images/cirr_images/dev/dev-484-2-img0.jpg,8:4848,18,28,275,gme_qwen2vl_retriever_2,gme_qwen2vl_retriever_2,gemini_embedding_2,0,0,0,0
3750,8:3751,unresolved,unresolved,multimodal_needed,Make puppy to rest on ground instead showing in sleeping posture.,mbeir_images/cirr_images/dev/dev-37-0-img1.jpg,8:11717,47,42,336,mmembed,lamra,,0,0,0,0
3754,8:3755,unresolved,unresolved,multimodal_needed,Two  dogs have changed to one and there is more black on the pup's face.,mbeir_images/cirr_images/dev/dev-37-0-img1.jpg,8:4481,41,24,125,qwen3vl2b_vllm,rzen_embed,qwen3vl2b_vllm,0,0,0,0
3756,8:3757,composition_required,composition_required,multimodal_needed,It is a longer shot and taken from a different angle.,mbeir_images/cirr_images/dev/dev-372-0-img0.jpg,8:3942,5,2376,11,lamra,,lamra,4,0,0,0
3757,8:3758,unresolved,unresolved,multimodal_needed,Focus only on two of them and put them facing each other.,mbeir_images/cirr_images/dev/dev-340-1-img1.jpg,8:20188,46,945,126,mmembed,e5_omni,e5_omni,0,0,0,0
3764,8:3765,composition_required,composition_required,multimodal_needed,"Leave one alone, make him younger and sit in a funny way.",mbeir_images/cirr_images/dev/dev-764-1-img1.jpg,8:21163,7,386,88,vlm2vec_v2,lamra,qwen3vl2b_vllm,1,0,0,0
3767,8:3768,composition_required,composition_required,multimodal_needed,Make close coverage shot on face of country dog instead making with puppies.,mbeir_images/cirr_images/dev/dev-609-1-img0.jpg,8:7985,3,23,111,lamra_qwen25vl,gemini_embedding_2,gemini_embedding_2,7,0,0,0
3775,8:3776,composition_required,composition_required,multimodal_needed,Make it just one much younger and sitting funny.,mbeir_images/cirr_images/dev/dev-341-0-img1.jpg,8:21163,4,252,60,gemini_embedding_2,gemini_embedding_2,gemini_embedding_2,1,0,0,0
3782,8:3783,unresolved,unresolved,multimodal_needed,Make upper angle shot on two puppies in terrace ground instead two in outdoors.,mbeir_images/cirr_images/dev/dev-341-2-img1.jpg,8:15555,20,19,50,vlm2vec_v2,rzen_embed,vlm2vec_v2,0,0,0,0
3783,8:3784,unresolved,unresolved,multimodal_needed,Make side angle view of birn puppies indoors rather to have in straight view.,mbeir_images/cirr_images/dev/dev-443-1-img1.jpg,8:18274,11,63,47,mmembed,voyage_multimodal_35,voyage_multimodal_35,0,0,0,0
3784,8:3785,unresolved,unresolved,multimodal_needed,The dog is taller and two dogs have changed to one.,mbeir_images/cirr_images/dev/dev-263-0-img1.jpg,8:20245,247,36,726,gemini_embedding_2,gme_qwen2vl_retriever_2,gemini_embedding_2,0,0,0,0
3785,8:3786,unresolved,unresolved,multimodal_needed,It is a closer shot and only the front part of the dog's body is focussed.,mbeir_images/cirr_images/dev/dev-311-0-img1.jpg,8:15743,62,117,302,qwen3vl8b_vllm,vlm2vec_v2,gemini_embedding_2,0,0,0,0
3786,8:3787,unresolved,unresolved,multimodal_needed,The whole view of the dog is seen with the addition of the collar.,mbeir_images/cirr_images/dev/dev-443-1-img0.jpg,8:4095,23,29,38,qwen3vl8b_vllm,lamra,lamra,0,0,0,0
3787,8:3788,unresolved,unresolved,multimodal_needed,Make with white color dog sleeping in couch rather with black and boy.,mbeir_images/cirr_images/dev/dev-37-1-img0.jpg,8:20789,22,145,151,mmembed,voyage_multimodal_35,qwen3vl2b_vllm,0,0,0,0
3791,8:3792,composition_required,composition_required,multimodal_needed,A puppy dog laying down on the couch and facing the camera with another dog behind.,mbeir_images/cirr_images/dev/dev-342-2-img1.jpg,8:18274,5,26,92,mmembed,qwen3vl8b_vllm,mmembed,2,0,0,0
3795,8:3796,composition_required,composition_required,multimodal_needed,Target on igloo shapes houses instead of tall buildings.,mbeir_images/cirr_images/dev/dev-374-1-img1.jpg,8:14958,8,13,104,mmembed,mmembed,vlm2vec_v2,1,0,0,0
3797,8:3798,composition_required,composition_required,multimodal_needed,A few more dogs and one of them is bigger.,mbeir_images/cirr_images/dev/dev-25-2-img0.jpg,8:21271,1,101,25,gme_qwen2vl_retriever_2,rzen_embed,rzen_embed,9,0,0,0
3810,8:3811,unresolved,unresolved,multimodal_needed,One dog increased to two dogs.,mbeir_images/cirr_images/dev/dev-375-0-img0.jpg,8:6583,41,510,286,qwen3vl8b_vllm,qwen3vl2b_vllm,gemini_embedding_2,0,0,0,0
3811,8:3812,composition_required,composition_required,multimodal_needed,Pups are an addition to the  mother dog.,mbeir_images/cirr_images/dev/dev-342-3-img0.jpg,8:21271,1,15,47,gme_qwen2vl_retriever_2,qwen3vl2b_vllm,gemini_embedding_2,11,0,0,0
3821,8:3822,unresolved,unresolved,multimodal_needed,Dog should be facing upchin with tongue out in mat rather in garden.,mbeir_images/cirr_images/dev/dev-210-0-img0.jpg,8:10562,18,126,176,mmembed,gme_qwen2vl_retriever_2,mmembed,0,0,0,0
3828,8:3829,unresolved,unresolved,multimodal_needed,A large door in place of the wardrobe.,mbeir_images/cirr_images/dev/dev-34-3-img0.jpg,8:21221,11,21,104,lamra_qwen25vl,gme_qwen2vl_retriever_2,qwen3vl8b_vllm,0,0,0,0
3829,8:3830,unresolved,unresolved,multimodal_needed,Longer shot with grey shade on the head.,mbeir_images/cirr_images/dev/dev-375-0-img0.jpg,8:6781,55,309,238,qwen3vl8b_vllm,gemini_embedding_2,,0,0,0,0
3843,8:3844,composition_required,composition_required,multimodal_needed,One more dog and they are on a beige floor.,mbeir_images/cirr_images/dev/dev-344-0-img1.jpg,8:16504,3,231,59,mmembed,rzen_embed,gemini_embedding_2,3,0,0,0
3850,8:3851,composition_required,composition_required,multimodal_needed,One dog has become two and the blue flowers are missing.,mbeir_images/cirr_images/dev/dev-344-3-img1.jpg,8:16504,1,85,40,lamra_qwen25vl,voyage_multimodal_35,,9,0,0,0
3859,8:3860,unresolved,unresolved,multimodal_needed,People riding boat in sea and showing man with fish posing for camera.,mbeir_images/cirr_images/dev/dev-378-0-img1.jpg,8:19772,11,17,55,gme_qwen2vl_retriever_2,lamra,gme_qwen2vl_retriever_2,0,0,0,0
3865,8:3866,composition_required,composition_required,multimodal_needed,The boat and the blue sky are an addition to the picture.,mbeir_images/cirr_images/dev/dev-378-0-img1.jpg,8:12404,4,116,80,mmembed,mmembed,vlm2vec_v2,2,0,0,0
3869,8:3870,composition_required,composition_required,multimodal_needed,The man is missing and the background is a pool and not sea.,mbeir_images/cirr_images/dev/dev-378-0-img1.jpg,8:12168,2,357,510,rzen_embed,voyage_multimodal_35,mmembed,2,0,0,0
3878,8:3879,unresolved,unresolved,multimodal_needed,Four dogs have changed to one dog and background is outer space.,mbeir_images/cirr_images/dev/dev-764-1-img1.jpg,8:1890,17,722,102,rzen_embed,e5_omni,gemini_embedding_2,0,0,0,0
3879,8:3880,unresolved,unresolved,multimodal_needed,It is a more closer shot of a smaller dog and the color has changed from brown to white.,mbeir_images/cirr_images/dev/dev-345-1-img1.jpg,8:931,20,778,35,gme_qwen2vl_retriever_2,qwen3vl8b_vllm,voyage_multimodal_35,0,0,0,0
3884,8:3885,unresolved,unresolved,multimodal_needed,The dog leaves the dead duck and stays standing.,mbeir_images/cirr_images/dev/dev-345-1-img0.jpg,8:5496,12,53,153,mmembed,gemini_embedding_2,e5_omni,0,0,0,0
3890,8:3891,unresolved,unresolved,multimodal_needed,Dog more hairy and remove what he carries in the boot.,mbeir_images/cirr_images/dev/dev-345-1-img0.jpg,8:14186,22,51,173,mmembed,gemini_embedding_2,lamra,0,0,0,0
3909,8:3910,composition_required,composition_required,multimodal_needed,Turn the dog into a puppy that looks at the camera.,mbeir_images/cirr_images/dev/dev-345-2-img0.jpg,8:931,3,38,38,qwen3vl8b_vllm,voyage_multimodal_35,gemini_embedding_2,4,0,0,0
3910,8:3911,unresolved,unresolved,multimodal_needed,"Approach the dog, remove the bird from its mouth and make it look to the right.",mbeir_images/cirr_images/dev/dev-345-2-img0.jpg,8:4641,125,34,307,voyage_multimodal_35,qwen3vl2b_vllm,gemini_embedding_2,0,0,0,0
3920,8:3921,unresolved,unresolved,multimodal_needed,Target on one animal in forest area with good portrait mode rather making with group.,mbeir_images/cirr_images/dev/dev-346-0-img1.jpg,8:3353,894,1465,215,,qwen3vl2b_vllm,lamra,0,0,0,0
3921,8:3922,unresolved,unresolved,multimodal_needed,Target on tiger eating wildly in dense forest with blurred background effect.,mbeir_images/cirr_images/dev/dev-451-1-img0.jpg,8:16823,76,241,754,mmembed,vlm2vec_v2,mmembed,0,0,0,0
3922,8:3923,unresolved,unresolved,multimodal_needed,Make out with dog playing in garden area rather making with wild animal in forest.,mbeir_images/cirr_images/dev/dev-505-3-img0.jpg,8:7863,319,30,4782,gme_qwen2vl_retriever_2,e5_omni,e5_omni,0,0,0,0
3930,8:3931,unresolved,unresolved,multimodal_needed,Make close coverage on monkey climbing in trees rather making with dog climbing in ladder.,mbeir_images/cirr_images/dev/dev-346-1-img1.jpg,8:2269,15,16,1318,vlm2vec_v2,vlm2vec_v2,qwen3vl8b_vllm,0,0,0,0
3941,8:3942,composition_required,composition_required,multimodal_needed,The man sitting changed to standing man and dress changed from grey to blue.,mbeir_images/cirr_images/dev/dev-347-2-img0.jpg,8:6565,9,1085,42,lamra,mmembed,gemini_embedding_2,1,0,0,0
3955,8:3956,unresolved,unresolved,multimodal_needed,Woman with shorter hair and wearing a sweater.,mbeir_images/cirr_images/dev/dev-893-3-img1.jpg,8:3604,24,84,17,,vlm2vec_v2,e5_omni,0,0,0,0
3969,8:3970,composition_required,composition_required,multimodal_needed,Change the dog lying down for a younger one.,mbeir_images/cirr_images/dev/dev-255-1-img0.jpg,8:8535,9,48,35,qwen3vl2b_vllm,qwen3vl2b_vllm,mmembed,1,0,0,0
3978,8:3979,composition_required,composition_required,multimodal_needed,Another angle but focuses on the dog.,mbeir_images/cirr_images/dev/dev-22-2-img1.jpg,8:6692,9,1034,12,lamra,lamra,e5_omni,2,0,0,0
3979,8:3980,composition_required,composition_required,multimodal_needed,More dogs and another background.,mbeir_images/cirr_images/dev/dev-238-1-img1.jpg,8:15825,2,557,15,lamra,lamra,gemini_embedding_2,6,0,0,0
3983,8:3984,composition_required,composition_required,multimodal_needed,One dog has multiplied into three dogs.,mbeir_images/cirr_images/dev/dev-350-1-img1.jpg,8:15825,1,54,12,mmembed,mmembed,vlm2vec_v2,10,0,0,0
3984,8:3985,composition_required,composition_required,multimodal_needed,The single white dog has changed into two black dogs and one white and brown  dog.,mbeir_images/cirr_images/dev/dev-350-1-img1.jpg,8:19681,1,13,21,lamra_qwen25vl,qwen3vl2b_vllm,vlm2vec_v2,10,0,0,0
3985,8:3986,composition_required,composition_required,multimodal_needed,It is taken from a different angle and the white part in the dog's face is missing.,mbeir_images/cirr_images/dev/dev-350-3-img1.jpg,8:18334,6,143,15,gemini_embedding_2,gemini_embedding_2,,3,0,0,0
4006,8:4007,unresolved,unresolved,multimodal_needed,Make coverage of ducks swimming in pond rather making with one in grassy area.,mbeir_images/cirr_images/dev/dev-330-2-img1.jpg,8:9154,22,66,28,gemini_embedding_2,gemini_embedding_2,voyage_multimodal_35,0,0,0,0
4012,8:4013,unresolved,unresolved,multimodal_needed,Shows less birds on the land.,mbeir_images/cirr_images/dev/dev-760-2-img0.jpg,8:16752,86,234,142,mmembed,lamra_qwen25vl,gemini_embedding_2,0,0,0,0
4015,8:4016,composition_required,composition_required,multimodal_needed,One bird has changed to two and it has opened its beak.,mbeir_images/cirr_images/dev/dev-157-1-img0.jpg,8:13229,5,14,50,gme_qwen2vl_retriever_2,gme_qwen2vl_retriever_2,qwen3vl8b_vllm,5,0,0,0
4018,8:4019,unresolved,unresolved,multimodal_needed,"2 birds are not in water, standing on bank with water behind.",mbeir_images/cirr_images/dev/dev-352-1-img1.jpg,8:18246,22,19,49,voyage_multimodal_35,voyage_multimodal_35,gme_qwen2vl_retriever_2,0,0,0,0
4028,8:4029,unresolved,unresolved,multimodal_needed,The color of the beak changes and the younger one is missing.,mbeir_images/cirr_images/dev/dev-352-0-img0.jpg,8:3299,36,46,69,lamra,voyage_multimodal_35,qwen3vl2b_vllm,0,0,0,0
4029,8:4030,unresolved,unresolved,multimodal_needed,Add more 2 animal and water background.,mbeir_images/cirr_images/dev/dev-157-0-img0.jpg,8:6511,29,55,116,e5_omni,rzen_embed,,0,0,0,0
4030,8:4031,unresolved,unresolved,multimodal_needed,Remove the 2 animals and the anima with open wings.,mbeir_images/cirr_images/dev/dev-161-3-img1.jpg,8:3837,12,205,50,rzen_embed,gme_qwen2vl_retriever_2,mmembed,0,0,0,0
4031,8:4032,composition_required,composition_required,multimodal_needed,Nature background and feeding his child.,mbeir_images/cirr_images/dev/dev-98-1-img0.jpg,8:19037,9,143,86,qwen3vl2b_vllm,gemini_embedding_2,lamra,2,0,0,0
4062,8:4063,composition_required,composition_required,multimodal_needed,Making one white dog semi sitting on road instead showing short dog in snow region.,mbeir_images/cirr_images/dev/dev-954-0-img1.jpg,8:17042,1,11,140,lamra,rzen_embed,,6,0,0,0
4070,8:4071,composition_required,composition_required,multimodal_needed,"There is snow, trees and dogs instead of the deer and the woman in frock.",mbeir_images/cirr_images/dev/dev-789-1-img1.jpg,8:17285,2,11,448,gme_qwen2vl_retriever_2,lamra,lamra_qwen25vl,6,0,0,0
4071,8:4072,unresolved,unresolved,multimodal_needed,There are three dogs instead of six and the white dogs are missing.,mbeir_images/cirr_images/dev/dev-428-2-img1.jpg,8:11472,234,1254,448,rzen_embed,mmembed,lamra,0,0,0,0
4077,8:4078,unresolved,unresolved,multimodal_needed,The wild boar changed to a chimpanzee.,mbeir_images/cirr_images/dev/dev-214-3-img0.jpg,8:6327,703,362,1085,gme_qwen2vl_retriever_2,gme_qwen2vl_retriever_2,,0,0,0,0
4082,8:4083,unresolved,unresolved,multimodal_needed,Make out with one monkey resting in rock surface instead making with parent monkey and baby.,mbeir_images/cirr_images/dev/dev-355-1-img1.jpg,8:6327,16,12,167,mmembed,lamra_qwen25vl,vlm2vec_v2,0,0,0,0
4086,8:4087,unresolved,unresolved,multimodal_needed,Close camera angle coverge of one dog in scene decorative floral background.,mbeir_images/cirr_images/dev/dev-385-0-img0.jpg,8:11955,1001,608,5290,voyage_multimodal_35,qwen3vl8b_vllm,gemini_embedding_2,0,0,0,0
4095,8:4096,unresolved,unresolved,multimodal_needed,"Remove road and replace with green fields, reduce monkeys in scene.",mbeir_images/cirr_images/dev/dev-189-2-img0.jpg,8:18369,13,22,71,qwen3vl8b_vllm,gme_qwen2vl_retriever_2,e5_omni,0,0,0,0
4097,8:4098,unresolved,unresolved,multimodal_needed,Target on wild animal eating its food in dry forest area rather making with shooting.,mbeir_images/cirr_images/dev/dev-181-0-img1.jpg,8:12169,70,22,584,lamra,lamra,e5_omni,0,0,0,0
4105,8:4106,composition_required,composition_required,multimodal_needed,The boar has changed tom a buffalo.,mbeir_images/cirr_images/dev/dev-71-3-img0.jpg,8:10000,5,53,192,voyage_multimodal_35,mmembed,gme_qwen2vl_retriever_2,1,0,0,0
4107,8:4108,unresolved,unresolved,multimodal_needed,The buffalo has changed to a boar and some other animal .,mbeir_images/cirr_images/dev/dev-403-2-img1.jpg,8:5435,15,26,331,qwen3vl8b_vllm,rzen_embed,,0,0,0,0
4110,8:4111,unresolved,unresolved,multimodal_needed,Shows a different kind of an animal.,mbeir_images/cirr_images/dev/dev-356-3-img0.jpg,8:10000,104,218,57,gme_qwen2vl_retriever_2,rzen_embed,e5_omni,0,0,0,0
4114,8:4115,unresolved,unresolved,multimodal_needed,Target on crane with jeep in snow filed instead showing train in scene.,mbeir_images/cirr_images/dev/dev-847-2-img0.jpg,8:12276,28,34,212,voyage_multimodal_35,voyage_multimodal_35,voyage_multimodal_35,0,0,0,0
4117,8:4118,unresolved,unresolved,multimodal_needed,The boklane has changed to a car.,mbeir_images/cirr_images/dev/dev-704-3-img0.jpg,8:2329,18,112,46,lamra_qwen25vl,vlm2vec_v2,rzen_embed,0,0,0,0
4118,8:4119,unresolved,unresolved,multimodal_needed,THe car has changed to a bus.,mbeir_images/cirr_images/dev/dev-357-0-img0.jpg,8:5483,394,143,356,voyage_multimodal_35,lamra_qwen25vl,voyage_multimodal_35,0,0,0,0
4119,8:4120,unresolved,unresolved,multimodal_needed,The car has changed to a boklane.,mbeir_images/cirr_images/dev/dev-357-0-img0.jpg,8:12276,55,332,46,voyage_multimodal_35,lamra_qwen25vl,qwen3vl8b_vllm,0,0,0,0
4120,8:4121,composition_required,composition_required,multimodal_needed,Smaller and lighter car.,mbeir_images/cirr_images/dev/dev-357-0-img0.jpg,8:21040,4,115,14,qwen3vl8b_vllm,mmembed,lamra,5,0,0,0
4134,8:4135,unresolved,unresolved,multimodal_needed,Make out with only car rather showing its mechanic showroom.,mbeir_images/cirr_images/dev/dev-681-0-img1.jpg,8:11302,98,79,2000,mmembed,vlm2vec_v2,qwen3vl8b_vllm,0,0,0,0
4156,8:4157,unresolved,unresolved,multimodal_needed,Another breed of dag which is smaller and direction of dog changed.,mbeir_images/cirr_images/dev/dev-359-1-img1.jpg,8:12508,237,395,569,mmembed,mmembed,rzen_embed,0,0,0,0
4157,8:4158,unresolved,unresolved,multimodal_needed,Another breed of dog with face lifted up unlike the other one  with a collar.,mbeir_images/cirr_images/dev/dev-603-1-img1.jpg,8:4095,25,160,224,qwen3vl8b_vllm,lamra,rzen_embed,0,0,0,0
4158,8:4159,unresolved,unresolved,multimodal_needed,Make it with country dog facing away from camera rather making with tufted hair dog.,mbeir_images/cirr_images/dev/dev-342-2-img1.jpg,8:3796,478,372,1467,lamra,lamra,gemini_embedding_2,0,0,0,0
4161,8:4162,unresolved,unresolved,multimodal_needed,There is the full view of the dog and the pup is missing.,mbeir_images/cirr_images/dev/dev-319-0-img0.jpg,8:8771,34,282,75,e5_omni,lamra_qwen25vl,mmembed,0,0,0,0
4162,8:4163,unresolved,unresolved,multimodal_needed,The dog has its face lifted up and has a collar.,mbeir_images/cirr_images/dev/dev-359-1-img1.jpg,8:4095,123,123,466,lamra,lamra,mmembed,0,0,0,0
4163,8:4164,unresolved,unresolved,multimodal_needed,The dog is standing and it is taken from a different angle.,mbeir_images/cirr_images/dev/dev-359-1-img1.jpg,8:3796,185,816,177,gemini_embedding_2,lamra,gemini_embedding_2,0,0,0,0
4165,8:4166,composition_required,composition_required,multimodal_needed,Many dogs have become one and the color has changed from black to brown.,mbeir_images/cirr_images/dev/dev-360-0-img0.jpg,8:16406,3,48,134,gemini_embedding_2,lamra,gemini_embedding_2,1,0,0,0
