query_idx,query_id,aggregate_label,aggregate_detail_label,legacy_category,query_text,query_image_ref,primary_pos_cand_id,rank_multimodal,rank_text_only,rank_image_only,best_retriever_multimodal,best_retriever_text_only,best_retriever_image_only,support_multimodal,support_text_only,support_image_only,support_either_unimodal
0,7:1,composition_required,composition_required,multimodal_needed,Is shiny and silver with shorter sleeves and fit and flare.,mbeir_images/fashioniq_images/B005X4PL1G.jpg,7:72781,8,23,3421,gme_qwen2vl_retriever_2,gme_qwen2vl_retriever_2,qwen3vl2b_vllm,1,0,0,0
2,7:3,unresolved,unresolved,multimodal_needed,Is a solid red color and shorter and tighter with more blue and white.,mbeir_images/fashioniq_images/B00BPYP69K.jpg,7:35218,422,832,11198,mmembed,lamra,gme_qwen2vl_retriever_2,0,0,0,0
4,7:5,composition_required,composition_required,multimodal_needed,Has thin straps and different pattern and more autumn colored and longer.,mbeir_images/fashioniq_images/B00FQANLX2.jpg,7:16696,7,171,30,mmembed,mmembed,mmembed,1,0,0,0
5,7:6,unresolved,unresolved,multimodal_needed,Is longer and more sculptural and rushed solid green.,mbeir_images/fashioniq_images/B00CL14N3Q.jpg,7:44815,19,24,725,gemini_embedding_2,e5_omni,voyage_multimodal_35,0,0,0,0
6,7:7,unresolved,unresolved,multimodal_needed,Is gold and strapless and button front longer sleeves.,mbeir_images/fashioniq_images/B009CMY4BS.jpg,7:40643,137,1691,32,,vlm2vec_v2,gemini_embedding_2,0,0,0,0
7,7:8,composition_required,composition_required,multimodal_needed,Is longer and less casual and sleeveless and is a sleeveless black dress.,mbeir_images/fashioniq_images/B00896JPTE.jpg,7:46995,3,126,91,voyage_multimodal_35,qwen3vl2b_vllm,gme_qwen2vl_retriever_2,6,0,0,0
8,7:9,unresolved,unresolved,multimodal_needed,Is longer and more elegant and is longer and sleeveless.,mbeir_images/fashioniq_images/B00F4WI9H0.jpg,7:67651,297,113,4545,voyage_multimodal_35,lamra_qwen25vl,voyage_multimodal_35,0,0,0,0
9,7:10,unresolved,unresolved,multimodal_needed,Has longer sleeves and a different color and has longer sleeves and is more casual.,mbeir_images/fashioniq_images/B000WIRE54.jpg,7:44149,86,7327,829,qwen3vl8b_vllm,gemini_embedding_2,,0,0,0,0
10,7:11,composition_required,composition_required,multimodal_needed,Its blue with higher neckline and is more blue and higher at the neckline.,mbeir_images/fashioniq_images/B009KQVCAM.jpg,7:39774,1,150,27,rzen_embed,vlm2vec_v2,lamra,5,0,0,0
11,7:12,composition_required,composition_required,multimodal_needed,Is softly colored and has no shoulder straps and looser skirt.,mbeir_images/fashioniq_images/B00FHFMMMW.jpg,7:40409,2,33,47,rzen_embed,mmembed,gemini_embedding_2,7,0,0,0
12,7:13,composition_required,composition_required,multimodal_needed,Is white with black polka dots and is not see through.,mbeir_images/fashioniq_images/B00DH06JSW.jpg,7:15492,1,25,500,gemini_embedding_2,lamra,gemini_embedding_2,8,0,0,0
14,7:15,unresolved,unresolved,multimodal_needed,Is more black and elegant and is solid black and has shorter sleeves.,mbeir_images/fashioniq_images/B009DI5YSS.jpg,7:19688,85,176,504,voyage_multimodal_35,voyage_multimodal_35,qwen3vl2b_vllm,0,0,0,0
15,7:16,composition_required,composition_required,multimodal_needed,Is blue print with short sleeves and is a blue print.,mbeir_images/fashioniq_images/B007GB2BZI.jpg,7:56242,1,69,2855,mmembed,gemini_embedding_2,qwen3vl8b_vllm,7,0,0,0
17,7:18,unresolved,unresolved,multimodal_needed,Is off the shoulder with one shorter sleeve and has longer sleeves.,mbeir_images/fashioniq_images/B00CW6HT7W.jpg,7:6591,52,2978,26,lamra,mmembed,mmembed,0,0,0,0
18,7:19,unresolved,unresolved,multimodal_needed,Has more flair and smaller print and is shorter.,mbeir_images/fashioniq_images/B004VJ217Q.jpg,7:63097,476,1566,393,lamra,vlm2vec_v2,qwen3vl2b_vllm,0,0,0,0
20,7:21,unresolved,unresolved,multimodal_needed,Is light colored with shorter sleeves and leopard print with deeper neck.,mbeir_images/fashioniq_images/B0061IXDTU.jpg,7:23492,37,14,4882,qwen3vl2b_vllm,rzen_embed,gme_qwen2vl_retriever_2,0,0,0,0
21,7:22,unresolved,unresolved,multimodal_needed,Has more pattern and longer sleeves and has sleeves and is a print.,mbeir_images/fashioniq_images/B00B67ELUG.jpg,7:5428,100,53,2654,mmembed,rzen_embed,mmembed,0,0,0,0
22,7:23,unresolved,unresolved,multimodal_needed,Is white in color with short sleeves and is more plain.,mbeir_images/fashioniq_images/B00BFGBJ3K.jpg,7:61405,258,1561,4120,lamra_qwen25vl,qwen3vl8b_vllm,voyage_multimodal_35,0,0,0,0
23,7:24,composition_required,composition_required,multimodal_needed,Is more transparent and is more solid colored.,mbeir_images/fashioniq_images/B008UEW5RO.jpg,7:29747,3,908,15,rzen_embed,mmembed,e5_omni,2,0,0,0
24,7:25,unresolved,unresolved,multimodal_needed,Is lighter with a floral pattern and is blue with straps.,mbeir_images/fashioniq_images/B006CR1XG0.jpg,7:19491,35,144,1513,rzen_embed,e5_omni,gme_qwen2vl_retriever_2,0,0,0,0
25,7:26,unresolved,unresolved,multimodal_needed,Has longer sleeves and has stripes and has a higher neckline with sleeves.,mbeir_images/fashioniq_images/B00499DHK8.jpg,7:33673,22,480,2041,lamra_qwen25vl,gemini_embedding_2,gemini_embedding_2,0,0,0,0
26,7:27,unresolved,unresolved,multimodal_needed,Has more contrast and is sleeveless and lighter in color.,mbeir_images/fashioniq_images/B005AQCKBQ.jpg,7:34882,32,212,2312,lamra,gemini_embedding_2,vlm2vec_v2,0,0,0,0
28,7:29,unresolved,unresolved,multimodal_needed,Is darker and shorter in length and is sleeveless.,mbeir_images/fashioniq_images/B007G6BODI.jpg,7:27399,157,4918,1075,qwen3vl8b_vllm,qwen3vl2b_vllm,,0,0,0,0
29,7:30,unresolved,unresolved,multimodal_needed,Is shorter with longer sleeves and is shorter has three quarter length sleeves.,mbeir_images/fashioniq_images/B00BQVAVRY.jpg,7:6523,55,480,3085,rzen_embed,gemini_embedding_2,gemini_embedding_2,0,0,0,0
32,7:33,unresolved,unresolved,multimodal_needed,Is sleeveless and white with dark printed design and has a pattern.,mbeir_images/fashioniq_images/B00EXMSRW4.jpg,7:20307,210,321,705,lamra,mmembed,lamra_qwen25vl,0,0,0,0
34,7:35,composition_required,composition_required,multimodal_needed,Is light blue in color and has more blue.,mbeir_images/fashioniq_images/B00B7WGMXE.jpg,7:47647,1,31,60,gme_qwen2vl_retriever_2,gemini_embedding_2,voyage_multimodal_35,11,0,0,0
37,7:38,unresolved,unresolved,multimodal_needed,Is a black dress and the dress is black and not a shoe.,mbeir_images/fashioniq_images/B0054DKVWK.jpg,7:15068,470,677,746,,lamra,,0,0,0,0
39,7:40,composition_required,composition_required,multimodal_needed,Is brighter and longer and is pink and longer.,mbeir_images/fashioniq_images/B00B53A556.jpg,7:7416,4,66,357,qwen3vl8b_vllm,voyage_multimodal_35,mmembed,3,0,0,0
41,7:42,composition_required,composition_required,multimodal_needed,Is solid red and is red.,mbeir_images/fashioniq_images/B00FXZX2I4.jpg,7:37822,8,1825,113,gme_qwen2vl_retriever_2,gme_qwen2vl_retriever_2,gemini_embedding_2,2,0,0,0
42,7:43,unresolved,unresolved,multimodal_needed,Is longer darker and is longer and simplier.,mbeir_images/fashioniq_images/B00DOS53RA.jpg,7:45581,233,177,1999,lamra,rzen_embed,gemini_embedding_2,0,0,0,0
43,7:44,unresolved,unresolved,multimodal_needed,Gold and is short and cap sleeved with a black print.,mbeir_images/fashioniq_images/B00B3PUKMY.jpg,7:65278,35,207,4747,lamra,lamra,e5_omni,0,0,0,0
44,7:45,unresolved,unresolved,multimodal_needed,One shouldered grey dress and is more blue and has a slit.,mbeir_images/fashioniq_images/B00B923WCQ.jpg,7:38076,46,106,104,qwen3vl8b_vllm,lamra_qwen25vl,qwen3vl8b_vllm,0,0,0,0
45,7:46,composition_required,composition_required,multimodal_needed,Has a u shaped neck with sleeves and is black and patterned.,mbeir_images/fashioniq_images/B00DU6GJJC.jpg,7:43778,2,293,2606,qwen3vl8b_vllm,gemini_embedding_2,lamra,1,0,0,0
46,7:47,composition_required,composition_required,multimodal_needed,Is orange with thinner straps and is not patterned and orange.,mbeir_images/fashioniq_images/B009PXRLIW.jpg,7:52202,1,16,215,voyage_multimodal_35,lamra_qwen25vl,qwen3vl8b_vllm,10,0,0,0
48,7:49,composition_required,composition_required,multimodal_needed,Is pink and strapless and is bright pink colored.,mbeir_images/fashioniq_images/B0082BBVI4.jpg,7:38634,1,12,15,e5_omni,e5_omni,voyage_multimodal_35,11,0,0,0
49,7:50,unresolved,unresolved,multimodal_needed,Shorter skirt and na.,mbeir_images/fashioniq_images/B007ZDYK2E.jpg,7:614,2340,407,15779,lamra_qwen25vl,lamra_qwen25vl,lamra,0,0,0,0
50,7:51,unresolved,unresolved,multimodal_needed,Needs navy blue dress with shoulder straps and is blue with straps.,mbeir_images/fashioniq_images/B00BOPQZ86.jpg,7:46550,113,44,2296,e5_omni,lamra_qwen25vl,e5_omni,0,0,0,0
51,7:52,composition_required,composition_required,multimodal_needed,Less full skirt with slit to thigh and has a slit and is more form fitting.,mbeir_images/fashioniq_images/B00967AMPG.jpg,7:4051,1,54,74,gme_qwen2vl_retriever_2,rzen_embed,qwen3vl8b_vllm,9,0,0,0
53,7:54,composition_required,composition_required,multimodal_needed,Has long sleeves and patterned and is in brownish coloring.,mbeir_images/fashioniq_images/B002OEYH3Q.jpg,7:64829,2,28,996,rzen_embed,gemini_embedding_2,,4,0,0,0
55,7:56,composition_required,composition_required,multimodal_needed,Is brighter in color and is a light floral pattern.,mbeir_images/fashioniq_images/B00AOJVGYQ.jpg,7:50148,4,107,4436,vlm2vec_v2,gemini_embedding_2,mmembed,1,0,0,0
56,7:57,composition_required,composition_required,multimodal_needed,Is darker and longer and is plain black with waterfall hem and is more dressy.,mbeir_images/fashioniq_images/B00AWKKHOC.jpg,7:58149,4,42,112,gemini_embedding_2,gemini_embedding_2,vlm2vec_v2,5,0,0,0
57,7:58,unresolved,unresolved,multimodal_needed,With a black and is longer and blue and black.,mbeir_images/fashioniq_images/B00BAHX7Z2.jpg,7:5442,29,29,2688,gme_qwen2vl_retriever_2,rzen_embed,vlm2vec_v2,0,0,0,0
60,7:61,unresolved,unresolved,multimodal_needed,Is solid nude color and has straps instead of long sleeves and has two colors.,mbeir_images/fashioniq_images/B0092QK9AY.jpg,7:62904,312,193,3925,rzen_embed,gemini_embedding_2,gme_qwen2vl_retriever_2,0,0,0,0
62,7:63,composition_required,composition_required,multimodal_needed,Is a black dress with a shade of grey and is similar in black.,mbeir_images/fashioniq_images/B0081JJ9FO.jpg,7:68613,1,2057,12,gme_qwen2vl_retriever_2,gme_qwen2vl_retriever_2,qwen3vl8b_vllm,4,0,0,0
64,7:65,composition_required,composition_required,multimodal_needed,Is gold and shiny and is more ombre and less geometric.,mbeir_images/fashioniq_images/B00FZ00I7U.jpg,7:68902,1,11,402,gme_qwen2vl_retriever_2,lamra,lamra_qwen25vl,8,0,0,0
65,7:66,unresolved,unresolved,multimodal_needed,Is solid black and is long.,mbeir_images/fashioniq_images/B008VIR88U.jpg,7:28388,16,30,282,voyage_multimodal_35,voyage_multimodal_35,,0,0,0,0
66,7:67,composition_required,composition_required,multimodal_needed,Is offwhite with black belt and longer seethrough skirt and is white with a black belr.,mbeir_images/fashioniq_images/B0094QX5SK.jpg,7:53383,1,13,1498,lamra_qwen25vl,gemini_embedding_2,voyage_multimodal_35,4,0,0,0
67,7:68,unresolved,unresolved,multimodal_needed,And black and the shoulder straps more resemble a crop top.,mbeir_images/fashioniq_images/B001HK23KM.jpg,7:681,672,978,2618,mmembed,mmembed,mmembed,0,0,0,0
69,7:70,unresolved,unresolved,multimodal_needed,Is lighter and has shorter sleeves and is black and less revealing.,mbeir_images/fashioniq_images/B005DRAVT0.jpg,7:33755,1744,4469,5129,lamra,vlm2vec_v2,,0,0,0,0
70,7:71,unresolved,unresolved,multimodal_needed,Black with red belt and it is less black and has a shoulder off.,mbeir_images/fashioniq_images/B007B98014.jpg,7:41454,33,111,477,lamra_qwen25vl,qwen3vl8b_vllm,rzen_embed,0,0,0,0
71,7:72,composition_required,composition_required,multimodal_needed,Is grey with vertical designs and is darker in color.,mbeir_images/fashioniq_images/B007MLVQ1C.jpg,7:50253,1,141,76,gemini_embedding_2,qwen3vl8b_vllm,,3,0,0,0
72,7:73,unresolved,unresolved,multimodal_needed,Has shorter sleeves and is straight and is grey and belt-less.,mbeir_images/fashioniq_images/B00B2JJ15S.jpg,7:64944,443,5003,263,voyage_multimodal_35,gemini_embedding_2,voyage_multimodal_35,0,0,0,0
73,7:74,composition_required,composition_required,multimodal_needed,Is shorter with thin straps and is black and more wide.,mbeir_images/fashioniq_images/B004OLGO24.jpg,7:17832,4,170,330,lamra,rzen_embed,mmembed,3,0,0,0
74,7:75,unresolved,unresolved,multimodal_needed,Is less party like and has a white bodice and grey skirt.,mbeir_images/fashioniq_images/B004VLI08S.jpg,7:55411,73,336,5933,lamra,gemini_embedding_2,lamra,0,0,0,0
75,7:76,composition_required,composition_required,multimodal_needed,Knee length sleeved purple and red dress and longer.,mbeir_images/fashioniq_images/B006PA7Q4M.jpg,7:47590,3,27,217,lamra,gemini_embedding_2,voyage_multimodal_35,1,0,0,0
78,7:79,composition_required,composition_required,multimodal_needed,Is short and black with short sleeves and is black and not two pieces.,mbeir_images/fashioniq_images/B006UCQYMA.jpg,7:26404,1,39,295,lamra,qwen3vl8b_vllm,,7,0,0,0
81,7:82,unresolved,unresolved,multimodal_needed,Is a formal v necked gown and is v neck and longer.,mbeir_images/fashioniq_images/B002Z7FONO.jpg,7:32952,11,38,926,qwen3vl2b_vllm,gme_qwen2vl_retriever_2,qwen3vl2b_vllm,0,0,0,0
82,7:83,unresolved,unresolved,multimodal_needed,Is darker and has shorter sleeves and does not cover the sholders.,mbeir_images/fashioniq_images/B0054N0S6E.jpg,7:36430,3473,228,10602,mmembed,mmembed,lamra,0,0,0,0
83,7:84,unresolved,unresolved,multimodal_needed,Is white and less revealing and is white and same length all around bottom.,mbeir_images/fashioniq_images/B008596XXG.jpg,7:45363,26,73,141,gme_qwen2vl_retriever_2,qwen3vl8b_vllm,,0,0,0,0
86,7:87,composition_required,composition_required,multimodal_needed,Has more color contrast and is pink and black.,mbeir_images/fashioniq_images/B007W9ZSEA.jpg,7:53264,5,29,63,e5_omni,lamra_qwen25vl,e5_omni,3,0,0,0
87,7:88,composition_required,composition_required,multimodal_needed,Is longer with no straps and is much longer and dark.,mbeir_images/fashioniq_images/B00B5KMPA2.jpg,7:18322,1,655,40,vlm2vec_v2,mmembed,gemini_embedding_2,6,0,0,0
88,7:89,unresolved,unresolved,multimodal_needed,Has longer sleeves and is short sleeved and shorter.,mbeir_images/fashioniq_images/B002TKJL40.jpg,7:42929,31,277,553,qwen3vl8b_vllm,qwen3vl2b_vllm,vlm2vec_v2,0,0,0,0
89,7:90,unresolved,unresolved,multimodal_needed,Is below the knee and darker and and long.,mbeir_images/fashioniq_images/B00BT8N1DK.jpg,7:40848,88,401,2785,lamra,gemini_embedding_2,lamra,0,0,0,0
92,7:93,unresolved,unresolved,multimodal_needed,Is gray and shorter and is shorter and ruffled.,mbeir_images/fashioniq_images/B004OHYU4M.jpg,7:56959,12,74,94,gemini_embedding_2,qwen3vl2b_vllm,,0,0,0,0
93,7:94,unresolved,unresolved,multimodal_needed,Shorter sleeves and chevron striped and has chevron pattern.,mbeir_images/fashioniq_images/B00DQHXEO8.jpg,7:4150,12,230,283,voyage_multimodal_35,rzen_embed,voyage_multimodal_35,0,0,0,0
95,7:96,composition_required,composition_required,multimodal_needed,Has collars and empire waist.,mbeir_images/fashioniq_images/B003XQG930.jpg,7:60037,1,424,179,lamra_qwen25vl,lamra_qwen25vl,qwen3vl8b_vllm,2,0,0,0
96,7:97,unresolved,unresolved,multimodal_needed,Has short sleeves and has a peasant neckline and short sleeves.,mbeir_images/fashioniq_images/B007SOULGY.jpg,7:58416,68,136,3520,lamra_qwen25vl,qwen3vl8b_vllm,gemini_embedding_2,0,0,0,0
97,7:98,unresolved,unresolved,multimodal_needed,Is more revealing and has a more open top.,mbeir_images/fashioniq_images/B00D75WT4U.jpg,7:51443,344,347,1086,gme_qwen2vl_retriever_2,,rzen_embed,0,0,0,0
98,7:99,unresolved,unresolved,multimodal_needed,Is more casual and pink and pink empire waist.,mbeir_images/fashioniq_images/B008BHCS2C.jpg,7:5568,23,17,12565,lamra,lamra,,0,0,0,0
100,7:101,unresolved,unresolved,multimodal_needed,And handkerchief hemline and is more blue and longer.,mbeir_images/fashioniq_images/B008RMIF5A.jpg,7:7639,125,1128,491,lamra_qwen25vl,voyage_multimodal_35,mmembed,0,0,0,0
101,7:102,unresolved,unresolved,multimodal_needed,Is lighter and orange and sleeveless.,mbeir_images/fashioniq_images/B00AWKKHOC.jpg,7:9033,287,3425,2096,qwen3vl8b_vllm,voyage_multimodal_35,qwen3vl8b_vllm,0,0,0,0
102,7:103,unresolved,unresolved,multimodal_needed,Is green pattern and lightly pleated and has a floral print that is harder to see.,mbeir_images/fashioniq_images/B008E7IA12.jpg,7:49857,20,796,27,gemini_embedding_2,lamra_qwen25vl,lamra,0,0,0,0
103,7:104,composition_required,composition_required,multimodal_needed,Has a shiny print with straps and is more shiny.,mbeir_images/fashioniq_images/B00BJ1NFNI.jpg,7:61332,1,242,1660,lamra,qwen3vl2b_vllm,lamra,4,0,0,0
104,7:105,composition_required,composition_required,multimodal_needed,Is a lighter color and is solid white.,mbeir_images/fashioniq_images/B005FLWZCA.jpg,7:22874,3,1444,11,gme_qwen2vl_retriever_2,qwen3vl8b_vllm,qwen3vl8b_vllm,6,0,0,0
105,7:106,unresolved,unresolved,multimodal_needed,Has longer sleeves and lighter in color and is solid colors with short sleeves.,mbeir_images/fashioniq_images/B0030IMZ1G.jpg,7:33533,3968,760,31202,mmembed,mmembed,lamra_qwen25vl,0,0,0,0
108,7:109,unresolved,unresolved,multimodal_needed,Has a multi-colored pattern and is printed and shorter.,mbeir_images/fashioniq_images/B008LTJG3E.jpg,7:70353,47,158,3841,mmembed,gemini_embedding_2,mmembed,0,0,0,0
109,7:110,composition_required,composition_required,multimodal_needed,Is dark blue and has silky looks and it is more gleaming and white.,mbeir_images/fashioniq_images/B009SI9OTS.jpg,7:8190,1,154,11,lamra_qwen25vl,mmembed,,6,0,0,0
113,7:114,unresolved,unresolved,multimodal_needed,Has longer sleeves and is shorter and is shorter and less fitted.,mbeir_images/fashioniq_images/B006G35WJY.jpg,7:45102,425,1040,3386,qwen3vl2b_vllm,gemini_embedding_2,,0,0,0,0
114,7:115,composition_required,composition_required,multimodal_needed,Is dark colored and longer sleeves and is shorter and red with sleeves.,mbeir_images/fashioniq_images/B0095QLSJW.jpg,7:73874,8,741,119,mmembed,mmembed,,1,0,0,0
116,7:117,composition_required,composition_required,multimodal_needed,Is orange and has longer sleeves and is orange and has longer sleeves.,mbeir_images/fashioniq_images/B00FP87XX4.jpg,7:30143,5,49,5468,gme_qwen2vl_retriever_2,mmembed,voyage_multimodal_35,1,0,0,0
117,7:118,unresolved,unresolved,multimodal_needed,Has longer sleeves and has black and brown patterns.,mbeir_images/fashioniq_images/B00AKB3VPA.jpg,7:55445,19,366,1458,qwen3vl2b_vllm,lamra,,0,0,0,0
119,7:120,composition_required,composition_required,multimodal_needed,Is shorter with black belt and is shorter.,mbeir_images/fashioniq_images/B002DI8HQG.jpg,7:47747,1,624,339,lamra_qwen25vl,qwen3vl8b_vllm,,6,0,0,0
120,7:121,composition_required,composition_required,multimodal_needed,Is over one shoulder and pink and has a strap on online on side and is pink.,mbeir_images/fashioniq_images/B008B2OOQK.jpg,7:67622,1,12,179,gemini_embedding_2,gemini_embedding_2,voyage_multimodal_35,10,0,0,0
121,7:122,unresolved,unresolved,multimodal_needed,Is a shorter wrap around dress and has longer sleeves.,mbeir_images/fashioniq_images/B007XATMYA.jpg,7:39947,33,112,1261,qwen3vl8b_vllm,gemini_embedding_2,lamra_qwen25vl,0,0,0,0
122,7:123,composition_required,composition_required,multimodal_needed,Is a white dress with a short jacket and one shouldered.,mbeir_images/fashioniq_images/B0097J0RVC.jpg,7:40212,2,121,116,lamra_qwen25vl,gemini_embedding_2,mmembed,2,0,0,0
123,7:124,unresolved,unresolved,multimodal_needed,Is white in color and all white and long.,mbeir_images/fashioniq_images/B004YHIH28.jpg,7:26342,111,1380,1781,e5_omni,mmembed,voyage_multimodal_35,0,0,0,0
125,7:126,unresolved,unresolved,multimodal_needed,Is sexier and more revealing and it has no collar and has a shorter sleeve.,mbeir_images/fashioniq_images/B0016LHFE6.jpg,7:31849,17,4341,35,vlm2vec_v2,vlm2vec_v2,lamra_qwen25vl,0,0,0,0
126,7:127,composition_required,composition_required,multimodal_needed,Is more revealing and longer and it is longer and has no sleeves.,mbeir_images/fashioniq_images/B00EOW7882.jpg,7:55864,1,40,2286,mmembed,mmembed,e5_omni,3,0,0,0
127,7:128,unresolved,unresolved,multimodal_needed,Is light in color and stripped shoulder and and has one strap.,mbeir_images/fashioniq_images/B007SVFCAW.jpg,7:66681,428,4872,1110,lamra,e5_omni,vlm2vec_v2,0,0,0,0
130,7:131,composition_required,composition_required,multimodal_needed,Black and has a v shaped neck and is v necked and black.,mbeir_images/fashioniq_images/B004BDP1BA.jpg,7:16602,5,181,466,mmembed,gemini_embedding_2,gemini_embedding_2,1,0,0,0
132,7:133,unresolved,unresolved,multimodal_needed,Is more floral print and less striped and white.,mbeir_images/fashioniq_images/B007SV9A5A.jpg,7:63653,1054,2609,3816,voyage_multimodal_35,voyage_multimodal_35,e5_omni,0,0,0,0
133,7:134,composition_required,composition_required,multimodal_needed,Is more purple and elegant and is darker purple in colour.,mbeir_images/fashioniq_images/B00CAMMV5S.jpg,7:18308,5,57,93,lamra_qwen25vl,qwen3vl2b_vllm,,4,0,0,0
134,7:135,composition_required,composition_required,multimodal_needed,Is white with more open shoulder on sleeve and purple embellished dress.,mbeir_images/fashioniq_images/B00CY8S8P0.jpg,7:50887,9,1574,16,gemini_embedding_2,gemini_embedding_2,lamra_qwen25vl,2,0,0,0
135,7:136,unresolved,unresolved,multimodal_needed,Has longer sleeves and a shorter skirt and it shorter and has longer sleeves.,mbeir_images/fashioniq_images/B007TDELU6.jpg,7:60275,20,785,279,mmembed,qwen3vl8b_vllm,,0,0,0,0
136,7:137,unresolved,unresolved,multimodal_needed,Id darker with no sraps and is a black ruffles design.,mbeir_images/fashioniq_images/B00AZE7306.jpg,7:70806,108,1420,169,gemini_embedding_2,gemini_embedding_2,,0,0,0,0
137,7:138,composition_required,composition_required,multimodal_needed,Is more colorful and striped and more colorful and more casual.,mbeir_images/fashioniq_images/B00C7BSFX4.jpg,7:23464,3,691,1686,voyage_multimodal_35,qwen3vl8b_vllm,voyage_multimodal_35,1,0,0,0
138,7:139,unresolved,unresolved,multimodal_needed,I want something less revealing and brighter and it is red.,mbeir_images/fashioniq_images/B00B79JOJG.jpg,7:33644,67,45,5698,lamra_qwen25vl,rzen_embed,voyage_multimodal_35,0,0,0,0
139,7:140,unresolved,unresolved,multimodal_needed,Is white and larger and solid white and much longer.,mbeir_images/fashioniq_images/B00BOPQZ86.jpg,7:56473,29,373,496,gme_qwen2vl_retriever_2,vlm2vec_v2,lamra_qwen25vl,0,0,0,0
141,7:142,composition_required,composition_required,multimodal_needed,The dress in peach and white in color and has longer sleeves and is coral in color.,mbeir_images/fashioniq_images/B004LQ0GZ8.jpg,7:34978,6,34,7320,rzen_embed,mmembed,e5_omni,1,0,0,0
142,7:143,unresolved,unresolved,multimodal_needed,Is black in color and sexy dress and is black and more fitted.,mbeir_images/fashioniq_images/B006361ONM.jpg,7:58110,25,26,1984,lamra,gme_qwen2vl_retriever_2,qwen3vl8b_vllm,0,0,0,0
143,7:144,unresolved,unresolved,multimodal_needed,Is shorter and is off one shoulder and shorter.,mbeir_images/fashioniq_images/B006C4GIS6.jpg,7:72531,811,206,15548,lamra,lamra,qwen3vl8b_vllm,0,0,0,0
144,7:145,unresolved,unresolved,multimodal_needed,Is more colorful and looser and mover chest coverage and wider skirt.,mbeir_images/fashioniq_images/B007PPHY70.jpg,7:28945,13,344,71,lamra,gemini_embedding_2,mmembed,0,0,0,0
145,7:146,unresolved,unresolved,multimodal_needed,Has spaghetti straps and is red and is sleeveless and denim.,mbeir_images/fashioniq_images/B00B6PTBX0.jpg,7:25660,501,370,5835,qwen3vl8b_vllm,vlm2vec_v2,mmembed,0,0,0,0
146,7:147,unresolved,unresolved,multimodal_needed,Is brighter and longer in length and is longer and more formal.,mbeir_images/fashioniq_images/B00CF3BFWM.jpg,7:57504,53,88,587,qwen3vl2b_vllm,lamra_qwen25vl,lamra_qwen25vl,0,0,0,0
147,7:148,unresolved,unresolved,multimodal_needed,Is a darker color and has more red and more designs.,mbeir_images/fashioniq_images/B0069IWITS.jpg,7:39746,163,253,6610,gemini_embedding_2,e5_omni,gemini_embedding_2,0,0,0,0
148,7:149,unresolved,unresolved,multimodal_needed,And red pattern. With short sleeves and more yellow and thinner strap.,mbeir_images/fashioniq_images/B00BUVJTSC.jpg,7:2242,140,79,188,lamra_qwen25vl,rzen_embed,lamra,0,0,0,0
149,7:150,composition_required,composition_required,multimodal_needed,Has longer sleeves and has a different pattern and is lighter in color and longer sleeves.,mbeir_images/fashioniq_images/B00AYLAFOG.jpg,7:23964,9,124,1670,lamra,qwen3vl2b_vllm,lamra,1,0,0,0
150,7:151,unresolved,unresolved,multimodal_needed,Is less revealing and has a pattern and less of a V-neck.,mbeir_images/fashioniq_images/B001DXL1WY.jpg,7:34201,108,1351,464,rzen_embed,vlm2vec_v2,voyage_multimodal_35,0,0,0,0
151,7:152,unresolved,unresolved,multimodal_needed,Is solid white and high low and is slightly shorter and more colorful.,mbeir_images/fashioniq_images/B00F150ZXQ.jpg,7:54233,3399,6261,2893,qwen3vl2b_vllm,lamra,gemini_embedding_2,0,0,0,0
152,7:153,unresolved,unresolved,multimodal_needed,Has a more modest neck line and is solid black and shows less skin and has more black.,mbeir_images/fashioniq_images/B009CQNT6U.jpg,7:61748,341,595,2584,lamra_qwen25vl,gemini_embedding_2,lamra_qwen25vl,0,0,0,0
153,7:154,unresolved,unresolved,multimodal_needed,More dark black dress and is dark colored.,mbeir_images/fashioniq_images/B007TUE48S.jpg,7:30036,53,706,445,qwen3vl8b_vllm,voyage_multimodal_35,gemini_embedding_2,0,0,0,0
154,7:155,composition_required,composition_required,multimodal_needed,Is darker purple and strapless and is shorter and more formal.,mbeir_images/fashioniq_images/B00AD11FFU.jpg,7:10378,7,12,186,qwen3vl8b_vllm,qwen3vl8b_vllm,vlm2vec_v2,2,0,0,0
158,7:159,unresolved,unresolved,multimodal_needed,Is darker and less sheer and is solid black.,mbeir_images/fashioniq_images/B00B2FEFNU.jpg,7:58352,27,571,244,qwen3vl8b_vllm,vlm2vec_v2,,0,0,0,0
159,7:160,unresolved,unresolved,multimodal_needed,Is dark grey and longer sleeves and is black colored with patterns.,mbeir_images/fashioniq_images/B00BXK91FG.jpg,7:56626,102,2305,227,lamra_qwen25vl,qwen3vl8b_vllm,lamra,0,0,0,0
160,7:161,composition_required,composition_required,multimodal_needed,Is solid black with loose a tophalf and has long sleeves and is less form-fitting.,mbeir_images/fashioniq_images/B00DQ686X8.jpg,7:16307,2,142,1323,lamra,gemini_embedding_2,lamra_qwen25vl,1,0,0,0
161,7:162,composition_required,composition_required,multimodal_needed,Is blue and white with tighter patterns and is a little lighter in color with a different design and v neck.,mbeir_images/fashioniq_images/B00BXB6XWE.jpg,7:36489,1,38,40,lamra,gemini_embedding_2,qwen3vl8b_vllm,7,0,0,0
163,7:164,unresolved,unresolved,multimodal_needed,About the same but less revealing chest and no patterns.,mbeir_images/fashioniq_images/B007Q39QB8.jpg,7:39351,35,7092,78,lamra,lamra_qwen25vl,lamra,0,0,0,0
164,7:165,composition_required,composition_required,multimodal_needed,Is more free and brighter and is off one sholder and fuller.,mbeir_images/fashioniq_images/B00F4O129A.jpg,7:10441,2,44,134,qwen3vl8b_vllm,qwen3vl8b_vllm,lamra_qwen25vl,2,0,0,0
165,7:166,unresolved,unresolved,multimodal_needed,Is longer and darker and is a darker color print design.,mbeir_images/fashioniq_images/B00DDX15TG.jpg,7:18138,64,23,1272,rzen_embed,qwen3vl2b_vllm,lamra,0,0,0,0
166,7:167,composition_required,composition_required,multimodal_needed,Is solid pink and is pink and longer.,mbeir_images/fashioniq_images/B009CPQZ12.jpg,7:69519,2,58,97,gemini_embedding_2,qwen3vl8b_vllm,gemini_embedding_2,2,0,0,0
167,7:168,composition_required,composition_required,multimodal_needed,Is solid pale green with cap sleeves and is short sleeved and scooped neck.,mbeir_images/fashioniq_images/B00C2G1HCA.jpg,7:9969,1,11,1701,gemini_embedding_2,gemini_embedding_2,gemini_embedding_2,2,0,0,0
168,7:169,unresolved,unresolved,multimodal_needed,Has open shoulders straps and fitted with no belt and light color.,mbeir_images/fashioniq_images/B007IGI8D0.jpg,7:26119,770,9028,177,vlm2vec_v2,gemini_embedding_2,e5_omni,0,0,0,0
170,7:171,unresolved,unresolved,multimodal_needed,Has a high-low hem and no words and is pink and flowing.,mbeir_images/fashioniq_images/B005JDB3UO.jpg,7:42511,50,83,3607,qwen3vl8b_vllm,qwen3vl8b_vllm,vlm2vec_v2,0,0,0,0
171,7:172,unresolved,unresolved,multimodal_needed,Has shorter sleeves and less lace pattern and has a less noticeable pattern.,mbeir_images/fashioniq_images/B00FHXBQFS.jpg,7:36933,55,242,93,qwen3vl8b_vllm,qwen3vl2b_vllm,e5_omni,0,0,0,0
172,7:173,unresolved,unresolved,multimodal_needed,Is an orange and is red and white with sleeves.,mbeir_images/fashioniq_images/B00D7ISRPC.jpg,7:49296,41,15,6057,lamra,mmembed,e5_omni,0,0,0,0
173,7:174,unresolved,unresolved,multimodal_needed,Is more patterned with shorter sleeves and blue and has sleeves.,mbeir_images/fashioniq_images/B0058XPHQG.jpg,7:34190,28,1311,154,e5_omni,gemini_embedding_2,,0,0,0,0
175,7:176,composition_required,composition_required,multimodal_needed,Black and white with striped patterns and black and white with sleeves.,mbeir_images/fashioniq_images/B00AFDH25I.jpg,7:52652,1,178,139,gme_qwen2vl_retriever_2,rzen_embed,,8,0,0,0
176,7:177,unresolved,unresolved,multimodal_needed,Has long sleeves and a shorter hemline and is a red and black floral pattern.,mbeir_images/fashioniq_images/B004FPYVO2.jpg,7:46608,56,838,639,e5_omni,e5_omni,,0,0,0,0
177,7:178,unresolved,unresolved,multimodal_needed,Is more loose fitting and is darker and more conservative.,mbeir_images/fashioniq_images/B0061IXDTU.jpg,7:9065,69,922,151,lamra_qwen25vl,qwen3vl8b_vllm,lamra_qwen25vl,0,0,0,0
178,7:179,unresolved,unresolved,multimodal_needed,A solid and is much shorter.,mbeir_images/fashioniq_images/B002TKJL40.jpg,7:45558,828,1305,2609,vlm2vec_v2,rzen_embed,e5_omni,0,0,0,0
180,7:181,unresolved,unresolved,multimodal_needed,More vintage styled and sleeveless and is darker in color and sleeveless.,mbeir_images/fashioniq_images/B009FEMH76.jpg,7:10459,487,106,6841,qwen3vl8b_vllm,vlm2vec_v2,qwen3vl8b_vllm,0,0,0,0
181,7:182,composition_required,composition_required,multimodal_needed,Is blue with a belted waist and longer drop waist pink patterned.,mbeir_images/fashioniq_images/B007SX36PI.jpg,7:72838,5,24,1669,gme_qwen2vl_retriever_2,gemini_embedding_2,rzen_embed,2,0,0,0
182,7:183,unresolved,unresolved,multimodal_needed,Has spaghetti straps and is blue and is blue with thin straps.,mbeir_images/fashioniq_images/B009MB17B4.jpg,7:11969,43,246,2789,mmembed,qwen3vl8b_vllm,lamra,0,0,0,0
184,7:185,unresolved,unresolved,multimodal_needed,Is more casual with a tank top and is less revealing.,mbeir_images/fashioniq_images/B009X6E9E0.jpg,7:26679,170,408,2156,e5_omni,vlm2vec_v2,e5_omni,0,0,0,0
187,7:188,unresolved,unresolved,multimodal_needed,Is shorter with thick straps and is a shorter dress.,mbeir_images/fashioniq_images/B0092QWVQO.jpg,7:3519,520,2517,692,qwen3vl8b_vllm,lamra,vlm2vec_v2,0,0,0,0
188,7:189,unresolved,unresolved,multimodal_needed,Bodycon with darker color and is dark in color and more fitted.,mbeir_images/fashioniq_images/B00CFUEHAW.jpg,7:27169,148,376,6008,gemini_embedding_2,gemini_embedding_2,gemini_embedding_2,0,0,0,0
189,7:190,composition_required,composition_required,multimodal_needed,Has more polka dots and is darker with polka dots.,mbeir_images/fashioniq_images/B00BIJGMD6.jpg,7:39637,2,450,47,voyage_multimodal_35,vlm2vec_v2,voyage_multimodal_35,2,0,0,0
192,7:193,unresolved,unresolved,multimodal_needed,Is lighter and is lighter in color on bottom half.,mbeir_images/fashioniq_images/B00DDHA7YQ.jpg,7:17312,20,146,298,qwen3vl2b_vllm,qwen3vl8b_vllm,qwen3vl8b_vllm,0,0,0,0
194,7:195,composition_required,composition_required,multimodal_needed,Is gold and has a satin texture and is gold and less casual.,mbeir_images/fashioniq_images/B00BY3GCD6.jpg,7:29807,3,15,490,qwen3vl2b_vllm,gme_qwen2vl_retriever_2,qwen3vl2b_vllm,4,0,0,0
196,7:197,unresolved,unresolved,multimodal_needed,Is a combination of red and grey and is black with long sleeves.,mbeir_images/fashioniq_images/B005HEJCDK.jpg,7:41620,21,1643,1695,rzen_embed,vlm2vec_v2,e5_omni,0,0,0,0
197,7:198,composition_required,composition_required,multimodal_needed,Is blue and is shorter and more revealing.,mbeir_images/fashioniq_images/B008AKNE3W.jpg,7:4726,1,160,425,lamra,gemini_embedding_2,gemini_embedding_2,5,0,0,0
198,7:199,unresolved,unresolved,multimodal_needed,Is lighter and has a deep V neck and a belt.,mbeir_images/fashioniq_images/B008VPX9BS.jpg,7:47487,32,1636,53,qwen3vl2b_vllm,gemini_embedding_2,voyage_multimodal_35,0,0,0,0
199,7:200,unresolved,unresolved,multimodal_needed,Is a lighter color and is more concealing and is more patterned.,mbeir_images/fashioniq_images/B00C5168K8.jpg,7:12588,2422,3742,6714,voyage_multimodal_35,qwen3vl2b_vllm,voyage_multimodal_35,0,0,0,0
200,7:201,composition_required,composition_required,multimodal_needed,Is yellow in color with shorter sleeves and much more colorful and striped.,mbeir_images/fashioniq_images/B0060JO9BG.jpg,7:5180,1,37,1726,e5_omni,qwen3vl2b_vllm,gemini_embedding_2,9,0,0,0
201,7:202,composition_required,composition_required,multimodal_needed,Is more revealing and is a lighter color.,mbeir_images/fashioniq_images/B0073HKUWG.jpg,7:18641,5,1231,340,voyage_multimodal_35,gme_qwen2vl_retriever_2,voyage_multimodal_35,1,0,0,0
202,7:203,unresolved,unresolved,multimodal_needed,Longer and dark colored and is more black and longer.,mbeir_images/fashioniq_images/B0076RQLLW.jpg,7:29466,15,34,5618,lamra,qwen3vl8b_vllm,mmembed,0,0,0,0
203,7:204,composition_required,composition_required,multimodal_needed,Is pink in color and is sleeveless and pink.,mbeir_images/fashioniq_images/B0084DJQ6O.jpg,7:39321,1,56,1175,lamra,gemini_embedding_2,qwen3vl2b_vllm,8,0,0,0
205,7:206,composition_required,composition_required,multimodal_needed,Has long sleeves and is black and has long sleeves and is shorter.,mbeir_images/fashioniq_images/B008PG0SOO.jpg,7:64498,5,41,2550,rzen_embed,voyage_multimodal_35,gemini_embedding_2,2,0,0,0
206,7:207,unresolved,unresolved,multimodal_needed,Shinier and brighter colored and is aqua colored without a slit.,mbeir_images/fashioniq_images/B00AOWQJZ4.jpg,7:16321,27,43,380,gme_qwen2vl_retriever_2,rzen_embed,qwen3vl8b_vllm,0,0,0,0
207,7:208,composition_required,composition_required,multimodal_needed,Is lighter and is coral and less revealing.,mbeir_images/fashioniq_images/B00GCR5OPG.jpg,7:69729,2,206,322,gemini_embedding_2,gemini_embedding_2,qwen3vl8b_vllm,5,0,0,0
208,7:209,unresolved,unresolved,multimodal_needed,Is more flowery and with short sleeves and is black with floral patterns.,mbeir_images/fashioniq_images/B00DR8ZWAU.jpg,7:2732,258,2214,3427,lamra,rzen_embed,lamra,0,0,0,0
209,7:210,unresolved,unresolved,multimodal_needed,Is longer and is long with straps.,mbeir_images/fashioniq_images/B0060JO9BG.jpg,7:49819,109,117,2540,lamra_qwen25vl,gemini_embedding_2,,0,0,0,0
210,7:211,unresolved,unresolved,multimodal_needed,Is no sleeves and darker color and has markings in black and red flowers.,mbeir_images/fashioniq_images/B00BTT3R0Q.jpg,7:74063,45,2930,2445,mmembed,vlm2vec_v2,qwen3vl8b_vllm,0,0,0,0
211,7:212,unresolved,unresolved,multimodal_needed,Has no sleeves and is more patterned and shorter.,mbeir_images/fashioniq_images/B00AW7ZRM2.jpg,7:35658,50,759,524,vlm2vec_v2,gemini_embedding_2,vlm2vec_v2,0,0,0,0
212,7:213,unresolved,unresolved,multimodal_needed,Is a lighter color and black.,mbeir_images/fashioniq_images/B008S0HK3Y.jpg,7:491,11,13762,47,mmembed,qwen3vl8b_vllm,gemini_embedding_2,0,0,0,0
213,7:214,unresolved,unresolved,multimodal_needed,Is purple colored and sleeveless and has straps and is more navy in colour.,mbeir_images/fashioniq_images/B007L9UQRA.jpg,7:68329,352,120,4373,lamra_qwen25vl,lamra_qwen25vl,lamra,0,0,0,0
215,7:216,composition_required,composition_required,multimodal_needed,Has longer sleeves and longer sleeves and broader neck.,mbeir_images/fashioniq_images/B007WPHD92.jpg,7:2001,1,887,15,gme_qwen2vl_retriever_2,vlm2vec_v2,,4,0,0,0
216,7:217,composition_required,composition_required,multimodal_needed,Is long sleeves and biggest black striped and is darker and more striped and has longer sleeves.,mbeir_images/fashioniq_images/B006TAM4CW.jpg,7:7407,1,99,658,lamra_qwen25vl,vlm2vec_v2,gemini_embedding_2,6,0,0,0
217,7:218,unresolved,unresolved,multimodal_needed,Is black with longer sleeves and is darker and has longer sleeves.,mbeir_images/fashioniq_images/B008QVZT3I.jpg,7:56010,63,442,5339,rzen_embed,voyage_multimodal_35,vlm2vec_v2,0,0,0,0
219,7:220,unresolved,unresolved,multimodal_needed,Is dark blue with no sleeves and is shorter in length.,mbeir_images/fashioniq_images/B00E3HDPMQ.jpg,7:22863,1239,622,3408,qwen3vl8b_vllm,qwen3vl2b_vllm,mmembed,0,0,0,0
220,7:221,composition_required,composition_required,multimodal_needed,Has a more colorful floral pattern and bleted.,mbeir_images/fashioniq_images/B008BHCS2C.jpg,7:2350,1,19,2018,vlm2vec_v2,voyage_multimodal_35,lamra_qwen25vl,5,0,0,0
222,7:223,unresolved,unresolved,multimodal_needed,Is more revealing and is shorter.,mbeir_images/fashioniq_images/B009NCHBBW.jpg,7:9041,170,2560,1632,lamra,gemini_embedding_2,,0,0,0,0
224,7:225,unresolved,unresolved,multimodal_needed,Is much brighter in color and more hugging and satin.,mbeir_images/fashioniq_images/B008E6CKVY.jpg,7:10940,375,581,2999,lamra_qwen25vl,voyage_multimodal_35,mmembed,0,0,0,0
225,7:226,unresolved,unresolved,multimodal_needed,Has a  black and white print and only straps and comes in reflective red.,mbeir_images/fashioniq_images/B004DCAVT6.jpg,7:60744,932,12910,686,,lamra_qwen25vl,voyage_multimodal_35,0,0,0,0
226,7:227,unresolved,unresolved,multimodal_needed,Is similar and is lighter and more pastel.,mbeir_images/fashioniq_images/B00726H26K.jpg,7:63221,184,832,132,mmembed,mmembed,rzen_embed,0,0,0,0
227,7:228,composition_required,composition_required,multimodal_needed,Has short sleeves and is brighter and is striped and has longer sleeves.,mbeir_images/fashioniq_images/B0056F25J8.jpg,7:44847,1,137,144,rzen_embed,qwen3vl2b_vllm,vlm2vec_v2,9,0,0,0
230,7:231,composition_required,composition_required,multimodal_needed,Has less sleeves with red and gray and is blue with a higher neckline and black belt.,mbeir_images/fashioniq_images/B0036DE0R2.jpg,7:39461,5,12,2703,rzen_embed,gemini_embedding_2,,1,0,0,0
231,7:232,unresolved,unresolved,multimodal_needed,Is floral printed and less striped and is white patterned and not striped.,mbeir_images/fashioniq_images/B008OVO8BY.jpg,7:28484,240,1769,1304,e5_omni,gme_qwen2vl_retriever_2,qwen3vl8b_vllm,0,0,0,0
232,7:233,unresolved,unresolved,multimodal_needed,Is solid colored with straps and is darker and has straps.,mbeir_images/fashioniq_images/B001PKTT7E.jpg,7:65197,89,859,2893,lamra_qwen25vl,gemini_embedding_2,qwen3vl8b_vllm,0,0,0,0
233,7:234,composition_required,composition_required,multimodal_needed,Is shorter knee length and airy and is black with straps.,mbeir_images/fashioniq_images/B008O8MESQ.jpg,7:70422,6,191,49,e5_omni,qwen3vl8b_vllm,e5_omni,1,0,0,0
235,7:236,unresolved,unresolved,multimodal_needed,Has more print work and is pink and less strappy.,mbeir_images/fashioniq_images/B007WA3RBK.jpg,7:9107,12,146,227,gme_qwen2vl_retriever_2,,gme_qwen2vl_retriever_2,0,0,0,0
236,7:237,unresolved,unresolved,multimodal_needed,Is solid white and longer and is black and form fitted with a v-neck.,mbeir_images/fashioniq_images/B00E1ZTATW.jpg,7:4660,1450,2405,9936,rzen_embed,rzen_embed,voyage_multimodal_35,0,0,0,0
242,7:243,composition_required,composition_required,multimodal_needed,Is lighter with no stripes and lots of pleats and is ivory with a layered top.,mbeir_images/fashioniq_images/B007MLM38C.jpg,7:31636,2,15,2655,qwen3vl8b_vllm,qwen3vl2b_vllm,lamra,4,0,0,0
243,7:244,unresolved,unresolved,multimodal_needed,Has longer sleeves and is sexier and is black and more dressy.,mbeir_images/fashioniq_images/B005ENHHZO.jpg,7:5484,188,28,9278,mmembed,mmembed,lamra,0,0,0,0
244,7:245,unresolved,unresolved,multimodal_needed,Is blue and strapless and is blue and strapless.,mbeir_images/fashioniq_images/B00C7Z4VGU.jpg,7:6515,25,29,9320,mmembed,mmembed,lamra_qwen25vl,0,0,0,0
245,7:246,unresolved,unresolved,multimodal_needed,Is short and more purple with shorter skirt.,mbeir_images/fashioniq_images/B006MPVW4U.jpg,7:22136,31,93,217,qwen3vl2b_vllm,qwen3vl8b_vllm,vlm2vec_v2,0,0,0,0
246,7:247,composition_required,composition_required,multimodal_needed,Has no straps and is green and strapless.,mbeir_images/fashioniq_images/B006J66U2G.jpg,7:24363,1,18,830,gme_qwen2vl_retriever_2,lamra_qwen25vl,qwen3vl8b_vllm,8,0,0,0
248,7:249,composition_required,composition_required,multimodal_needed,Has longer sleeves and black and white with belt and is black and grey with a belt and longer sleeves.,mbeir_images/fashioniq_images/B009P1MYNQ.jpg,7:20805,2,79,1049,qwen3vl2b_vllm,gme_qwen2vl_retriever_2,mmembed,5,0,0,0
249,7:250,unresolved,unresolved,multimodal_needed,Short sleeved black dress with collar and has short sleeves and a collar.,mbeir_images/fashioniq_images/B0091C68MW.jpg,7:72361,16,21,84,lamra,lamra,qwen3vl8b_vllm,0,0,0,0
250,7:251,composition_required,composition_required,multimodal_needed,Is black in color and black and sheer.,mbeir_images/fashioniq_images/B00CWSNY24.jpg,7:44576,2,67,863,voyage_multimodal_35,lamra_qwen25vl,voyage_multimodal_35,2,0,0,0
251,7:252,composition_required,composition_required,multimodal_needed,Is white colored with black floral print and sweetheart neckline.,mbeir_images/fashioniq_images/B008BA7MPW.jpg,7:70244,1,18,72,gemini_embedding_2,gme_qwen2vl_retriever_2,,8,0,0,0
255,7:256,composition_required,composition_required,multimodal_needed,Has lace and is short and red and is more red and shorter.,mbeir_images/fashioniq_images/B0072QV4V4.jpg,7:35743,6,15,2872,lamra_qwen25vl,lamra,mmembed,2,0,0,0
256,7:257,composition_required,composition_required,multimodal_needed,Is solid black in color and is black and long.,mbeir_images/fashioniq_images/B00C7N0BRU.jpg,7:69397,5,27,74,lamra_qwen25vl,lamra_qwen25vl,lamra_qwen25vl,2,0,0,0
257,7:258,composition_required,composition_required,multimodal_needed,Is a dark turquoise color with long sleeves and is a darker color and has longer sleeves.,mbeir_images/fashioniq_images/B00BTT3R0Q.jpg,7:27349,3,75,3776,gme_qwen2vl_retriever_2,voyage_multimodal_35,vlm2vec_v2,4,0,0,0
258,7:259,composition_required,composition_required,multimodal_needed,Has a colorful print and is more whimsical.,mbeir_images/fashioniq_images/B0091WZCE2.jpg,7:13764,2,807,116,lamra,lamra,lamra,2,0,0,0
259,7:260,unresolved,unresolved,multimodal_needed,Brighter and longer and is red and white with straps.,mbeir_images/fashioniq_images/B0043D2HME.jpg,7:51390,233,663,8066,qwen3vl8b_vllm,voyage_multimodal_35,,0,0,0,0
261,7:262,composition_required,composition_required,multimodal_needed,Is longer with no sleeves and printed and has a brown bottom and is longer.,mbeir_images/fashioniq_images/B003VQQZM2.jpg,7:70359,4,48,4420,lamra,voyage_multimodal_35,lamra,2,0,0,0
264,7:265,unresolved,unresolved,multimodal_needed,Is blue in color and a solid blue dress.,mbeir_images/fashioniq_images/B002NVCPQ6.jpg,7:10729,83,517,1295,lamra_qwen25vl,vlm2vec_v2,lamra_qwen25vl,0,0,0,0
265,7:266,unresolved,unresolved,multimodal_needed,Is more fashionable and is black and white with blue lines.,mbeir_images/fashioniq_images/B006PAT5EQ.jpg,7:60823,181,1329,285,qwen3vl2b_vllm,voyage_multimodal_35,gemini_embedding_2,0,0,0,0
266,7:267,composition_required,composition_required,multimodal_needed,Is grey and shows less skin and has material on the hips.,mbeir_images/fashioniq_images/B008LTJG3E.jpg,7:42146,7,13,731,lamra_qwen25vl,voyage_multimodal_35,,3,0,0,0
267,7:268,unresolved,unresolved,multimodal_needed,Is a brighter tiered dress and is frilly and has more blue.,mbeir_images/fashioniq_images/B000AYI3L4.jpg,7:38534,34,60,2648,gemini_embedding_2,gemini_embedding_2,voyage_multimodal_35,0,0,0,0
268,7:269,composition_required,composition_required,multimodal_needed,Is redder with shorter sleeves and is more colordul.,mbeir_images/fashioniq_images/B00857SPA2.jpg,7:37106,2,305,268,rzen_embed,qwen3vl2b_vllm,qwen3vl8b_vllm,5,0,0,0
269,7:270,composition_required,composition_required,multimodal_needed,Is longer and more patterned and is longer and more red.,mbeir_images/fashioniq_images/B0075AV660.jpg,7:25840,7,396,2318,gme_qwen2vl_retriever_2,gemini_embedding_2,,1,0,0,0
271,7:272,composition_required,composition_required,multimodal_needed,Is strapless and solid black and is black with no sleeves.,mbeir_images/fashioniq_images/B00CQ9U2UQ.jpg,7:37690,1,43,736,mmembed,gme_qwen2vl_retriever_2,mmembed,2,0,0,0
272,7:273,unresolved,unresolved,multimodal_needed,Is blue with long sleeves and is lighter.,mbeir_images/fashioniq_images/B00CFYDMM2.jpg,7:5713,43,127,2417,qwen3vl8b_vllm,qwen3vl8b_vllm,voyage_multimodal_35,0,0,0,0
273,7:274,unresolved,unresolved,multimodal_needed,Has a tighter fit and is pink and pink.,mbeir_images/fashioniq_images/B0055OGJLU.jpg,7:1810,17,52,4696,lamra,voyage_multimodal_35,,0,0,0,0
274,7:275,composition_required,composition_required,multimodal_needed,Floral and has a rectangular shaped neck and is black and light pink and sleeveless.,mbeir_images/fashioniq_images/B009TM8IG8.jpg,7:33452,1,97,211,lamra,qwen3vl8b_vllm,,4,0,0,0
275,7:276,composition_required,composition_required,multimodal_needed,Has floral and long sleeves and has longer sleeves and a lighter pattern.,mbeir_images/fashioniq_images/B0054N0S6E.jpg,7:33871,9,132,584,qwen3vl2b_vllm,vlm2vec_v2,vlm2vec_v2,1,0,0,0
276,7:277,composition_required,composition_required,multimodal_needed,Is younger and more printed and is shorter in color.,mbeir_images/fashioniq_images/B006G3YVBE.jpg,7:22880,5,14,2742,qwen3vl2b_vllm,qwen3vl2b_vllm,lamra_qwen25vl,1,0,0,0
278,7:279,unresolved,unresolved,multimodal_needed,Is longer with a floral pattern and is longer and has thin strap sleeves.,mbeir_images/fashioniq_images/B004EHON6W.jpg,7:73924,39,63,14288,lamra,gemini_embedding_2,,0,0,0,0
279,7:280,unresolved,unresolved,multimodal_needed,Has longer sleeves and is black and is black.,mbeir_images/fashioniq_images/B00BNVAH6M.jpg,7:47190,458,182,2918,qwen3vl8b_vllm,qwen3vl8b_vllm,lamra_qwen25vl,0,0,0,0
281,7:282,unresolved,unresolved,multimodal_needed,Has more lace and no sleeves and is sleeveless with a lacy neck.,mbeir_images/fashioniq_images/B00CFYDMM2.jpg,7:62679,14,255,168,qwen3vl8b_vllm,qwen3vl8b_vllm,,0,0,0,0
282,7:283,composition_required,composition_required,multimodal_needed,Is shorter and has a little design and dark and short.,mbeir_images/fashioniq_images/B00C6PP5CA.jpg,7:15553,4,327,947,qwen3vl8b_vllm,qwen3vl8b_vllm,,1,0,0,0
283,7:284,composition_required,composition_required,multimodal_needed,Is body suit in solid color and is black and less revealing.,mbeir_images/fashioniq_images/B00FZVANC4.jpg,7:30272,5,21,14653,lamra_qwen25vl,lamra_qwen25vl,gemini_embedding_2,1,0,0,0
285,7:286,unresolved,unresolved,multimodal_needed,Has longer sleeves and white.,mbeir_images/fashioniq_images/B00405RUWC.jpg,7:8121,721,19188,348,,voyage_multimodal_35,rzen_embed,0,0,0,0
286,7:287,unresolved,unresolved,multimodal_needed,Is shorter and darker and is shorter.,mbeir_images/fashioniq_images/B00595TNMM.jpg,7:46816,967,152,7973,rzen_embed,rzen_embed,rzen_embed,0,0,0,0
288,7:289,unresolved,unresolved,multimodal_needed,Has shorter black mini and long sleeves and is black.,mbeir_images/fashioniq_images/B00BEJ34Q8.jpg,7:68005,21,86,1668,lamra_qwen25vl,gemini_embedding_2,e5_omni,0,0,0,0
289,7:290,unresolved,unresolved,multimodal_needed,And is a lighter color and is sleeveless.,mbeir_images/fashioniq_images/B00A16KWZ6.jpg,7:67061,386,17992,333,,qwen3vl2b_vllm,e5_omni,0,0,0,0
290,7:291,unresolved,unresolved,multimodal_needed,Is silky and bright and is silver.,mbeir_images/fashioniq_images/B002UD64NW.jpg,7:18948,30,334,4506,mmembed,e5_omni,qwen3vl8b_vllm,0,0,0,0
291,7:292,unresolved,unresolved,multimodal_needed,Is longer and more clolorful and is more colorful and sleeveless.,mbeir_images/fashioniq_images/B00C7Z4VGU.jpg,7:25529,58,157,1749,mmembed,lamra,vlm2vec_v2,0,0,0,0
292,7:293,unresolved,unresolved,multimodal_needed,Is a halter and solid color and light & Dark color.,mbeir_images/fashioniq_images/B008BWOCGC.jpg,7:9987,2399,232,12818,lamra,voyage_multimodal_35,e5_omni,0,0,0,0
293,7:294,composition_required,composition_required,multimodal_needed,Is shorter length and darker and is black with three quarter length sleeves.,mbeir_images/fashioniq_images/B008006FK6.jpg,7:35663,8,126,2083,vlm2vec_v2,gemini_embedding_2,,1,0,0,0
294,7:295,composition_required,composition_required,multimodal_needed,Is more revealing and brighter with floral pattern.,mbeir_images/fashioniq_images/B00DOYXMA4.jpg,7:45814,3,83,1827,qwen3vl8b_vllm,voyage_multimodal_35,qwen3vl8b_vllm,1,0,0,0
300,7:301,unresolved,unresolved,multimodal_needed,Patterned and much longer and is a faded yellow.,mbeir_images/fashioniq_images/B008D5GUJY.jpg,7:47745,32,89,3088,lamra_qwen25vl,e5_omni,lamra_qwen25vl,0,0,0,0
301,7:302,composition_required,composition_required,multimodal_needed,Is black colored and has floral pattern and is darker and longer.,mbeir_images/fashioniq_images/B004OHYU4M.jpg,7:63244,1,297,41,qwen3vl8b_vllm,qwen3vl2b_vllm,vlm2vec_v2,9,0,0,0
304,7:305,unresolved,unresolved,multimodal_needed,Has cap sleeves and is shorter and is slightly darker and has short sleeves.,mbeir_images/fashioniq_images/B0079G6CXC.jpg,7:40586,31,878,1875,qwen3vl2b_vllm,qwen3vl8b_vllm,mmembed,0,0,0,0
305,7:306,unresolved,unresolved,multimodal_needed,Is more colorful and is pink and has straps.,mbeir_images/fashioniq_images/B003A84EOM.jpg,7:46103,24,580,383,qwen3vl2b_vllm,rzen_embed,qwen3vl2b_vllm,0,0,0,0
306,7:307,unresolved,unresolved,multimodal_needed,Is white with red floral print and is pink and more flowing.,mbeir_images/fashioniq_images/B0036SHD1W.jpg,7:9574,52,97,10185,lamra_qwen25vl,gemini_embedding_2,,0,0,0,0
307,7:308,unresolved,unresolved,multimodal_needed,Is a darker color with no sleeves and is darker and has no sleeves.,mbeir_images/fashioniq_images/B0007WIZYE.jpg,7:61750,4097,649,9138,qwen3vl8b_vllm,qwen3vl2b_vllm,vlm2vec_v2,0,0,0,0
309,7:310,unresolved,unresolved,multimodal_needed,Is solid black with shorter sleeves and is black and more revealing.,mbeir_images/fashioniq_images/B008D6LE3A.jpg,7:40109,149,1533,712,qwen3vl8b_vllm,vlm2vec_v2,qwen3vl8b_vllm,0,0,0,0
310,7:311,unresolved,unresolved,multimodal_needed,Is solid black with a hemline above the knees and is shorter and darker in color.,mbeir_images/fashioniq_images/B0084Y2V6A.jpg,7:13917,30,51,1516,vlm2vec_v2,vlm2vec_v2,vlm2vec_v2,0,0,0,0
311,7:312,unresolved,unresolved,multimodal_needed,Is belted with shorter sleeves and is blue and has shorter sleeves.,mbeir_images/fashioniq_images/B009TM8IG8.jpg,7:23578,18,39,2131,voyage_multimodal_35,qwen3vl2b_vllm,,0,0,0,0
312,7:313,unresolved,unresolved,multimodal_needed,And strapless and is darker and printed.,mbeir_images/fashioniq_images/B0030CY6DW.jpg,7:47778,422,522,393,lamra_qwen25vl,gme_qwen2vl_retriever_2,mmembed,0,0,0,0
313,7:314,unresolved,unresolved,multimodal_needed,Has more fringes and more sleeves and red and black dress.,mbeir_images/fashioniq_images/B007TUE48S.jpg,7:62877,608,154,1025,lamra_qwen25vl,vlm2vec_v2,lamra_qwen25vl,0,0,0,0
315,7:316,unresolved,unresolved,multimodal_needed,Is shorter and shorter.,mbeir_images/fashioniq_images/B007RBIRK0.jpg,7:12414,872,6722,1076,lamra_qwen25vl,lamra,lamra_qwen25vl,0,0,0,0
316,7:317,unresolved,unresolved,multimodal_needed,A black dress that has long lacy sleeves and n/A second picture is not a fashion product.,mbeir_images/fashioniq_images/B00BG4M4BM.jpg,7:42468,11,62,2690,lamra_qwen25vl,gemini_embedding_2,lamra_qwen25vl,0,0,0,0
317,7:318,unresolved,unresolved,multimodal_needed,And thin fitting and sleeveless purple ruffle dress.,mbeir_images/fashioniq_images/B005GMTBPC.jpg,7:25352,21,32,7325,rzen_embed,qwen3vl2b_vllm,voyage_multimodal_35,0,0,0,0
318,7:319,composition_required,composition_required,multimodal_needed,Has longer sleeves with darker color and is black and shinier.,mbeir_images/fashioniq_images/B0071UPNJ0.jpg,7:49282,1,13,470,mmembed,qwen3vl2b_vllm,,3,0,0,0
320,7:321,unresolved,unresolved,multimodal_needed,Is blue with short sleeves and belted and sleeved.,mbeir_images/fashioniq_images/B008UPM3SO.jpg,7:70226,99,102,4048,qwen3vl8b_vllm,qwen3vl8b_vllm,qwen3vl2b_vllm,0,0,0,0
321,7:322,unresolved,unresolved,multimodal_needed,Has no sleeves and a print and is black.,mbeir_images/fashioniq_images/B007Y0UKN6.jpg,7:20625,160,1606,2892,gemini_embedding_2,vlm2vec_v2,,0,0,0,0
322,7:323,composition_required,composition_required,multimodal_needed,Is shorter with a peplum sytle and more sexy.,mbeir_images/fashioniq_images/B0099DCINQ.jpg,7:73623,1,36,992,qwen3vl8b_vllm,rzen_embed,,3,0,0,0
323,7:324,composition_required,composition_required,multimodal_needed,Is more plain and has tank top sleeves and is shorter and souped neck.,mbeir_images/fashioniq_images/B00ASPCIF2.jpg,7:65224,10,6777,265,qwen3vl8b_vllm,gemini_embedding_2,vlm2vec_v2,1,0,0,0
324,7:325,unresolved,unresolved,multimodal_needed,Navy and more casual and is one toned.,mbeir_images/fashioniq_images/B00AXX86TG.jpg,7:17716,62,340,775,qwen3vl8b_vllm,qwen3vl8b_vllm,gemini_embedding_2,0,0,0,0
325,7:326,composition_required,composition_required,multimodal_needed,Is yellow with thin straps and yellow with thin straps.,mbeir_images/fashioniq_images/B0072QV4V4.jpg,7:31139,1,27,444,gme_qwen2vl_retriever_2,gemini_embedding_2,voyage_multimodal_35,9,0,0,0
327,7:328,unresolved,unresolved,multimodal_needed,Is less revealing and better design and has a wider skirt and no side split.,mbeir_images/fashioniq_images/B00AWM67OE.jpg,7:9108,15,37,46,voyage_multimodal_35,voyage_multimodal_35,qwen3vl8b_vllm,0,0,0,0
328,7:329,unresolved,unresolved,multimodal_needed,Black color dress looks too bold and is shorter and sexier.,mbeir_images/fashioniq_images/B00DONTLP0.jpg,7:20023,186,242,1403,e5_omni,qwen3vl2b_vllm,mmembed,0,0,0,0
329,7:330,unresolved,unresolved,multimodal_needed,Has long sleeves and has more coverage and is a little thinner.,mbeir_images/fashioniq_images/B005GMT86Y.jpg,7:8175,54,1080,1662,lamra_qwen25vl,lamra_qwen25vl,mmembed,0,0,0,0
330,7:331,unresolved,unresolved,multimodal_needed,Is a black dress with longer sleeves and the desired product is slightly longer and is less textured.,mbeir_images/fashioniq_images/B0032FOQUU.jpg,7:22604,61,406,1133,gemini_embedding_2,voyage_multimodal_35,gemini_embedding_2,0,0,0,0
331,7:332,unresolved,unresolved,multimodal_needed,Is blue and has a belt and is blue with shorter sleeves.,mbeir_images/fashioniq_images/B00A16KWZ6.jpg,7:58512,25,36,584,voyage_multimodal_35,gemini_embedding_2,mmembed,0,0,0,0
333,7:334,unresolved,unresolved,multimodal_needed,Is lighter and is lighter in color.,mbeir_images/fashioniq_images/B008YIG3DI.jpg,7:31021,28,4562,67,rzen_embed,gemini_embedding_2,gemini_embedding_2,0,0,0,0
334,7:335,unresolved,unresolved,multimodal_needed,Is white in color with thicker straps and is shorter.,mbeir_images/fashioniq_images/B00CA38COQ.jpg,7:55394,186,2336,285,gme_qwen2vl_retriever_2,qwen3vl8b_vllm,qwen3vl2b_vllm,0,0,0,0
335,7:336,unresolved,unresolved,multimodal_needed,Longer sleeves and grey and has longer sleeves.,mbeir_images/fashioniq_images/B008FD9MG2.jpg,7:72384,22,153,5943,lamra,lamra,gemini_embedding_2,0,0,0,0
336,7:337,composition_required,composition_required,multimodal_needed,Is brown and more shiny and is brow.,mbeir_images/fashioniq_images/B008GRR6II.jpg,7:32919,1,16,1564,vlm2vec_v2,vlm2vec_v2,rzen_embed,2,0,0,0
337,7:338,unresolved,unresolved,multimodal_needed,Is sexier and slim fit and is more form-fitting.,mbeir_images/fashioniq_images/B004RJ8IHW.jpg,7:39350,52,337,186,gme_qwen2vl_retriever_2,gemini_embedding_2,gme_qwen2vl_retriever_2,0,0,0,0
339,7:340,unresolved,unresolved,multimodal_needed,Has stipes and has less sleeves and is black and white striped.,mbeir_images/fashioniq_images/B0015SKXG2.jpg,7:20747,102,303,5406,mmembed,gemini_embedding_2,,0,0,0,0
340,7:341,unresolved,unresolved,multimodal_needed,Has no sleeves and more gathering on skirt and is sleeveless.,mbeir_images/fashioniq_images/B0097IX9NQ.jpg,7:47585,25,3620,26,lamra,vlm2vec_v2,vlm2vec_v2,0,0,0,0
341,7:342,unresolved,unresolved,multimodal_needed,Is black with a flower and is longer and a darker color.,mbeir_images/fashioniq_images/B004UJHMKS.jpg,7:10339,54,541,176,gme_qwen2vl_retriever_2,gme_qwen2vl_retriever_2,qwen3vl8b_vllm,0,0,0,0
342,7:343,composition_required,composition_required,multimodal_needed,Is plain white with transparent sleeves and is white with less sheer.,mbeir_images/fashioniq_images/B00C2LPWCQ.jpg,7:37017,4,121,96,rzen_embed,rzen_embed,,3,0,0,0
343,7:344,unresolved,unresolved,multimodal_needed,Is sleeveless and stripes horizontally and striped.,mbeir_images/fashioniq_images/B006TALF54.jpg,7:470,21,106,3532,rzen_embed,gemini_embedding_2,e5_omni,0,0,0,0
344,7:345,unresolved,unresolved,multimodal_needed,Is a white short sleeved dress. With lace shoulders and cap sleeves.,mbeir_images/fashioniq_images/B00DUL8IWS.jpg,7:56575,1528,1520,780,gme_qwen2vl_retriever_2,gme_qwen2vl_retriever_2,qwen3vl8b_vllm,0,0,0,0
345,7:346,unresolved,unresolved,multimodal_needed,Has slightly longer sleeves and is in solid black.,mbeir_images/fashioniq_images/B0083QEJL4.jpg,7:66798,40,533,235,gemini_embedding_2,vlm2vec_v2,voyage_multimodal_35,0,0,0,0
347,7:348,unresolved,unresolved,multimodal_needed,Is longer with a white and black pattern and is printed and has short sleeves.,mbeir_images/fashioniq_images/B007ZDYK2E.jpg,7:20331,14,108,2363,rzen_embed,vlm2vec_v2,qwen3vl2b_vllm,0,0,0,0
348,7:349,unresolved,unresolved,multimodal_needed,Is more revealing and has a vneck with long sleeves and is a mini dress.,mbeir_images/fashioniq_images/B008ATH59C.jpg,7:8528,121,441,243,mmembed,vlm2vec_v2,lamra,0,0,0,0
349,7:350,composition_required,composition_required,multimodal_needed,Is tan and black in color and is tan with black piping.,mbeir_images/fashioniq_images/B00A13GLG8.jpg,7:33164,3,40,168,mmembed,qwen3vl8b_vllm,,3,0,0,0
350,7:351,composition_required,composition_required,multimodal_needed,Os less detailed and is more white and strapless.,mbeir_images/fashioniq_images/B0091QSKHE.jpg,7:69990,8,59,45,qwen3vl2b_vllm,gemini_embedding_2,qwen3vl2b_vllm,1,0,0,0
351,7:352,unresolved,unresolved,multimodal_needed,With a white chest portion and shorter.,mbeir_images/fashioniq_images/B0061IQ32E.jpg,7:13919,360,2883,2811,gme_qwen2vl_retriever_2,qwen3vl8b_vllm,rzen_embed,0,0,0,0
352,7:353,composition_required,composition_required,multimodal_needed,Is satinier and has shorter sleeves and is less revealing and has longer sleeves.,mbeir_images/fashioniq_images/B00598QDJK.jpg,7:8044,10,234,47,rzen_embed,vlm2vec_v2,vlm2vec_v2,1,0,0,0
353,7:354,unresolved,unresolved,multimodal_needed,Is short and is knee length with long sleeves and no flowers.,mbeir_images/fashioniq_images/B0079G1GL0.jpg,7:54773,153,1573,2235,qwen3vl2b_vllm,lamra,lamra_qwen25vl,0,0,0,0
354,7:355,composition_required,composition_required,multimodal_needed,Is shorter and more fitted and has a lower cut heart shaped neckline and is more form fitting.,mbeir_images/fashioniq_images/B0060RMLPO.jpg,7:69148,6,103,1205,rzen_embed,qwen3vl2b_vllm,lamra,2,0,0,0
355,7:356,unresolved,unresolved,multimodal_needed,Has cap sleeves and is longer and has shoulders flow.,mbeir_images/fashioniq_images/B007ZDYK2E.jpg,7:70685,90,1023,294,rzen_embed,gemini_embedding_2,vlm2vec_v2,0,0,0,0
356,7:357,unresolved,unresolved,multimodal_needed,Is not as shiny and is pink and has longer sleeves.,mbeir_images/fashioniq_images/B007SX36PI.jpg,7:4580,199,938,12072,qwen3vl8b_vllm,voyage_multimodal_35,mmembed,0,0,0,0
357,7:358,unresolved,unresolved,multimodal_needed,Has longer sleeves and less fitted and is bolder.,mbeir_images/fashioniq_images/B009AMQ2WY.jpg,7:19277,93,30384,57,gemini_embedding_2,gemini_embedding_2,gemini_embedding_2,0,0,0,0
358,7:359,composition_required,composition_required,multimodal_needed,Has no sleeves and is green and and black.,mbeir_images/fashioniq_images/B0084OEYX8.jpg,7:45135,3,23,617,qwen3vl8b_vllm,gemini_embedding_2,mmembed,8,0,0,0
359,7:360,composition_required,composition_required,multimodal_needed,Has a black lace pattern and is shorter and no sleeves.,mbeir_images/fashioniq_images/B00FHXBQFS.jpg,7:12121,7,32,54,rzen_embed,gemini_embedding_2,,1,0,0,0
362,7:363,unresolved,unresolved,multimodal_needed,Is longer and off the shoulder print and is much lighter in color.,mbeir_images/fashioniq_images/B0084DJQ6O.jpg,7:26221,823,6217,2015,voyage_multimodal_35,voyage_multimodal_35,,0,0,0,0
363,7:364,unresolved,unresolved,multimodal_needed,Is light blue in color and is blue and flowy.,mbeir_images/fashioniq_images/B008E7IA12.jpg,7:50101,41,104,1528,lamra,mmembed,voyage_multimodal_35,0,0,0,0
366,7:367,composition_required,composition_required,multimodal_needed,Has a cold shoulder top and is red and longer.,mbeir_images/fashioniq_images/B00ATFWVKI.jpg,7:16216,1,14,267,gme_qwen2vl_retriever_2,lamra,gme_qwen2vl_retriever_2,4,0,0,0
369,7:370,unresolved,unresolved,multimodal_needed,Is white and has longer sleeves and is white and has short sleeves.,mbeir_images/fashioniq_images/B0095JQQZK.jpg,7:10598,27,24,7534,lamra,gme_qwen2vl_retriever_2,rzen_embed,0,0,0,0
371,7:372,composition_required,composition_required,multimodal_needed,Is shorter and more blue and is teal and shorter and sassy.,mbeir_images/fashioniq_images/B008PG0SOO.jpg,7:72981,1,26,277,lamra,qwen3vl2b_vllm,,6,0,0,0
373,7:374,composition_required,composition_required,multimodal_needed,A darker long sleeved dress and black with stockings.,mbeir_images/fashioniq_images/B007XD6AMO.jpg,7:30092,1,19,121,rzen_embed,lamra,,6,0,0,0
374,7:375,composition_required,composition_required,multimodal_needed,Is white colored and have thicker straps and has straps and more varied pattern.,mbeir_images/fashioniq_images/B007U3P8PC.jpg,7:29286,10,35,1497,mmembed,gme_qwen2vl_retriever_2,mmembed,1,0,0,0
375,7:376,unresolved,unresolved,multimodal_needed,Is orange and has straps and is orange and more revealing.,mbeir_images/fashioniq_images/B007L9UQRA.jpg,7:49448,29,77,3848,qwen3vl2b_vllm,vlm2vec_v2,mmembed,0,0,0,0
376,7:377,unresolved,unresolved,multimodal_needed,Is longer and open cleavage and is longer and blue patterned.,mbeir_images/fashioniq_images/B008E6CKVY.jpg,7:67161,11,23,12865,lamra,lamra_qwen25vl,vlm2vec_v2,0,0,0,0
378,7:379,composition_required,composition_required,multimodal_needed,Is more black and simple and darker and has green.,mbeir_images/fashioniq_images/B0070TYH1M.jpg,7:12742,1,3211,17,gme_qwen2vl_retriever_2,qwen3vl8b_vllm,,6,0,0,0
379,7:380,unresolved,unresolved,multimodal_needed,Is more poofy and less prefessional and is strapless.,mbeir_images/fashioniq_images/B007TUECJ4.jpg,7:67902,1664,3826,4237,qwen3vl8b_vllm,lamra_qwen25vl,qwen3vl8b_vllm,0,0,0,0
381,7:382,composition_required,composition_required,multimodal_needed,Is bed with some rhinestones and sexier and bright purple.,mbeir_images/fashioniq_images/B00A3EZC4M.jpg,7:54989,2,136,43,gemini_embedding_2,mmembed,,5,0,0,0
382,7:383,unresolved,unresolved,multimodal_needed,Is form fitted and is leather and fitted.,mbeir_images/fashioniq_images/B00A3UUE76.jpg,7:60361,14,15,762,lamra_qwen25vl,gemini_embedding_2,qwen3vl2b_vllm,0,0,0,0
384,7:385,unresolved,unresolved,multimodal_needed,Is open shouldered and a shorter lenght and is shorter and strapless.,mbeir_images/fashioniq_images/B00EYSAIPG.jpg,7:12100,32,1586,1165,lamra,gme_qwen2vl_retriever_2,gme_qwen2vl_retriever_2,0,0,0,0
385,7:386,composition_required,composition_required,multimodal_needed,Is strapless with a blue pattern and is strapless and blue printed.,mbeir_images/fashioniq_images/B00CLF5ZFC.jpg,7:57338,8,18,590,gme_qwen2vl_retriever_2,gme_qwen2vl_retriever_2,qwen3vl8b_vllm,2,0,0,0
386,7:387,unresolved,unresolved,multimodal_needed,With pale green trim and pale green belt and is less black.,mbeir_images/fashioniq_images/B00F55FSWK.jpg,7:15296,9342,3068,20471,mmembed,lamra,lamra,0,0,0,0
387,7:388,unresolved,unresolved,multimodal_needed,This dress is longer and is darker and sleeveless.,mbeir_images/fashioniq_images/B00297BG7I.jpg,7:7378,109,430,2120,lamra,gme_qwen2vl_retriever_2,,0,0,0,0
388,7:389,unresolved,unresolved,multimodal_needed,Sleeveless and black lace and is black with straps.,mbeir_images/fashioniq_images/B009ERW1KW.jpg,7:28409,57,131,1363,lamra,voyage_multimodal_35,gme_qwen2vl_retriever_2,0,0,0,0
389,7:390,unresolved,unresolved,multimodal_needed,Is less revealing and is darker and has a web design.,mbeir_images/fashioniq_images/B00DBCUIJM.jpg,7:20130,51,557,419,qwen3vl2b_vllm,qwen3vl2b_vllm,rzen_embed,0,0,0,0
392,7:393,unresolved,unresolved,multimodal_needed,Is lighter and is shinier and more ruffled.,mbeir_images/fashioniq_images/B00DERHT5A.jpg,7:27408,129,2367,456,mmembed,e5_omni,voyage_multimodal_35,0,0,0,0
393,7:394,composition_required,composition_required,multimodal_needed,Has thicker straps and black colored and is darker colored with dots and covers shoulders.,mbeir_images/fashioniq_images/B0085TUWRO.jpg,7:39530,6,27,1325,lamra_qwen25vl,lamra_qwen25vl,e5_omni,1,0,0,0
394,7:395,unresolved,unresolved,multimodal_needed,Is brighter with longer hemline and is more flowing and one colored.,mbeir_images/fashioniq_images/B00FZ00I7U.jpg,7:6912,795,593,5874,voyage_multimodal_35,voyage_multimodal_35,voyage_multimodal_35,0,0,0,0
395,7:396,composition_required,composition_required,multimodal_needed,Orange and is longer and more formal.,mbeir_images/fashioniq_images/B008MWER8E.jpg,7:66355,8,46,100,gemini_embedding_2,lamra_qwen25vl,lamra_qwen25vl,1,0,0,0
396,7:397,unresolved,unresolved,multimodal_needed,Is teal colored and sleeveless and more colorfol and big belt.,mbeir_images/fashioniq_images/B0092PKYNM.jpg,7:54266,73,16,16327,qwen3vl2b_vllm,voyage_multimodal_35,lamra_qwen25vl,0,0,0,0
397,7:398,unresolved,unresolved,multimodal_needed,Is longer and more attractive and is longer.,mbeir_images/fashioniq_images/B00DM0REWC.jpg,7:72579,1062,493,25705,lamra,qwen3vl8b_vllm,gemini_embedding_2,0,0,0,0
399,7:400,unresolved,unresolved,multimodal_needed,Is long and is darker and longer.,mbeir_images/fashioniq_images/B006W20H0I.jpg,7:32758,62,520,3199,voyage_multimodal_35,qwen3vl8b_vllm,mmembed,0,0,0,0
401,7:402,composition_required,composition_required,multimodal_needed,Is black colored with longer sleeves and black and white.,mbeir_images/fashioniq_images/B0096C2UVA.jpg,7:63863,1,113,322,gemini_embedding_2,gme_qwen2vl_retriever_2,gemini_embedding_2,9,0,0,0
402,7:403,unresolved,unresolved,multimodal_needed,Is bright white and is white in color and less flattering.,mbeir_images/fashioniq_images/B002YQ47SE.jpg,7:26042,52,262,984,voyage_multimodal_35,voyage_multimodal_35,qwen3vl2b_vllm,0,0,0,0
404,7:405,unresolved,unresolved,multimodal_needed,Has short sleeves and is more traditional and short sleeves.,mbeir_images/fashioniq_images/B0097B5S8C.jpg,7:52551,21,190,422,gemini_embedding_2,e5_omni,rzen_embed,0,0,0,0
406,7:407,composition_required,composition_required,multimodal_needed,Is longer and lighter and has a white top with a black waist.,mbeir_images/fashioniq_images/B007CU5A7E.jpg,7:69805,8,45,120,qwen3vl8b_vllm,gemini_embedding_2,lamra_qwen25vl,3,0,0,0
407,7:408,unresolved,unresolved,multimodal_needed,Has shorter sleeves and is tighter and is sleeveless and fitted.,mbeir_images/fashioniq_images/B00AODC7BS.jpg,7:58245,26,79,700,lamra,gme_qwen2vl_retriever_2,lamra_qwen25vl,0,0,0,0
408,7:409,unresolved,unresolved,multimodal_needed,Longer with short sleeves and buttons up front and is black.,mbeir_images/fashioniq_images/B009G0RL4I.jpg,7:54213,71,3533,169,gme_qwen2vl_retriever_2,voyage_multimodal_35,,0,0,0,0
409,7:410,composition_required,composition_required,multimodal_needed,Is a sporty cream and blue short dress and lighter and thinner straps.,mbeir_images/fashioniq_images/B008YIG3DI.jpg,7:44258,4,36,184,voyage_multimodal_35,voyage_multimodal_35,lamra,1,0,0,0
410,7:411,unresolved,unresolved,multimodal_needed,In more white and flowing and is light in color and shorter in length.,mbeir_images/fashioniq_images/B003BT62A4.jpg,7:38027,14,188,4442,lamra_qwen25vl,voyage_multimodal_35,gemini_embedding_2,0,0,0,0
412,7:413,unresolved,unresolved,multimodal_needed,Is more pink and patterned and is darker.,mbeir_images/fashioniq_images/B007G4ZTTK.jpg,7:38924,120,64,5240,qwen3vl8b_vllm,voyage_multimodal_35,qwen3vl2b_vllm,0,0,0,0
414,7:415,unresolved,unresolved,multimodal_needed,Has long-sleeves and is more complex and white almost see-through long-sleeved zig zagged design.,mbeir_images/fashioniq_images/B00BY3GO0C.jpg,7:12662,12,1465,55,gme_qwen2vl_retriever_2,rzen_embed,vlm2vec_v2,0,0,0,0
416,7:417,unresolved,unresolved,multimodal_needed,Darker colored and longer and is longer and a darker color.,mbeir_images/fashioniq_images/B00AZWPQQ6.jpg,7:64198,192,6882,876,qwen3vl8b_vllm,gemini_embedding_2,,0,0,0,0
418,7:419,composition_required,composition_required,multimodal_needed,Is printed all over and long sleeved and is more animal print and has long sleeves.,mbeir_images/fashioniq_images/B00ATGT8IK.jpg,7:30461,2,14,854,gme_qwen2vl_retriever_2,e5_omni,voyage_multimodal_35,2,0,0,0
419,7:420,composition_required,composition_required,multimodal_needed,Blue and doesn't have animal like print and is shorter and more blue.,mbeir_images/fashioniq_images/B004ECLRO8.jpg,7:7636,1,86,37,gemini_embedding_2,mmembed,,10,0,0,0
420,7:421,unresolved,unresolved,multimodal_needed,Is black and tight and is black with thin straps.,mbeir_images/fashioniq_images/B00CH8U9BI.jpg,7:1598,12,251,159,gemini_embedding_2,voyage_multimodal_35,mmembed,0,0,0,0
422,7:423,unresolved,unresolved,multimodal_needed,Has graphics and is more loud and also contains white and has short sleeves.,mbeir_images/fashioniq_images/B00498CQ9M.jpg,7:23508,29,2599,1611,qwen3vl8b_vllm,qwen3vl8b_vllm,mmembed,0,0,0,0
425,7:426,unresolved,unresolved,multimodal_needed,Has longer sleeves and is shorter length and more geometric print and shinier.,mbeir_images/fashioniq_images/B008596PSY.jpg,7:6564,109,5388,176,gemini_embedding_2,gemini_embedding_2,lamra,0,0,0,0
426,7:427,composition_required,composition_required,multimodal_needed,Is lighter with a floral print and is in a floral print design.,mbeir_images/fashioniq_images/B00ATFWVKI.jpg,7:21874,3,310,727,lamra_qwen25vl,lamra,gme_qwen2vl_retriever_2,3,0,0,0
428,7:429,composition_required,composition_required,multimodal_needed,Is sleeveless with an orange and tan  print and is floral and stapless.,mbeir_images/fashioniq_images/B008UH8MY6.jpg,7:15768,2,27,66,lamra,gemini_embedding_2,lamra,5,0,0,0
429,7:430,unresolved,unresolved,multimodal_needed,Has shorter sleeves and is lighter and is white with shorter sleeves.,mbeir_images/fashioniq_images/B0094QXCKQ.jpg,7:65688,115,1097,2207,lamra,qwen3vl2b_vllm,,0,0,0,0
430,7:431,unresolved,unresolved,multimodal_needed,Is more floral and is more strappy and colorful.,mbeir_images/fashioniq_images/B004S0O8HO.jpg,7:12566,250,336,1584,lamra,rzen_embed,lamra,0,0,0,0
431,7:432,unresolved,unresolved,multimodal_needed,Is not strapless and is less girly and is more casual and has small sleeves.,mbeir_images/fashioniq_images/B00DRDIVEO.jpg,7:47221,14,480,1026,voyage_multimodal_35,gemini_embedding_2,rzen_embed,0,0,0,0
432,7:433,unresolved,unresolved,multimodal_needed,Is darker and sleeveless and is strapless.,mbeir_images/fashioniq_images/B0009T8KS6.jpg,7:72124,65,2346,29,mmembed,rzen_embed,lamra,0,0,0,0
433,7:434,unresolved,unresolved,multimodal_needed,Has shorter sleeves and a v-neck and is wider and longer.,mbeir_images/fashioniq_images/B0084DJQ6O.jpg,7:1424,45,3686,94,rzen_embed,lamra_qwen25vl,vlm2vec_v2,0,0,0,0
434,7:435,unresolved,unresolved,multimodal_needed,Is shorter and is lime green.,mbeir_images/fashioniq_images/B007ZPXMXA.jpg,7:72276,50,4495,73,gemini_embedding_2,e5_omni,,0,0,0,0
435,7:436,composition_required,composition_required,multimodal_needed,Is white and gray and more professional and mat black and red geometric pattern.,mbeir_images/fashioniq_images/B008X0KHCU.jpg,7:52668,1,40,144,gme_qwen2vl_retriever_2,qwen3vl8b_vllm,,5,0,0,0
436,7:437,unresolved,unresolved,multimodal_needed,Has thinner straps with a scoop neck and is black and has thin straps and is in all black.,mbeir_images/fashioniq_images/B008006CXG.jpg,7:10517,677,170,1147,gme_qwen2vl_retriever_2,mmembed,lamra,0,0,0,0
438,7:439,composition_required,composition_required,multimodal_needed,Has thin straps and no slit and has spaghetti straps and no slit.,mbeir_images/fashioniq_images/B00AOWQJZ4.jpg,7:71605,3,1141,33,lamra_qwen25vl,lamra_qwen25vl,lamra_qwen25vl,1,0,0,0
439,7:440,unresolved,unresolved,multimodal_needed,Has a floral print and is less fitted and is very light and more flowing.,mbeir_images/fashioniq_images/B007PMBZ00.jpg,7:9150,39,251,121,voyage_multimodal_35,vlm2vec_v2,,0,0,0,0
440,7:441,unresolved,unresolved,multimodal_needed,Has longer sleeves and has a pattern and longer sleeves.,mbeir_images/fashioniq_images/B007NG6V6Q.jpg,7:31498,14,991,849,lamra,mmembed,e5_omni,0,0,0,0
442,7:443,unresolved,unresolved,multimodal_needed,Is a cream dress with an open bottom with no sleeves and more revealing and more plain.,mbeir_images/fashioniq_images/B00F4N004Y.jpg,7:5344,216,381,1315,rzen_embed,rzen_embed,,0,0,0,0
443,7:444,unresolved,unresolved,multimodal_needed,Has smaller straps and is darker.,mbeir_images/fashioniq_images/B007GSG3U0.jpg,7:24426,3007,313,11899,mmembed,mmembed,mmembed,0,0,0,0
445,7:446,composition_required,composition_required,multimodal_needed,Has stripes and more grren and is shorter in length and multicolored.,mbeir_images/fashioniq_images/B004DVT2SI.jpg,7:17006,1,52,940,gemini_embedding_2,qwen3vl2b_vllm,gemini_embedding_2,11,0,0,0
446,7:447,composition_required,composition_required,multimodal_needed,Is short and beige and is short and pink.,mbeir_images/fashioniq_images/B00C17P8W0.jpg,7:41436,6,111,528,lamra,lamra_qwen25vl,,3,0,0,0
447,7:448,unresolved,unresolved,multimodal_needed,Has longer sleeves and shorter length and is black.,mbeir_images/fashioniq_images/B00BWISVXW.jpg,7:16467,93,106,4093,qwen3vl8b_vllm,vlm2vec_v2,mmembed,0,0,0,0
448,7:449,unresolved,unresolved,multimodal_needed,Has a neck strap and is darker and is solid blue with silver highlights.,mbeir_images/fashioniq_images/B002NVCPQ6.jpg,7:51300,313,16,5483,qwen3vl8b_vllm,e5_omni,lamra,0,0,0,0
449,7:450,composition_required,composition_required,multimodal_needed,Is longer and solid black and is solid black.,mbeir_images/fashioniq_images/B008VJ0Q2Y.jpg,7:41211,5,21,354,vlm2vec_v2,voyage_multimodal_35,gemini_embedding_2,1,0,0,0
450,7:451,unresolved,unresolved,multimodal_needed,Is an off white with short sleeves and shorter.,mbeir_images/fashioniq_images/B005IFCASW.jpg,7:14700,156,458,1944,qwen3vl8b_vllm,gme_qwen2vl_retriever_2,gme_qwen2vl_retriever_2,0,0,0,0
452,7:453,unresolved,unresolved,multimodal_needed,Is more formal and is longer.,mbeir_images/fashioniq_images/B002Z7FONO.jpg,7:57631,73,122,6085,vlm2vec_v2,gme_qwen2vl_retriever_2,vlm2vec_v2,0,0,0,0
454,7:455,composition_required,composition_required,multimodal_needed,Has sleeves and is solid white and it has sleeves and it is more white.,mbeir_images/fashioniq_images/B00ANR3LEM.jpg,7:69367,2,208,481,vlm2vec_v2,vlm2vec_v2,gemini_embedding_2,4,0,0,0
455,7:456,unresolved,unresolved,multimodal_needed,Has short sleeves and a v shaped neck and is dark and flowing.,mbeir_images/fashioniq_images/B004L2L9X0.jpg,7:39924,322,338,6281,lamra,qwen3vl8b_vllm,gme_qwen2vl_retriever_2,0,0,0,0
457,7:458,unresolved,unresolved,multimodal_needed,White and it is shorted and with sleeves.,mbeir_images/fashioniq_images/B00D178PQK.jpg,7:36244,603,452,10067,gme_qwen2vl_retriever_2,,mmembed,0,0,0,0
459,7:460,composition_required,composition_required,multimodal_needed,Is black and red and is more colorful.,mbeir_images/fashioniq_images/B0033UVILO.jpg,7:24164,1,28,204,gemini_embedding_2,vlm2vec_v2,gemini_embedding_2,11,0,0,0
461,7:462,unresolved,unresolved,multimodal_needed,Is cream and a shiny top and is tan with sleeves.,mbeir_images/fashioniq_images/B005RUNC3K.jpg,7:47014,19,537,6768,qwen3vl2b_vllm,qwen3vl2b_vllm,e5_omni,0,0,0,0
463,7:464,unresolved,unresolved,multimodal_needed,Has a looser fitting skirt and darker stripes and is less colorful and has short sleeves.,mbeir_images/fashioniq_images/B00CTT41D2.jpg,7:55116,23,749,561,qwen3vl8b_vllm,gemini_embedding_2,lamra_qwen25vl,0,0,0,0
464,7:465,unresolved,unresolved,multimodal_needed,Is more revealing and royal and is blue and shiny.,mbeir_images/fashioniq_images/B00B71U376.jpg,7:71380,30,151,1833,qwen3vl8b_vllm,qwen3vl8b_vllm,mmembed,0,0,0,0
466,7:467,unresolved,unresolved,multimodal_needed,Has longer sleeves and is shorter and has long sleeves.,mbeir_images/fashioniq_images/B007KHTV24.jpg,7:15819,703,1299,8978,lamra_qwen25vl,qwen3vl2b_vllm,qwen3vl2b_vllm,0,0,0,0
467,7:468,unresolved,unresolved,multimodal_needed,Is more body fitting and is shorter and more revealing.,mbeir_images/fashioniq_images/B005YUC6B2.jpg,7:37048,128,14,8074,qwen3vl8b_vllm,voyage_multimodal_35,vlm2vec_v2,0,0,0,0
468,7:469,unresolved,unresolved,multimodal_needed,Is a pink casual dress and is more red.,mbeir_images/fashioniq_images/B00C5168K8.jpg,7:70535,247,12,4672,qwen3vl8b_vllm,mmembed,,0,0,0,0
469,7:470,composition_required,composition_required,multimodal_needed,Has pink and thin straps and is pink and flowy and colorful.,mbeir_images/fashioniq_images/B00ARFVZ3Y.jpg,7:39083,5,36,400,qwen3vl2b_vllm,voyage_multimodal_35,gemini_embedding_2,4,0,0,0
470,7:471,unresolved,unresolved,multimodal_needed,And is less modest and is red with no stripes.,mbeir_images/fashioniq_images/B007V0LBW8.jpg,7:56222,24,83,240,mmembed,vlm2vec_v2,mmembed,0,0,0,0
471,7:472,unresolved,unresolved,multimodal_needed,With a black matching belt and is more blue.,mbeir_images/fashioniq_images/B008R8BFFG.jpg,7:23515,847,903,2872,mmembed,qwen3vl8b_vllm,rzen_embed,0,0,0,0
472,7:473,composition_required,composition_required,multimodal_needed,Is shorter and wine colored and is more colorful.,mbeir_images/fashioniq_images/B0009VT6MI.jpg,7:45366,1,39,140,gme_qwen2vl_retriever_2,gme_qwen2vl_retriever_2,,7,0,0,0
473,7:474,unresolved,unresolved,multimodal_needed,Is black with v neck and sleeves and is longer sleeves and darker.,mbeir_images/fashioniq_images/B007IWOBBC.jpg,7:17013,655,252,7316,lamra,lamra_qwen25vl,vlm2vec_v2,0,0,0,0
474,7:475,composition_required,composition_required,multimodal_needed,Is more belted and red and is red and belted.,mbeir_images/fashioniq_images/B003TJA7YI.jpg,7:60398,4,15,7231,mmembed,mmembed,qwen3vl8b_vllm,1,0,0,0
476,7:477,unresolved,unresolved,multimodal_needed,Is black and more revealing and is black and short.,mbeir_images/fashioniq_images/B0097BCW4U.jpg,7:5263,1618,466,9162,lamra,lamra_qwen25vl,,0,0,0,0
479,7:480,unresolved,unresolved,multimodal_needed,Is lighter and longer and is longer and colored red.,mbeir_images/fashioniq_images/B007MLM38C.jpg,7:53447,15,22,6794,rzen_embed,qwen3vl2b_vllm,lamra,0,0,0,0
480,7:481,composition_required,composition_required,multimodal_needed,Is pink and is pink.,mbeir_images/fashioniq_images/B00A3EZC4M.jpg,7:25985,4,263,243,lamra,rzen_embed,,3,0,0,0
481,7:482,unresolved,unresolved,multimodal_needed,Is lighter and has shorter sleeves and is white with no sleeves.,mbeir_images/fashioniq_images/B004JXVQD4.jpg,7:44854,75,594,4618,lamra_qwen25vl,qwen3vl8b_vllm,vlm2vec_v2,0,0,0,0
482,7:483,unresolved,unresolved,multimodal_needed,Has more v neck with chevron print and is gray and has no sleeves.,mbeir_images/fashioniq_images/B009NBVQ5A.jpg,7:38496,30,163,672,gme_qwen2vl_retriever_2,gemini_embedding_2,e5_omni,0,0,0,0
483,7:484,unresolved,unresolved,multimodal_needed,Has long and Vneck red color and is white with red flowers and has a halterneck.,mbeir_images/fashioniq_images/B005GPQLO8.jpg,7:71872,127,167,3095,voyage_multimodal_35,voyage_multimodal_35,vlm2vec_v2,0,0,0,0
486,7:487,unresolved,unresolved,multimodal_needed,Long sleeved and longer and is white with spaghetti straps.,mbeir_images/fashioniq_images/B004A7XTUC.jpg,7:20988,429,267,1796,gemini_embedding_2,e5_omni,qwen3vl8b_vllm,0,0,0,0
487,7:488,composition_required,composition_required,multimodal_needed,Is longer and has a bare bak and longer and slimmer.,mbeir_images/fashioniq_images/B00A3PEX7S.jpg,7:19300,1,292,75,qwen3vl8b_vllm,qwen3vl8b_vllm,gemini_embedding_2,2,0,0,0
490,7:491,composition_required,composition_required,multimodal_needed,Grey and looser and is white with short sleeves.,mbeir_images/fashioniq_images/B005N4L15G.jpg,7:13416,2,537,3748,lamra,qwen3vl8b_vllm,,1,0,0,0
491,7:492,unresolved,unresolved,multimodal_needed,Short blue dress and and textured.,mbeir_images/fashioniq_images/B005UX57P0.jpg,7:22523,615,94,2614,lamra_qwen25vl,gme_qwen2vl_retriever_2,gme_qwen2vl_retriever_2,0,0,0,0
493,7:494,unresolved,unresolved,multimodal_needed,Is tight fitting and shiny and white.,mbeir_images/fashioniq_images/B00AEW4384.jpg,7:73869,519,165,1205,vlm2vec_v2,qwen3vl2b_vllm,mmembed,0,0,0,0
494,7:495,unresolved,unresolved,multimodal_needed,Is a darker color and is more see through.,mbeir_images/fashioniq_images/B005VTKJWO.jpg,7:17437,76,2832,977,lamra,gemini_embedding_2,mmembed,0,0,0,0
496,7:497,unresolved,unresolved,multimodal_needed,Shows less shoulder and has a deeper neckline and is black with capped sleeves and is more fitted.,mbeir_images/fashioniq_images/B00B1G5SPY.jpg,7:54972,112,509,1777,gme_qwen2vl_retriever_2,gemini_embedding_2,lamra,0,0,0,0
497,7:498,unresolved,unresolved,multimodal_needed,Is more red and has sleeves and is more colorful with sleeves.,mbeir_images/fashioniq_images/B008FPXR3Y.jpg,7:6534,39,2895,2295,lamra,rzen_embed,vlm2vec_v2,0,0,0,0
499,7:500,unresolved,unresolved,multimodal_needed,Has a darker color and a belt and is darker with shorter sleeves.,mbeir_images/fashioniq_images/B00G9WJ09A.jpg,7:31334,85,56,3475,qwen3vl8b_vllm,gemini_embedding_2,,0,0,0,0
500,7:501,composition_required,composition_required,multimodal_needed,Is darker and is orange.,mbeir_images/fashioniq_images/B00C12LOZU.jpg,7:71514,1,62,482,gme_qwen2vl_retriever_2,rzen_embed,gemini_embedding_2,9,0,0,0
502,7:503,unresolved,unresolved,multimodal_needed,Is darker and more simple and has long sleeves and a lower belt.,mbeir_images/fashioniq_images/B0099DC5Z2.jpg,7:25672,38,921,553,vlm2vec_v2,rzen_embed,,0,0,0,0
504,7:505,unresolved,unresolved,multimodal_needed,Is blue in color and an orange pattern longer dress.,mbeir_images/fashioniq_images/B00EIQK2XM.jpg,7:70112,487,606,2713,voyage_multimodal_35,voyage_multimodal_35,,0,0,0,0
505,7:506,composition_required,composition_required,multimodal_needed,Has a see through sleeve and is shorter and elegant.,mbeir_images/fashioniq_images/B00BM82UCK.jpg,7:63751,4,25,123,qwen3vl8b_vllm,lamra_qwen25vl,lamra,1,0,0,0
506,7:507,unresolved,unresolved,multimodal_needed,Is a black knee high dress and is darker.,mbeir_images/fashioniq_images/B00BNRBLIE.jpg,7:61850,97,1358,196,lamra_qwen25vl,e5_omni,qwen3vl2b_vllm,0,0,0,0
507,7:508,unresolved,unresolved,multimodal_needed,Is printed and shorter with sleeves and has short sleeves and is above the knee.,mbeir_images/fashioniq_images/B00FQANLX2.jpg,7:34785,67,110,2238,qwen3vl8b_vllm,rzen_embed,e5_omni,0,0,0,0
508,7:509,unresolved,unresolved,multimodal_needed,Has long sleeves and is more solid colored.,mbeir_images/fashioniq_images/B0058T1JNA.jpg,7:37337,98,11523,39,e5_omni,rzen_embed,e5_omni,0,0,0,0
510,7:511,composition_required,composition_required,multimodal_needed,Black and grey stripped dress and striped and short sleeved.,mbeir_images/fashioniq_images/B00CIAE21S.jpg,7:71933,7,24,1541,gme_qwen2vl_retriever_2,gme_qwen2vl_retriever_2,gme_qwen2vl_retriever_2,3,0,0,0
511,7:512,unresolved,unresolved,multimodal_needed,Has a longer hem with no lace and is longer and more colourful.,mbeir_images/fashioniq_images/B0085U9J5E.jpg,7:37375,268,109,4523,lamra_qwen25vl,rzen_embed,e5_omni,0,0,0,0
514,7:515,unresolved,unresolved,multimodal_needed,Has a v shaped neck with no sleeves and the dress has more colors and more chest shown.,mbeir_images/fashioniq_images/B007UZSPC8.jpg,7:40910,15,31,138,lamra,gemini_embedding_2,,0,0,0,0
516,7:517,unresolved,unresolved,multimodal_needed,Is more black and belted and is black and short sleeves.,mbeir_images/fashioniq_images/B00D68DXCA.jpg,7:22936,33,86,7005,voyage_multimodal_35,rzen_embed,gemini_embedding_2,0,0,0,0
519,7:520,composition_required,composition_required,multimodal_needed,Is dark blue colored and two straps and is black and not off the shoulder.,mbeir_images/fashioniq_images/B009S3I7EG.jpg,7:19020,1,27,56,lamra,rzen_embed,gemini_embedding_2,6,0,0,0
520,7:521,composition_required,composition_required,multimodal_needed,Has longer sleeves and plain white and is white with longer sleeves.,mbeir_images/fashioniq_images/B007HZAFSI.jpg,7:21542,3,630,3778,lamra,vlm2vec_v2,e5_omni,2,0,0,0
521,7:522,unresolved,unresolved,multimodal_needed,Is white and plain pattern and is all white.,mbeir_images/fashioniq_images/B003XRKA9I.jpg,7:73357,12,635,62,gme_qwen2vl_retriever_2,mmembed,gemini_embedding_2,0,0,0,0
522,7:523,unresolved,unresolved,multimodal_needed,Is shorter and has longer sleeves and is more simple looking.,mbeir_images/fashioniq_images/B00913N1QC.jpg,7:41711,194,191,669,vlm2vec_v2,gemini_embedding_2,gme_qwen2vl_retriever_2,0,0,0,0
524,7:525,unresolved,unresolved,multimodal_needed,And pink skirt. It's tighter around the waist and has no sleeves and design.,mbeir_images/fashioniq_images/B006ZO6A0O.jpg,7:2361,2014,3214,7610,qwen3vl8b_vllm,lamra_qwen25vl,rzen_embed,0,0,0,0
525,7:526,unresolved,unresolved,multimodal_needed,Is solid black with a v-neck and longer sleeves and is darker and has long sleeces.,mbeir_images/fashioniq_images/B002Z7FWB8.jpg,7:3306,116,1621,1830,lamra,mmembed,lamra_qwen25vl,0,0,0,0
527,7:528,unresolved,unresolved,multimodal_needed,Is shorter and darker and is darker in color.,mbeir_images/fashioniq_images/B00CY2BD1M.jpg,7:13093,32,3259,210,gme_qwen2vl_retriever_2,qwen3vl8b_vllm,,0,0,0,0
528,7:529,unresolved,unresolved,multimodal_needed,Is brighter in color and with a strap around the foot.,mbeir_images/fashioniq_images/B0070IN282.jpg,7:72344,116,1221,43,gme_qwen2vl_retriever_2,rzen_embed,gme_qwen2vl_retriever_2,0,0,0,0
529,7:530,unresolved,unresolved,multimodal_needed,Is darker in color and more loose and is black and solid.,mbeir_images/fashioniq_images/B00FN4A7QA.jpg,7:41674,51,2091,136,lamra,vlm2vec_v2,,0,0,0,0
531,7:532,unresolved,unresolved,multimodal_needed,Is all black with long lace sleeves and is black and chic.,mbeir_images/fashioniq_images/B0094DGGR0.jpg,7:7990,21,17,5920,qwen3vl2b_vllm,mmembed,vlm2vec_v2,0,0,0,0
532,7:533,composition_required,composition_required,multimodal_needed,Is more open at the cleavage area and has thin straps and a pattern.,mbeir_images/fashioniq_images/B008Z1TX2M.jpg,7:64089,2,12,9500,lamra,rzen_embed,rzen_embed,2,0,0,0
534,7:535,unresolved,unresolved,multimodal_needed,Shorter sleeve and beige and is lighter in color and is tighter.,mbeir_images/fashioniq_images/B00BDGE5DI.jpg,7:49347,31,166,1871,voyage_multimodal_35,vlm2vec_v2,gemini_embedding_2,0,0,0,0
536,7:537,composition_required,composition_required,multimodal_needed,Is more free and casual and has sleeves and a floral pattern.,mbeir_images/fashioniq_images/B004ZY06UQ.jpg,7:27535,3,288,162,lamra,voyage_multimodal_35,mmembed,7,0,0,0
537,7:538,composition_required,composition_required,multimodal_needed,Has no sleeves and is gauzier and is longer.,mbeir_images/fashioniq_images/B00AAD6KOM.jpg,7:14879,2,13,707,lamra,lamra_qwen25vl,e5_omni,6,0,0,0
538,7:539,composition_required,composition_required,multimodal_needed,Is solid and is darker and more revealing.,mbeir_images/fashioniq_images/B006330SY6.jpg,7:62464,1,428,1101,lamra,gme_qwen2vl_retriever_2,gemini_embedding_2,2,0,0,0
539,7:540,composition_required,composition_required,multimodal_needed,Is plain black and is shorter and is black and has a halter top.,mbeir_images/fashioniq_images/B004X0VYKI.jpg,7:50474,8,181,59,gemini_embedding_2,qwen3vl8b_vllm,gemini_embedding_2,1,0,0,0
541,7:542,composition_required,composition_required,multimodal_needed,Pink and is pink and less revealing.,mbeir_images/fashioniq_images/B00CAAADZU.jpg,7:36318,1,42,25,gemini_embedding_2,rzen_embed,mmembed,6,0,0,0
542,7:543,unresolved,unresolved,multimodal_needed,Is flirtier with shorter sleeves and is shorter and fluffy with pink bottom.,mbeir_images/fashioniq_images/B006ZO6A0O.jpg,7:51660,75,24,2592,qwen3vl2b_vllm,gemini_embedding_2,vlm2vec_v2,0,0,0,0
543,7:544,composition_required,composition_required,multimodal_needed,Has a yellow belt and is more fitting.,mbeir_images/fashioniq_images/B00499DHK8.jpg,7:20655,2,12,421,qwen3vl8b_vllm,qwen3vl8b_vllm,gemini_embedding_2,3,0,0,0
544,7:545,composition_required,composition_required,multimodal_needed,Is light pink with no sleeves and has a collar and is lighter colored.,mbeir_images/fashioniq_images/B008MNM7Y4.jpg,7:31483,1,18,817,gemini_embedding_2,gemini_embedding_2,,9,0,0,0
545,7:546,unresolved,unresolved,multimodal_needed,Is one color and long and has a print and is shorter.,mbeir_images/fashioniq_images/B00EKY4UEY.jpg,7:58824,2862,1181,5145,gme_qwen2vl_retriever_2,lamra_qwen25vl,lamra,0,0,0,0
548,7:549,composition_required,composition_required,multimodal_needed,Has a round strap along the neck and has a polka dot print.,mbeir_images/fashioniq_images/B006WM4LYG.jpg,7:65406,1,16,258,qwen3vl8b_vllm,vlm2vec_v2,,8,0,0,0
549,7:550,unresolved,unresolved,multimodal_needed,Is longer and open at the chest and is longer with grey markings.,mbeir_images/fashioniq_images/B005278U3U.jpg,7:19885,167,478,6701,vlm2vec_v2,lamra,gme_qwen2vl_retriever_2,0,0,0,0
550,7:551,unresolved,unresolved,multimodal_needed,Its longer and not so revealing and is longer and has a fuller top in all black.,mbeir_images/fashioniq_images/B005VZ8MWC.jpg,7:65442,1331,1079,4284,lamra,vlm2vec_v2,vlm2vec_v2,0,0,0,0
552,7:553,composition_required,composition_required,multimodal_needed,Has thicker straps and is grey and longer.,mbeir_images/fashioniq_images/B008RDI8MO.jpg,7:68936,3,82,1406,gemini_embedding_2,lamra_qwen25vl,qwen3vl8b_vllm,1,0,0,0
553,7:554,unresolved,unresolved,multimodal_needed,Is longer and more fitting around the waist and fitted.,mbeir_images/fashioniq_images/B0043D2HME.jpg,7:52477,25,585,68,gemini_embedding_2,gemini_embedding_2,lamra,0,0,0,0
554,7:555,composition_required,composition_required,multimodal_needed,Is yellow colored and is long and dark yellow.,mbeir_images/fashioniq_images/B009E739Q2.jpg,7:45305,3,17,74,mmembed,vlm2vec_v2,mmembed,7,0,0,0
555,7:556,composition_required,composition_required,multimodal_needed,Is shorter and darker and is shorter and more flora.,mbeir_images/fashioniq_images/B009IFOBF8.jpg,7:63889,5,666,278,qwen3vl8b_vllm,qwen3vl8b_vllm,vlm2vec_v2,1,0,0,0
556,7:557,unresolved,unresolved,multimodal_needed,Doesn't have embellishments and has no sleeves and is dark colored.,mbeir_images/fashioniq_images/B000BL6VJM.jpg,7:21033,6376,1061,12145,e5_omni,lamra_qwen25vl,vlm2vec_v2,0,0,0,0
557,7:558,unresolved,unresolved,multimodal_needed,Is a long print with tiny straps and is longer and small straps.,mbeir_images/fashioniq_images/B0091GQUE4.jpg,7:68142,59,14,7705,qwen3vl8b_vllm,qwen3vl8b_vllm,lamra_qwen25vl,0,0,0,0
559,7:560,unresolved,unresolved,multimodal_needed,Is more blue and  floral and has short sleeves and is multicolored.,mbeir_images/fashioniq_images/B00EY93064.jpg,7:9611,15,24,45,qwen3vl8b_vllm,qwen3vl8b_vllm,qwen3vl8b_vllm,0,0,0,0
560,7:561,composition_required,composition_required,multimodal_needed,Has a belted waist and is lighter and has longer sleeves and is grey in color.,mbeir_images/fashioniq_images/B004ZWG4UE.jpg,7:33011,7,11,5671,mmembed,lamra,mmembed,1,0,0,0
561,7:562,unresolved,unresolved,multimodal_needed,Is longer and not so tight and is more multi colored.,mbeir_images/fashioniq_images/B00CLCYUCO.jpg,7:9267,805,4732,1758,lamra_qwen25vl,lamra_qwen25vl,voyage_multimodal_35,0,0,0,0
562,7:563,unresolved,unresolved,multimodal_needed,Has longer sleeves and is shorter and iS ABOVE THE KNEE AND FITTED.,mbeir_images/fashioniq_images/B002W77AY8.jpg,7:9487,730,415,6781,lamra_qwen25vl,gemini_embedding_2,qwen3vl2b_vllm,0,0,0,0
564,7:565,unresolved,unresolved,multimodal_needed,Is a blue and black dress and is less tighter and is more frilly.,mbeir_images/fashioniq_images/B007GSGKOO.jpg,7:70427,22,131,402,vlm2vec_v2,qwen3vl8b_vllm,qwen3vl8b_vllm,0,0,0,0
565,7:566,composition_required,composition_required,multimodal_needed,Is a cream blouse and purple skirt and is a two-toned flowing purple.,mbeir_images/fashioniq_images/B008AIKMD4.jpg,7:71819,2,14,2597,rzen_embed,voyage_multimodal_35,lamra_qwen25vl,3,0,0,0
566,7:567,composition_required,composition_required,multimodal_needed,Is shorter and more fluffy and costumey.,mbeir_images/fashioniq_images/B0072QWT2M.jpg,7:15224,3,31,899,lamra,gme_qwen2vl_retriever_2,e5_omni,5,0,0,0
567,7:568,unresolved,unresolved,multimodal_needed,Is strapless and pink colored and doesn't have sleeves and is printed.,mbeir_images/fashioniq_images/B007G1015U.jpg,7:37604,119,19,19467,gemini_embedding_2,mmembed,qwen3vl8b_vllm,0,0,0,0
568,7:569,unresolved,unresolved,multimodal_needed,Is longer and darker and is longer and more patterned.,mbeir_images/fashioniq_images/B0087YZVNC.jpg,7:43178,45,219,9810,lamra,qwen3vl8b_vllm,lamra_qwen25vl,0,0,0,0
571,7:572,unresolved,unresolved,multimodal_needed,Is sleeveless and belted and is sleeveless and fitted waistline.,mbeir_images/fashioniq_images/B00B2JHXOE.jpg,7:3244,117,278,303,qwen3vl8b_vllm,gemini_embedding_2,e5_omni,0,0,0,0
572,7:573,unresolved,unresolved,multimodal_needed,Long sleeved black dress and is black with longer sleeves.,mbeir_images/fashioniq_images/B009ND97G8.jpg,7:50915,234,609,2849,mmembed,gemini_embedding_2,,0,0,0,0
573,7:574,unresolved,unresolved,multimodal_needed,Is darker and has longer sleeves and is solid black.,mbeir_images/fashioniq_images/B008L7Z1B2.jpg,7:39704,967,4617,2412,gme_qwen2vl_retriever_2,vlm2vec_v2,voyage_multimodal_35,0,0,0,0
574,7:575,unresolved,unresolved,multimodal_needed,White black belt and knee length and it is more tight and not belted.,mbeir_images/fashioniq_images/B00CII41EI.jpg,7:19493,1841,1103,11449,qwen3vl2b_vllm,lamra,e5_omni,0,0,0,0
575,7:576,unresolved,unresolved,multimodal_needed,Is straight and more fitting and is more fitted and is black and gold.,mbeir_images/fashioniq_images/B00D8RZKMU.jpg,7:5195,2449,491,22675,qwen3vl8b_vllm,gemini_embedding_2,lamra_qwen25vl,0,0,0,0
576,7:577,composition_required,composition_required,multimodal_needed,Has long sleeves and is navy blue and is blue.,mbeir_images/fashioniq_images/B0084YMCBY.jpg,7:34463,6,179,973,lamra_qwen25vl,gemini_embedding_2,qwen3vl2b_vllm,1,0,0,0
577,7:578,composition_required,composition_required,multimodal_needed,Is solid red and has longer sleeves and is more solid of a red color.,mbeir_images/fashioniq_images/B001EA86KQ.jpg,7:13578,8,217,197,mmembed,gemini_embedding_2,e5_omni,1,0,0,0
579,7:580,unresolved,unresolved,multimodal_needed,Is shorter and more casual and is a lot shorter in tan coloring and the straps aren't similar.,mbeir_images/fashioniq_images/B002WV0S6G.jpg,7:59473,79,288,6967,mmembed,gemini_embedding_2,gemini_embedding_2,0,0,0,0
580,7:581,composition_required,composition_required,multimodal_needed,Is teal colored and longer with sleeves and longer and with sleeves.,mbeir_images/fashioniq_images/B008CO7MGQ.jpg,7:266,3,59,996,e5_omni,vlm2vec_v2,qwen3vl8b_vllm,3,0,0,0
581,7:582,composition_required,composition_required,multimodal_needed,Is less colorful and less blousey and is black.,mbeir_images/fashioniq_images/B0047MEZNK.jpg,7:62391,10,65,1598,lamra,rzen_embed,qwen3vl2b_vllm,1,0,0,0
582,7:583,unresolved,unresolved,multimodal_needed,Is a colorful boho dress and is much more flowing and long.,mbeir_images/fashioniq_images/B006UCPPZ2.jpg,7:73535,360,335,5982,lamra_qwen25vl,lamra_qwen25vl,lamra,0,0,0,0
583,7:584,composition_required,composition_required,multimodal_needed,Is purple and shiny and is more purple and more loose.,mbeir_images/fashioniq_images/B0055TBJL0.jpg,7:32477,3,194,116,gemini_embedding_2,gemini_embedding_2,qwen3vl2b_vllm,1,0,0,0
584,7:585,unresolved,unresolved,multimodal_needed,Is shorter and light pink and is pink and short.,mbeir_images/fashioniq_images/B007WATI18.jpg,7:53780,69,79,1654,qwen3vl8b_vllm,rzen_embed,qwen3vl2b_vllm,0,0,0,0
585,7:586,unresolved,unresolved,multimodal_needed,Has no straps with more ruffles and is belted and draped.,mbeir_images/fashioniq_images/B0055OGQ7W.jpg,7:43919,21,31,671,lamra,gemini_embedding_2,qwen3vl2b_vllm,0,0,0,0
586,7:587,composition_required,composition_required,multimodal_needed,Is longer and is colorful and has a bright striped pattern.,mbeir_images/fashioniq_images/B009S0IT7E.jpg,7:38398,1,22,7827,qwen3vl2b_vllm,gme_qwen2vl_retriever_2,qwen3vl2b_vllm,1,0,0,0
587,7:588,composition_required,composition_required,multimodal_needed,Is purple colored and and a darker green.,mbeir_images/fashioniq_images/B00DDX15TG.jpg,7:34735,4,741,45,e5_omni,e5_omni,gemini_embedding_2,5,0,0,0
588,7:589,composition_required,composition_required,multimodal_needed,Has more style and is black with stripes.,mbeir_images/fashioniq_images/B00559SS32.jpg,7:7250,9,13,1457,e5_omni,mmembed,gemini_embedding_2,1,0,0,0
589,7:590,unresolved,unresolved,multimodal_needed,Is more colorful and has fewer sleeves and is more of a summer dress with spaghetti strap sleeves.,mbeir_images/fashioniq_images/B006WY8INO.jpg,7:9389,39,176,2284,lamra_qwen25vl,rzen_embed,gme_qwen2vl_retriever_2,0,0,0,0
590,7:591,unresolved,unresolved,multimodal_needed,Is gray and sleeveless and is shorter and fitted.,mbeir_images/fashioniq_images/B0084Y2V6A.jpg,7:36756,1009,3482,968,gemini_embedding_2,gme_qwen2vl_retriever_2,gemini_embedding_2,0,0,0,0
591,7:592,unresolved,unresolved,multimodal_needed,Has a floral print on the skirt and pale pink and less patterned.,mbeir_images/fashioniq_images/B004L0XCUK.jpg,7:46804,924,3469,664,e5_omni,voyage_multimodal_35,e5_omni,0,0,0,0
592,7:593,unresolved,unresolved,multimodal_needed,Is shorter and has no sleeves and sleeveless and no opening at chest.,mbeir_images/fashioniq_images/B004748I22.jpg,7:25980,12,1235,23,e5_omni,qwen3vl2b_vllm,e5_omni,0,0,0,0
593,7:594,unresolved,unresolved,multimodal_needed,Has thinner straps with solid black skirt and darker with no sleeves.,mbeir_images/fashioniq_images/B0081TP5FM.jpg,7:5714,1471,1774,5057,lamra,lamra,mmembed,0,0,0,0
594,7:595,unresolved,unresolved,multimodal_needed,No sleeves and a different pattern and is shorter and has a longer train.,mbeir_images/fashioniq_images/B001PKTT7E.jpg,7:4552,188,22,4892,qwen3vl8b_vllm,qwen3vl8b_vllm,vlm2vec_v2,0,0,0,0
595,7:596,unresolved,unresolved,multimodal_needed,Less flared and more green and is more comfortable and lighter.,mbeir_images/fashioniq_images/B0090F42VY.jpg,7:18402,168,1040,1965,gemini_embedding_2,voyage_multimodal_35,vlm2vec_v2,0,0,0,0
596,7:597,unresolved,unresolved,multimodal_needed,Is more body fitting and has long sleeves and is a blue long sleeved top with jeans.,mbeir_images/fashioniq_images/B008OXYAKG.jpg,7:14912,133,24,18898,mmembed,mmembed,qwen3vl2b_vllm,0,0,0,0
597,7:598,unresolved,unresolved,multimodal_needed,Has blue and white stripes and straps and and is more purple.,mbeir_images/fashioniq_images/B004UE9940.jpg,7:65131,23,100,592,lamra,voyage_multimodal_35,gemini_embedding_2,0,0,0,0
599,7:600,unresolved,unresolved,multimodal_needed,Is more of a dress and is an actual dress.,mbeir_images/fashioniq_images/B00BG4M4BM.jpg,7:29767,243,4408,4015,lamra_qwen25vl,e5_omni,lamra_qwen25vl,0,0,0,0
602,7:603,unresolved,unresolved,multimodal_needed,A v neck and is much shorter and no comparison to words.,mbeir_images/fashioniq_images/B00BJ1NFNI.jpg,7:49942,15141,8656,21782,gemini_embedding_2,lamra_qwen25vl,gemini_embedding_2,0,0,0,0
605,7:606,unresolved,unresolved,multimodal_needed,Is white and is white and a little tighter.,mbeir_images/fashioniq_images/B00CTLJ1TY.jpg,7:21549,20,410,807,voyage_multimodal_35,voyage_multimodal_35,voyage_multimodal_35,0,0,0,0
607,7:608,composition_required,composition_required,multimodal_needed,Is black and white patterned and is lighter colored.,mbeir_images/fashioniq_images/B008OY9QUE.jpg,7:63970,4,613,86,rzen_embed,rzen_embed,vlm2vec_v2,3,0,0,0
608,7:609,unresolved,unresolved,multimodal_needed,Is more colorful  and flowing and is less flowy and strapless.,mbeir_images/fashioniq_images/B0091QSWH2.jpg,7:9006,175,505,342,voyage_multimodal_35,qwen3vl8b_vllm,voyage_multimodal_35,0,0,0,0
609,7:610,composition_required,composition_required,multimodal_needed,Is black wit thin straps and has straps and is black.,mbeir_images/fashioniq_images/B004NAU4G8.jpg,7:29827,5,103,236,lamra_qwen25vl,lamra_qwen25vl,qwen3vl8b_vllm,1,0,0,0
610,7:611,unresolved,unresolved,multimodal_needed,Has more coverage and is losser fitting and has longer sleeves.,mbeir_images/fashioniq_images/B00CFXUI4S.jpg,7:16783,114,5352,24,,qwen3vl2b_vllm,vlm2vec_v2,0,0,0,0
611,7:612,composition_required,composition_required,multimodal_needed,Has a ruffled bottome and has frills.,mbeir_images/fashioniq_images/B009COQRZW.jpg,7:15293,1,11,104,mmembed,qwen3vl8b_vllm,mmembed,8,0,0,0
612,7:613,unresolved,unresolved,multimodal_needed,With an elastic waste and thicker straps and it is more plain and with not strap.,mbeir_images/fashioniq_images/B00BXB7LRA.jpg,7:64261,137,1485,684,voyage_multimodal_35,voyage_multimodal_35,mmembed,0,0,0,0
613,7:614,composition_required,composition_required,multimodal_needed,Is solid yellow with sweetheart neckline and is more bright.,mbeir_images/fashioniq_images/B009NXZXDO.jpg,7:34819,2,12,144,lamra_qwen25vl,mmembed,voyage_multimodal_35,7,0,0,0
614,7:615,unresolved,unresolved,multimodal_needed,Is lighter and has thinner straps and is shorter.,mbeir_images/fashioniq_images/B009A97XVG.jpg,7:64499,304,4017,224,voyage_multimodal_35,rzen_embed,gme_qwen2vl_retriever_2,0,0,0,0
615,7:616,unresolved,unresolved,multimodal_needed,Is shorter and more casual and is multi-colored patterned.,mbeir_images/fashioniq_images/B004U4R8IE.jpg,7:7171,117,693,1918,gme_qwen2vl_retriever_2,gemini_embedding_2,gme_qwen2vl_retriever_2,0,0,0,0
616,7:617,composition_required,composition_required,multimodal_needed,Is more a floral pattern with spaghetti straps and is blue with patterns.,mbeir_images/fashioniq_images/B007FHD0FI.jpg,7:42963,2,27,19,gme_qwen2vl_retriever_2,vlm2vec_v2,mmembed,5,0,0,0
617,7:618,unresolved,unresolved,multimodal_needed,Is more sporty with a halter top and is more revealing and fitted.,mbeir_images/fashioniq_images/B007OX0MXG.jpg,7:18529,44,4193,43,,rzen_embed,,0,0,0,0
618,7:619,unresolved,unresolved,multimodal_needed,Is black with long sleeves and tight and is darker in color and less revealing.,mbeir_images/fashioniq_images/B00BUVAI5K.jpg,7:13804,295,239,14874,gme_qwen2vl_retriever_2,qwen3vl8b_vllm,gme_qwen2vl_retriever_2,0,0,0,0
619,7:620,unresolved,unresolved,multimodal_needed,Is shorter with a collar on it and has more colors.,mbeir_images/fashioniq_images/B0083FTUI2.jpg,7:66459,43,785,1670,lamra,lamra_qwen25vl,gemini_embedding_2,0,0,0,0
620,7:621,unresolved,unresolved,multimodal_needed,Is white and slightly longer and it is more corporate and stripped.,mbeir_images/fashioniq_images/B002DI8HQG.jpg,7:31000,410,67,10061,qwen3vl8b_vllm,qwen3vl8b_vllm,gme_qwen2vl_retriever_2,0,0,0,0
621,7:622,unresolved,unresolved,multimodal_needed,Is a black belted dress and is longer and has no sleeves.,mbeir_images/fashioniq_images/B009LIFAV6.jpg,7:38255,352,957,2613,lamra_qwen25vl,gemini_embedding_2,gemini_embedding_2,0,0,0,0
622,7:623,composition_required,composition_required,multimodal_needed,Has slim straps and is black and is sleeveless and darker.,mbeir_images/fashioniq_images/B00B7DONTI.jpg,7:745,8,193,86,gemini_embedding_2,voyage_multimodal_35,gemini_embedding_2,1,0,0,0
623,7:624,composition_required,composition_required,multimodal_needed,Is darker and is more ruched and black.,mbeir_images/fashioniq_images/B005O0PARY.jpg,7:48042,3,1263,14,gemini_embedding_2,gemini_embedding_2,,5,0,0,0
625,7:626,composition_required,composition_required,multimodal_needed,Has a black belt with gray designs and is more revealing and darker.,mbeir_images/fashioniq_images/B008LTJG3E.jpg,7:39902,7,211,775,rzen_embed,e5_omni,gme_qwen2vl_retriever_2,2,0,0,0
626,7:627,unresolved,unresolved,multimodal_needed,Has a darker color is more of a loose fit and is less revealing and is black and has straps.,mbeir_images/fashioniq_images/B003ILIR4E.jpg,7:65076,747,3506,5454,qwen3vl8b_vllm,gemini_embedding_2,e5_omni,0,0,0,0
627,7:628,composition_required,composition_required,multimodal_needed,Is solid orange and is orange and more plain.,mbeir_images/fashioniq_images/B006WM49XE.jpg,7:63334,1,209,821,lamra_qwen25vl,voyage_multimodal_35,gemini_embedding_2,5,0,0,0
628,7:629,unresolved,unresolved,multimodal_needed,Not patterned with longer sleeves and has a halter top and is more fitted.,mbeir_images/fashioniq_images/B002FOR462.jpg,7:41030,41,258,51,gme_qwen2vl_retriever_2,e5_omni,gme_qwen2vl_retriever_2,0,0,0,0
630,7:631,composition_required,composition_required,multimodal_needed,Is a long maxi dress and is floor lengthed.,mbeir_images/fashioniq_images/B008OVCJ0Q.jpg,7:39185,2,1187,84,gemini_embedding_2,qwen3vl8b_vllm,vlm2vec_v2,2,0,0,0
632,7:633,unresolved,unresolved,multimodal_needed,Has a different patter and wider straps and comes in olive green with design on it.,mbeir_images/fashioniq_images/B00D68DXCA.jpg,7:6584,100,415,779,mmembed,rzen_embed,mmembed,0,0,0,0
633,7:634,composition_required,composition_required,multimodal_needed,Is shorter and tighter and is blue with long sleeves.,mbeir_images/fashioniq_images/B000NB1FAU.jpg,7:50066,3,12,4939,rzen_embed,lamra,rzen_embed,2,0,0,0
634,7:635,unresolved,unresolved,multimodal_needed,Has a different style at the neckline and contains black and blue and isn't sleeveless.,mbeir_images/fashioniq_images/B00B1YKB26.jpg,7:37978,31,406,92,mmembed,gemini_embedding_2,mmembed,0,0,0,0
635,7:636,unresolved,unresolved,multimodal_needed,Is sleeveless and has less sleeves.,mbeir_images/fashioniq_images/B00E0ORPVY.jpg,7:18678,49,14544,63,gme_qwen2vl_retriever_2,gemini_embedding_2,gme_qwen2vl_retriever_2,0,0,0,0
636,7:637,composition_required,composition_required,multimodal_needed,Is shorter and has black bordering lines around the sides.,mbeir_images/fashioniq_images/B007M8PCAQ.jpg,7:19678,3,1741,27,gme_qwen2vl_retriever_2,voyage_multimodal_35,vlm2vec_v2,4,0,0,0
637,7:638,unresolved,unresolved,multimodal_needed,Has short sleeves and is white and lacy and is all white with round neck.,mbeir_images/fashioniq_images/B00DJHSWI8.jpg,7:10963,72,93,5672,qwen3vl8b_vllm,qwen3vl8b_vllm,vlm2vec_v2,0,0,0,0
638,7:639,composition_required,composition_required,multimodal_needed,Is black with spaghetti straps and it has thin straps and more tight.,mbeir_images/fashioniq_images/B007GP6PME.jpg,7:5003,2,16,20,gemini_embedding_2,voyage_multimodal_35,gemini_embedding_2,8,0,0,0
639,7:640,unresolved,unresolved,multimodal_needed,Is bright green with an empire waist and has a tight belt right in the center.,mbeir_images/fashioniq_images/B004VM5W1K.jpg,7:69382,11,137,353,gme_qwen2vl_retriever_2,gemini_embedding_2,lamra,0,0,0,0
641,7:642,unresolved,unresolved,multimodal_needed,Is black with color pattern and sleeveless.,mbeir_images/fashioniq_images/B00DUL8IWS.jpg,7:59279,74,95,3618,gemini_embedding_2,gemini_embedding_2,qwen3vl8b_vllm,0,0,0,0
642,7:643,composition_required,composition_required,multimodal_needed,Has no belt but buttons and is darker and is dark and polkadots.,mbeir_images/fashioniq_images/B0094KQ1NC.jpg,7:9539,4,23,61,qwen3vl8b_vllm,gemini_embedding_2,voyage_multimodal_35,2,0,0,0
643,7:644,composition_required,composition_required,multimodal_needed,Is royal blue in color and is blue with a V neck.,mbeir_images/fashioniq_images/B00EWOQ16M.jpg,7:14602,1,15,187,mmembed,gme_qwen2vl_retriever_2,mmembed,9,0,0,0
644,7:645,composition_required,composition_required,multimodal_needed,Is white and black stripes and is white with black stripe and shorter.,mbeir_images/fashioniq_images/B005TM5U7C.jpg,7:2791,6,87,3807,lamra_qwen25vl,gemini_embedding_2,,3,0,0,0
647,7:648,unresolved,unresolved,multimodal_needed,Is darker and is see through.,mbeir_images/fashioniq_images/B00BF8B8CA.jpg,7:44519,300,490,3936,qwen3vl8b_vllm,voyage_multimodal_35,lamra_qwen25vl,0,0,0,0
649,7:650,unresolved,unresolved,multimodal_needed,Is solid gray and has short sleeves and is more solid.,mbeir_images/fashioniq_images/B008F48SN4.jpg,7:35315,15,1111,359,gemini_embedding_2,lamra,lamra,0,0,0,0
650,7:651,composition_required,composition_required,multimodal_needed,Is black with longer sleeves and is black with long sleeves.,mbeir_images/fashioniq_images/B007FHE5IY.jpg,7:48388,1,38,1471,gme_qwen2vl_retriever_2,vlm2vec_v2,,5,0,0,0
654,7:655,unresolved,unresolved,multimodal_needed,Is longer and lighter and is a darker pattern.,mbeir_images/fashioniq_images/B009A97XVG.jpg,7:6429,256,1073,1472,qwen3vl8b_vllm,qwen3vl8b_vllm,gme_qwen2vl_retriever_2,0,0,0,0
655,7:656,unresolved,unresolved,multimodal_needed,Shorter length and is darker in color and shorter in length.,mbeir_images/fashioniq_images/B009IFOBF8.jpg,7:47846,138,3948,451,qwen3vl8b_vllm,gemini_embedding_2,,0,0,0,0
657,7:658,unresolved,unresolved,multimodal_needed,One that has lighter colors and is grey with a belt.,mbeir_images/fashioniq_images/B00AKB3VPA.jpg,7:30062,21,49,3813,vlm2vec_v2,gemini_embedding_2,qwen3vl8b_vllm,0,0,0,0
658,7:659,unresolved,unresolved,multimodal_needed,Has a more revealing neckline and more like a night-gown.,mbeir_images/fashioniq_images/B007W9ZC3W.jpg,7:66163,47,472,68,voyage_multimodal_35,voyage_multimodal_35,voyage_multimodal_35,0,0,0,0
659,7:660,unresolved,unresolved,multimodal_needed,Has a tighter fit and blue patterns and is white with a floaty skirt.,mbeir_images/fashioniq_images/B00GTNC0G4.jpg,7:63256,209,1607,542,gemini_embedding_2,gme_qwen2vl_retriever_2,rzen_embed,0,0,0,0
660,7:661,composition_required,composition_required,multimodal_needed,Has straps and is black and is black with spaghetti straps.,mbeir_images/fashioniq_images/B00CFUEHAW.jpg,7:48767,10,79,3012,qwen3vl8b_vllm,vlm2vec_v2,mmembed,1,0,0,0
662,7:663,composition_required,composition_required,multimodal_needed,Is shorter and has a design with sleeves and is white and red with long sleeves.,mbeir_images/fashioniq_images/B002Z7ETL2.jpg,7:13137,5,105,1740,rzen_embed,vlm2vec_v2,qwen3vl8b_vllm,2,0,0,0
664,7:665,composition_required,composition_required,multimodal_needed,Is a long armed dress and is more pink and has longer sleeves.,mbeir_images/fashioniq_images/B008LRQUW6.jpg,7:43677,1,17,305,gme_qwen2vl_retriever_2,voyage_multimodal_35,,5,0,0,0
665,7:666,unresolved,unresolved,multimodal_needed,Has a darker color and is solid colored and sleeveless.,mbeir_images/fashioniq_images/B009YKCIIY.jpg,7:43204,5713,11102,2383,vlm2vec_v2,vlm2vec_v2,gemini_embedding_2,0,0,0,0
667,7:668,unresolved,unresolved,multimodal_needed,Has longer sleeves and a different pattern and is a slightly darker blue.,mbeir_images/fashioniq_images/B00DTWDHWO.jpg,7:32124,39,1533,1179,gme_qwen2vl_retriever_2,lamra,qwen3vl8b_vllm,0,0,0,0
669,7:670,composition_required,composition_required,multimodal_needed,Half sleeved short blue dress and is in all blue.,mbeir_images/fashioniq_images/B0088D21Y4.jpg,7:51161,5,110,802,vlm2vec_v2,gemini_embedding_2,voyage_multimodal_35,3,0,0,0
670,7:671,unresolved,unresolved,multimodal_needed,Has sleeves and a more plunging neckline and is all black with a deep V neck.,mbeir_images/fashioniq_images/B007RBIRK0.jpg,7:6847,28,67,982,e5_omni,gemini_embedding_2,e5_omni,0,0,0,0
671,7:672,unresolved,unresolved,multimodal_needed,Is high low and black and blue and has a blue bottom and white and black top.,mbeir_images/fashioniq_images/B007XD18IK.jpg,7:45777,55,18,9989,lamra,lamra_qwen25vl,lamra,0,0,0,0
672,7:673,composition_required,composition_required,multimodal_needed,Is a black cold shoulder short dress and not as form fitting and has a sleeve.,mbeir_images/fashioniq_images/B00DJTS67S.jpg,7:16060,5,39,13,lamra_qwen25vl,lamra_qwen25vl,rzen_embed,3,0,0,0
675,7:676,unresolved,unresolved,multimodal_needed,Black with a tighter fit around the hips and is tighter and darker.,mbeir_images/fashioniq_images/B00B90O740.jpg,7:73183,386,342,3926,lamra,voyage_multimodal_35,qwen3vl2b_vllm,0,0,0,0
678,7:679,unresolved,unresolved,multimodal_needed,Is dark red and is red with elbow length sleeves.,mbeir_images/fashioniq_images/B008ZB39FY.jpg,7:21197,59,21,3845,voyage_multimodal_35,gemini_embedding_2,,0,0,0,0
679,7:680,unresolved,unresolved,multimodal_needed,Is a short black tank dress and is above thigh in length and is more sporty.,mbeir_images/fashioniq_images/B00CTT4N7G.jpg,7:69171,17,13,3139,lamra_qwen25vl,lamra_qwen25vl,vlm2vec_v2,0,0,0,0
680,7:681,unresolved,unresolved,multimodal_needed,Is darker and longer and is longer and darker.,mbeir_images/fashioniq_images/B006QSEC4K.jpg,7:39349,541,4298,3534,lamra_qwen25vl,qwen3vl8b_vllm,,0,0,0,0
681,7:682,unresolved,unresolved,multimodal_needed,Is shorter with longer sleeves and is blue with longer sleeves.,mbeir_images/fashioniq_images/B007NJY9XA.jpg,7:2066,113,189,13214,gemini_embedding_2,gemini_embedding_2,lamra_qwen25vl,0,0,0,0
682,7:683,unresolved,unresolved,multimodal_needed,Is red colored and strapless and a solid red long dress with no sleeves.,mbeir_images/fashioniq_images/B00E8AUR2O.jpg,7:63952,23,12,1339,vlm2vec_v2,gemini_embedding_2,lamra_qwen25vl,0,0,0,0
683,7:684,composition_required,composition_required,multimodal_needed,Is darker with a bright floral pattern and is darker with skinny straps.,mbeir_images/fashioniq_images/B00A3PEX7S.jpg,7:73658,3,13,32,gme_qwen2vl_retriever_2,qwen3vl8b_vllm,gemini_embedding_2,3,0,0,0
684,7:685,unresolved,unresolved,multimodal_needed,Is more official and less blousey and is two toned.,mbeir_images/fashioniq_images/B009QW3VSQ.jpg,7:28086,434,108,7125,qwen3vl2b_vllm,qwen3vl8b_vllm,voyage_multimodal_35,0,0,0,0
685,7:686,unresolved,unresolved,multimodal_needed,Is short mini and shiny yellow and white.,mbeir_images/fashioniq_images/B005QYY8F8.jpg,7:53390,46,74,2798,e5_omni,e5_omni,gemini_embedding_2,0,0,0,0
686,7:687,unresolved,unresolved,multimodal_needed,Is shorter and darker and longer and darker.,mbeir_images/fashioniq_images/B0081CXJ4I.jpg,7:9721,2329,808,1598,mmembed,qwen3vl8b_vllm,lamra_qwen25vl,0,0,0,0
687,7:688,unresolved,unresolved,multimodal_needed,Has more lace and shorter and has sleeves.,mbeir_images/fashioniq_images/B00598QDJK.jpg,7:21464,57,129,2466,lamra,gemini_embedding_2,lamra,0,0,0,0
689,7:690,unresolved,unresolved,multimodal_needed,Has no sleeves and is solid black and has more belt aspects.,mbeir_images/fashioniq_images/B0059BCNOG.jpg,7:62349,2171,21016,608,,qwen3vl8b_vllm,qwen3vl8b_vllm,0,0,0,0
691,7:692,composition_required,composition_required,multimodal_needed,Is strapless with lighter colors and is lighter and blue and sleeveless.,mbeir_images/fashioniq_images/B00C6PP5CA.jpg,7:55830,1,77,122,voyage_multimodal_35,e5_omni,e5_omni,9,0,0,0
692,7:693,composition_required,composition_required,multimodal_needed,Is longer and lighter in color and has no sleeves and beige color.,mbeir_images/fashioniq_images/B000YXD4R4.jpg,7:36775,1,11,2867,mmembed,mmembed,e5_omni,5,0,0,0
693,7:694,composition_required,composition_required,multimodal_needed,Is off one shoulder and is fancier looking.,mbeir_images/fashioniq_images/B004AM5K4K.jpg,7:48335,4,20,1344,gme_qwen2vl_retriever_2,vlm2vec_v2,vlm2vec_v2,3,0,0,0
694,7:695,composition_required,composition_required,multimodal_needed,Is black and it is more black and more pleated.,mbeir_images/fashioniq_images/B000X4TNTM.jpg,7:10259,9,19,313,e5_omni,vlm2vec_v2,e5_omni,1,0,0,0
696,7:697,unresolved,unresolved,multimodal_needed,Is darker with longer length and is darker and has straps.,mbeir_images/fashioniq_images/B007FNGLZI.jpg,7:64937,78,84,3544,mmembed,rzen_embed,,0,0,0,0
697,7:698,unresolved,unresolved,multimodal_needed,Is solid black and more revealing and is more black with thinner straps.,mbeir_images/fashioniq_images/B007520NYO.jpg,7:26269,33,1061,435,qwen3vl8b_vllm,vlm2vec_v2,qwen3vl2b_vllm,0,0,0,0
698,7:699,unresolved,unresolved,multimodal_needed,Has no sleeves and is sexier and is much darker in color.,mbeir_images/fashioniq_images/B002AQSPL8.jpg,7:68412,356,683,3111,qwen3vl8b_vllm,vlm2vec_v2,gemini_embedding_2,0,0,0,0
699,7:700,unresolved,unresolved,multimodal_needed,Is darker and has longer sleeves and and teal stripes.,mbeir_images/fashioniq_images/B00DYFK9N6.jpg,7:34435,1364,12802,5848,lamra_qwen25vl,vlm2vec_v2,lamra_qwen25vl,0,0,0,0
700,7:701,unresolved,unresolved,multimodal_needed,Is lighter with scoop neck and is sleeveless and pink.,mbeir_images/fashioniq_images/B009ND97G8.jpg,7:11189,23,321,339,qwen3vl2b_vllm,qwen3vl2b_vllm,vlm2vec_v2,0,0,0,0
702,7:703,unresolved,unresolved,multimodal_needed,Has long sleeves and is short and is shorter with sleeves.,mbeir_images/fashioniq_images/B00CQAJI7S.jpg,7:7130,586,3553,480,qwen3vl8b_vllm,e5_omni,mmembed,0,0,0,0
704,7:705,unresolved,unresolved,multimodal_needed,Is assymetrical with pattern and is a white/black print dress with one-sided sleeve.,mbeir_images/fashioniq_images/B006FRRQLS.jpg,7:44220,24,12,7780,qwen3vl8b_vllm,gemini_embedding_2,gme_qwen2vl_retriever_2,0,0,0,0
705,7:706,composition_required,composition_required,multimodal_needed,Is a solid color and is solid black.,mbeir_images/fashioniq_images/B00A13GLG8.jpg,7:13471,1,490,20,voyage_multimodal_35,vlm2vec_v2,voyage_multimodal_35,6,0,0,0
706,7:707,unresolved,unresolved,multimodal_needed,Is darker and has longer sleeves and is black and more shiny.,mbeir_images/fashioniq_images/B0096C2UVA.jpg,7:51938,81,972,2089,qwen3vl8b_vllm,vlm2vec_v2,e5_omni,0,0,0,0
707,7:708,composition_required,composition_required,multimodal_needed,Short sleeves orange floral long blouse and is more orange and is a blouse.,mbeir_images/fashioniq_images/B00AQUZKG8.jpg,7:30919,5,11,6926,gemini_embedding_2,gemini_embedding_2,gemini_embedding_2,1,0,0,0
708,7:709,unresolved,unresolved,multimodal_needed,Has more design and the dress is grey and white and more revealing.,mbeir_images/fashioniq_images/B00DSSIGXO.jpg,7:71233,66,281,93,vlm2vec_v2,vlm2vec_v2,gme_qwen2vl_retriever_2,0,0,0,0
711,7:712,unresolved,unresolved,multimodal_needed,Is navy blue with subtle print and is lighter and patterned.,mbeir_images/fashioniq_images/B008MNM7Y4.jpg,7:22777,12,451,217,qwen3vl8b_vllm,gemini_embedding_2,qwen3vl8b_vllm,0,0,0,0
712,7:713,composition_required,composition_required,multimodal_needed,Is greener with a different pattern and is green and longer.,mbeir_images/fashioniq_images/B00BPF5X4M.jpg,7:24813,6,35,282,lamra_qwen25vl,mmembed,qwen3vl2b_vllm,3,0,0,0
713,7:714,unresolved,unresolved,multimodal_needed,Has a rounder neckline and has a higher neckline and is more black.,mbeir_images/fashioniq_images/B007Y0UKN6.jpg,7:22342,20,547,217,qwen3vl8b_vllm,lamra,voyage_multimodal_35,0,0,0,0
714,7:715,unresolved,unresolved,multimodal_needed,Is brighter in color and is lighter colored and more frilly.,mbeir_images/fashioniq_images/B009C6OMMK.jpg,7:22324,17,713,763,lamra,gemini_embedding_2,,0,0,0,0
716,7:717,composition_required,composition_required,multimodal_needed,Is sleeveless long loose dress and white and is white and less fitted.,mbeir_images/fashioniq_images/B007FG0Y8U.jpg,7:52823,9,92,331,e5_omni,lamra_qwen25vl,qwen3vl8b_vllm,1,0,0,0
718,7:719,unresolved,unresolved,multimodal_needed,Has no sleeves and brighter colors and is white green.,mbeir_images/fashioniq_images/B0074H8I6K.jpg,7:8134,21,267,5230,qwen3vl2b_vllm,qwen3vl8b_vllm,qwen3vl2b_vllm,0,0,0,0
719,7:720,unresolved,unresolved,multimodal_needed,Is longer and is longer and more elega.,mbeir_images/fashioniq_images/B00EQ1PPEK.jpg,7:36577,1036,89,5852,lamra_qwen25vl,qwen3vl2b_vllm,mmembed,0,0,0,0
720,7:721,unresolved,unresolved,multimodal_needed,Short striped red and blue red and has a tank top and a red.,mbeir_images/fashioniq_images/B0094QXCKQ.jpg,7:8364,69,354,11181,lamra,qwen3vl8b_vllm,mmembed,0,0,0,0
721,7:722,unresolved,unresolved,multimodal_needed,Is black in color and slighly longer overall and is sleeveless and red.,mbeir_images/fashioniq_images/B00BBOI64Q.jpg,7:68411,62,32,342,gme_qwen2vl_retriever_2,gemini_embedding_2,vlm2vec_v2,0,0,0,0
724,7:725,unresolved,unresolved,multimodal_needed,Patterned and grey.,mbeir_images/fashioniq_images/B004Z56IPC.jpg,7:34594,423,6047,623,mmembed,qwen3vl8b_vllm,mmembed,0,0,0,0
728,7:729,unresolved,unresolved,multimodal_needed,Is visually aesthetic and has a flowered pattern.,mbeir_images/fashioniq_images/B003YKZ42W.jpg,7:28547,58,273,2518,gme_qwen2vl_retriever_2,qwen3vl8b_vllm,,0,0,0,0
729,7:730,unresolved,unresolved,multimodal_needed,Is shorter and has a tube top and shows more cleavage and more blue.,mbeir_images/fashioniq_images/B0059BCNOG.jpg,7:65543,33,37,17409,gemini_embedding_2,gemini_embedding_2,vlm2vec_v2,0,0,0,0
730,7:731,unresolved,unresolved,multimodal_needed,Tie dye and and is longer.,mbeir_images/fashioniq_images/B0033UVILO.jpg,7:68646,207,14721,344,gemini_embedding_2,vlm2vec_v2,,0,0,0,0
731,7:732,unresolved,unresolved,multimodal_needed,Has a lace detail and has a lacey top and flouncy bottom.,mbeir_images/fashioniq_images/B00CII5YD0.jpg,7:50236,366,758,1181,vlm2vec_v2,rzen_embed,lamra,0,0,0,0
732,7:733,unresolved,unresolved,multimodal_needed,Is a belted dress and has a more solid color.,mbeir_images/fashioniq_images/B004ZRUT96.jpg,7:56694,24,225,2488,gemini_embedding_2,e5_omni,gemini_embedding_2,0,0,0,0
734,7:735,unresolved,unresolved,multimodal_needed,Is short and is shorter and fitted.,mbeir_images/fashioniq_images/B009VDSHKC.jpg,7:70344,5354,185,10605,lamra_qwen25vl,lamra_qwen25vl,vlm2vec_v2,0,0,0,0
735,7:736,unresolved,unresolved,multimodal_needed,Has sleeves and is less shiny and is less sexy.,mbeir_images/fashioniq_images/B00CBYFJ3Q.jpg,7:14022,62,918,339,gme_qwen2vl_retriever_2,gemini_embedding_2,lamra,0,0,0,0
736,7:737,unresolved,unresolved,multimodal_needed,Is a line  no sleeves and slight print and is red and a line shaped.,mbeir_images/fashioniq_images/B002GU7D5M.jpg,7:41654,45,91,2117,voyage_multimodal_35,voyage_multimodal_35,gemini_embedding_2,0,0,0,0
737,7:738,unresolved,unresolved,multimodal_needed,Is more sexy and is sexy and bold.,mbeir_images/fashioniq_images/B0039ITJ84.jpg,7:71310,209,139,3354,vlm2vec_v2,vlm2vec_v2,e5_omni,0,0,0,0
738,7:739,unresolved,unresolved,multimodal_needed,Is short sleeved a solid color flair bottom and is longer and formal.,mbeir_images/fashioniq_images/B00A7N4DC6.jpg,7:60845,1401,399,23631,lamra_qwen25vl,qwen3vl8b_vllm,lamra_qwen25vl,0,0,0,0
739,7:740,unresolved,unresolved,multimodal_needed,Has longer sleeves and is short and is shorter and red with sleeves.,mbeir_images/fashioniq_images/B009Z31KZM.jpg,7:51350,363,898,13185,qwen3vl8b_vllm,qwen3vl8b_vllm,,0,0,0,0
741,7:742,unresolved,unresolved,multimodal_needed,Is shorter and has shorter sleeves and is printed and sleeveless.,mbeir_images/fashioniq_images/B007ZOGQIO.jpg,7:13836,20,548,3312,gemini_embedding_2,vlm2vec_v2,,0,0,0,0
742,7:743,unresolved,unresolved,multimodal_needed,Is all black and is more revealing and is black and longer.,mbeir_images/fashioniq_images/B00AEYZ35E.jpg,7:7243,16,211,20,gemini_embedding_2,e5_omni,vlm2vec_v2,0,0,0,0
743,7:744,unresolved,unresolved,multimodal_needed,Is blue and one shouldered and one shouldered.,mbeir_images/fashioniq_images/B00BYMX1AY.jpg,7:12661,40,215,2394,gme_qwen2vl_retriever_2,gme_qwen2vl_retriever_2,mmembed,0,0,0,0
744,7:745,unresolved,unresolved,multimodal_needed,With a blet belt around the waist and is solid black.,mbeir_images/fashioniq_images/B00C4Q2RPO.jpg,7:7972,89,483,577,gemini_embedding_2,gemini_embedding_2,,0,0,0,0
745,7:746,unresolved,unresolved,multimodal_needed,Much longer and is orange and is purple.,mbeir_images/fashioniq_images/B008LFKSF8.jpg,7:53576,104,209,55,qwen3vl2b_vllm,vlm2vec_v2,lamra,0,0,0,0
746,7:747,unresolved,unresolved,multimodal_needed,Is darker with an empire waist and is one color and classy.,mbeir_images/fashioniq_images/B00E62NUTG.jpg,7:6479,92,167,707,qwen3vl8b_vllm,qwen3vl8b_vllm,,0,0,0,0
748,7:749,unresolved,unresolved,multimodal_needed,Is a ling dress with no sleeves and is longer.,mbeir_images/fashioniq_images/B005UASDM2.jpg,7:12064,40,862,738,qwen3vl8b_vllm,qwen3vl8b_vllm,voyage_multimodal_35,0,0,0,0
750,7:751,unresolved,unresolved,multimodal_needed,Has a more modest neck and a different pattern and is cream colored with a higher neckline.,mbeir_images/fashioniq_images/B009C6OMMK.jpg,7:7702,26,899,478,qwen3vl8b_vllm,gemini_embedding_2,mmembed,0,0,0,0
754,7:755,unresolved,unresolved,multimodal_needed,N/a and is longer and darker.,mbeir_images/fashioniq_images/B00AO1VVB2.jpg,7:7022,1094,2543,3442,vlm2vec_v2,vlm2vec_v2,e5_omni,0,0,0,0
755,7:756,composition_required,composition_required,multimodal_needed,Is black with longer sleeves and black longer sleeves with cut outs.,mbeir_images/fashioniq_images/B0070L9U6M.jpg,7:59767,1,14,3173,lamra_qwen25vl,gme_qwen2vl_retriever_2,mmembed,7,0,0,0
758,7:759,composition_required,composition_required,multimodal_needed,Is solid red and is white with a swing skirt.,mbeir_images/fashioniq_images/B00BBOI64Q.jpg,7:32058,4,215,1818,lamra,qwen3vl8b_vllm,qwen3vl8b_vllm,1,0,0,0
760,7:761,composition_required,composition_required,multimodal_needed,Is gray with a gray belt and it is less red and have both shoulder.,mbeir_images/fashioniq_images/B005KMQQFQ.jpg,7:32180,9,322,377,mmembed,rzen_embed,mmembed,1,0,0,0
763,7:764,unresolved,unresolved,multimodal_needed,Has no sleeves and is lighter and has thinner straps.,mbeir_images/fashioniq_images/B005DRATG0.jpg,7:57650,84,113,95,vlm2vec_v2,lamra,lamra,0,0,0,0
764,7:765,unresolved,unresolved,multimodal_needed,Is blue with short sleeves and is blue and has shorter sleeves.,mbeir_images/fashioniq_images/B004U88SW0.jpg,7:51856,278,557,5165,lamra,vlm2vec_v2,,0,0,0,0
765,7:766,unresolved,unresolved,multimodal_needed,Has a plain design at the front and is darker and has shorter sleeves.,mbeir_images/fashioniq_images/B0082BCNZY.jpg,7:24939,1258,5924,1077,lamra,,gemini_embedding_2,0,0,0,0
767,7:768,unresolved,unresolved,multimodal_needed,Is light pinked with even sides and is colourfull.,mbeir_images/fashioniq_images/B007W9ZC3W.jpg,7:30663,13,518,201,qwen3vl8b_vllm,qwen3vl8b_vllm,lamra,0,0,0,0
769,7:770,composition_required,composition_required,multimodal_needed,Is shorter and bright zigzag stripes that are red and white and more red and longer skirt.,mbeir_images/fashioniq_images/B007JS1Y7Y.jpg,7:50637,10,37,9826,mmembed,qwen3vl8b_vllm,lamra,1,0,0,0
770,7:771,composition_required,composition_required,multimodal_needed,Is a long green maxi dress and has more green.,mbeir_images/fashioniq_images/B00DCC9ZJK.jpg,7:69964,2,15,70,vlm2vec_v2,e5_omni,gemini_embedding_2,3,0,0,0
771,7:772,unresolved,unresolved,multimodal_needed,Is solid blue with a v-neck and black and white.,mbeir_images/fashioniq_images/B00CE66AQG.jpg,7:28880,273,386,116,e5_omni,rzen_embed,gemini_embedding_2,0,0,0,0
772,7:773,unresolved,unresolved,multimodal_needed,Is black witch short sleeves and is solid black with long sleeves.,mbeir_images/fashioniq_images/B00AOBCAXA.jpg,7:12165,14,524,6596,lamra_qwen25vl,vlm2vec_v2,e5_omni,0,0,0,0
775,7:776,composition_required,composition_required,multimodal_needed,Is shorter and green in color and is shorter and green.,mbeir_images/fashioniq_images/B008596XXG.jpg,7:56255,1,15,73,lamra_qwen25vl,gme_qwen2vl_retriever_2,gemini_embedding_2,4,0,0,0
776,7:777,composition_required,composition_required,multimodal_needed,Has thinner straps and is darker.,mbeir_images/fashioniq_images/B0069TD8DW.jpg,7:3534,5,389,59,gemini_embedding_2,vlm2vec_v2,,3,0,0,0
777,7:778,composition_required,composition_required,multimodal_needed,Is shorter and solid black and is black and thin straps.,mbeir_images/fashioniq_images/B005WQCHPI.jpg,7:25280,1,43,1807,lamra,lamra,,6,0,0,0
778,7:779,unresolved,unresolved,multimodal_needed,Is a solid and has a halter neckline and is a lighter color.,mbeir_images/fashioniq_images/B009C6OO8C.jpg,7:26751,438,7873,813,lamra,lamra_qwen25vl,,0,0,0,0
779,7:780,composition_required,composition_required,multimodal_needed,Is more red and is a solid color and is more red.,mbeir_images/fashioniq_images/B009S3GIV0.jpg,7:30173,1,516,56,voyage_multimodal_35,qwen3vl2b_vllm,voyage_multimodal_35,5,0,0,0
780,7:781,composition_required,composition_required,multimodal_needed,Strapless and blue print and is more floral and colorful.,mbeir_images/fashioniq_images/B00BG3NQE2.jpg,7:37640,4,15,516,qwen3vl8b_vllm,qwen3vl8b_vllm,lamra_qwen25vl,4,0,0,0
781,7:782,unresolved,unresolved,multimodal_needed,Is a black laced dress with both shoulders covered and is shorter and lighter.,mbeir_images/fashioniq_images/B00CW6HT7W.jpg,7:47424,359,14,16700,lamra_qwen25vl,lamra_qwen25vl,gme_qwen2vl_retriever_2,0,0,0,0
782,7:783,composition_required,composition_required,multimodal_needed,Is a blue dress and is a longer length and a brighter color.,mbeir_images/fashioniq_images/B0071MSFCU.jpg,7:43094,10,11,9477,mmembed,mmembed,mmembed,1,0,0,0
783,7:784,unresolved,unresolved,multimodal_needed,Is shorter and is blue and sexy.,mbeir_images/fashioniq_images/B007FO27IW.jpg,7:65144,78,84,1033,voyage_multimodal_35,vlm2vec_v2,voyage_multimodal_35,0,0,0,0
784,7:785,unresolved,unresolved,multimodal_needed,Has longer sleeves and more blue and has striped top.,mbeir_images/fashioniq_images/B007HZJE08.jpg,7:65273,17,200,1952,lamra,qwen3vl8b_vllm,gemini_embedding_2,0,0,0,0
785,7:786,unresolved,unresolved,multimodal_needed,Is black and has half sleeves and is black with longer sleeves.,mbeir_images/fashioniq_images/B0096C2UVA.jpg,7:12973,16,1741,1756,lamra,voyage_multimodal_35,gemini_embedding_2,0,0,0,0
787,7:788,unresolved,unresolved,multimodal_needed,Is black and much shorter and more modern and less sexy.,mbeir_images/fashioniq_images/B007HI6KPM.jpg,7:63040,3101,12645,1937,,lamra,voyage_multimodal_35,0,0,0,0
790,7:791,unresolved,unresolved,multimodal_needed,Is a one sleeved mini black evening dress and has one strap.,mbeir_images/fashioniq_images/B008GRR6II.jpg,7:1305,45,99,201,gemini_embedding_2,gemini_embedding_2,,0,0,0,0
793,7:794,composition_required,composition_required,multimodal_needed,Is darker pink and shiny and fitted.,mbeir_images/fashioniq_images/B00ANC7JCW.jpg,7:70581,3,37,33,lamra,gme_qwen2vl_retriever_2,qwen3vl8b_vllm,4,0,0,0
794,7:795,unresolved,unresolved,multimodal_needed,Is above knee and three quarter sleeve and is blue with long sleeves.,mbeir_images/fashioniq_images/B0089DLVNA.jpg,7:73648,74,207,1813,rzen_embed,gemini_embedding_2,,0,0,0,0
795,7:796,unresolved,unresolved,multimodal_needed,Has longer sleeves and is a solid color and has longer sleeves and more revealing.,mbeir_images/fashioniq_images/B004IZRBDW.jpg,7:47259,1765,45,14274,qwen3vl8b_vllm,vlm2vec_v2,vlm2vec_v2,0,0,0,0
796,7:797,composition_required,composition_required,multimodal_needed,Is red and comes in colors with white floral designs.,mbeir_images/fashioniq_images/B002VLK54C.jpg,7:54398,1,57,70,qwen3vl8b_vllm,qwen3vl8b_vllm,gemini_embedding_2,2,0,0,0
797,7:798,composition_required,composition_required,multimodal_needed,Is a t shirt with short sleeves and is white with a collar.,mbeir_images/fashioniq_images/B00C62EUBA.jpg,7:47765,1,13,16060,lamra_qwen25vl,mmembed,gme_qwen2vl_retriever_2,3,0,0,0
799,7:800,composition_required,composition_required,multimodal_needed,Is less shiny with a longer skirt and is dark a more fitted.,mbeir_images/fashioniq_images/B00CY8T80Y.jpg,7:1168,6,245,57,mmembed,lamra,,1,0,0,0
800,7:801,unresolved,unresolved,multimodal_needed,Is more floral print with a shorter skirt and is shorter with a brighter colored print.,mbeir_images/fashioniq_images/B004EPXD9M.jpg,7:68043,276,2760,238,rzen_embed,gemini_embedding_2,lamra,0,0,0,0
802,7:803,composition_required,composition_required,multimodal_needed,Is lighter and is red and more plain.,mbeir_images/fashioniq_images/B00A16VH28.jpg,7:28256,4,152,638,qwen3vl2b_vllm,voyage_multimodal_35,qwen3vl8b_vllm,1,0,0,0
804,7:805,composition_required,composition_required,multimodal_needed,Has no straps. It's solid black with ruffles and ruffled and darker.,mbeir_images/fashioniq_images/B004OHYU4M.jpg,7:72942,1,25,67,lamra_qwen25vl,qwen3vl8b_vllm,,7,0,0,0
805,7:806,unresolved,unresolved,multimodal_needed,Is bluer with shorter sleeves and has a wider neck line and is blue.,mbeir_images/fashioniq_images/B007TMBT5M.jpg,7:70057,50,4437,333,e5_omni,qwen3vl2b_vllm,e5_omni,0,0,0,0
809,7:810,composition_required,composition_required,multimodal_needed,Is a green paisley print v neck dress and has a floral design and is longer.,mbeir_images/fashioniq_images/B0073WBRYQ.jpg,7:56391,2,16,222,rzen_embed,gemini_embedding_2,mmembed,6,0,0,0
810,7:811,composition_required,composition_required,multimodal_needed,Is black and shorter and is darker ad has buttons.,mbeir_images/fashioniq_images/B00BXB7LRA.jpg,7:48306,9,553,1253,qwen3vl8b_vllm,gemini_embedding_2,mmembed,1,0,0,0
813,7:814,composition_required,composition_required,multimodal_needed,Is tighter and fancier and tighter skirt and v neck.,mbeir_images/fashioniq_images/B00FBRGJKM.jpg,7:54925,8,82,1233,lamra,qwen3vl2b_vllm,mmembed,1,0,0,0
815,7:816,unresolved,unresolved,multimodal_needed,Is more darker and minimal and is black.,mbeir_images/fashioniq_images/B005X4PL1G.jpg,7:8737,181,6548,237,lamra_qwen25vl,e5_omni,,0,0,0,0
816,7:817,unresolved,unresolved,multimodal_needed,Is pink with a low neck and is more colorful and has two straps.,mbeir_images/fashioniq_images/B009D3M86O.jpg,7:34833,32,508,1376,rzen_embed,rzen_embed,voyage_multimodal_35,0,0,0,0
817,7:818,composition_required,composition_required,multimodal_needed,Is longer and a solid plum color and is much longer.,mbeir_images/fashioniq_images/B004MMF00W.jpg,7:37175,1,12,1646,gme_qwen2vl_retriever_2,vlm2vec_v2,e5_omni,9,0,0,0
819,7:820,composition_required,composition_required,multimodal_needed,Has longer sleeves and is short and is tan with sleeves and a belt.,mbeir_images/fashioniq_images/B005ZXS03G.jpg,7:58842,8,69,440,gemini_embedding_2,gme_qwen2vl_retriever_2,vlm2vec_v2,1,0,0,0
820,7:821,composition_required,composition_required,multimodal_needed,Is red and sleeveless and is vibrant red with shorter sleeves.,mbeir_images/fashioniq_images/B00DH8X2OI.jpg,7:41003,6,65,3436,qwen3vl2b_vllm,gemini_embedding_2,e5_omni,3,0,0,0
821,7:822,unresolved,unresolved,multimodal_needed,Is white and longer and is longer and lighter.,mbeir_images/fashioniq_images/B009NW4TW6.jpg,7:60553,13,36,4120,lamra_qwen25vl,lamra_qwen25vl,lamra_qwen25vl,0,0,0,0
822,7:823,unresolved,unresolved,multimodal_needed,Has a  u shaped neck with red heels and black and gray with no shoulder straps.,mbeir_images/fashioniq_images/B00B1YKB26.jpg,7:22516,606,819,3107,rzen_embed,gemini_embedding_2,mmembed,0,0,0,0
823,7:824,unresolved,unresolved,multimodal_needed,Is lighter and is in all white.,mbeir_images/fashioniq_images/B00D3A3HRC.jpg,7:9910,72,122,3291,rzen_embed,mmembed,,0,0,0,0
825,7:826,unresolved,unresolved,multimodal_needed,Has summery straps and wild print and patterned and much darker in colour.,mbeir_images/fashioniq_images/B007HZAFSI.jpg,7:45056,19089,13943,9078,vlm2vec_v2,vlm2vec_v2,gme_qwen2vl_retriever_2,0,0,0,0
827,7:828,unresolved,unresolved,multimodal_needed,Is plain and more plain and flowing.,mbeir_images/fashioniq_images/B004Q9T840.jpg,7:45691,318,5392,6657,lamra_qwen25vl,qwen3vl8b_vllm,lamra_qwen25vl,0,0,0,0
828,7:829,composition_required,composition_required,multimodal_needed,Is more official and is shorter and striped.,mbeir_images/fashioniq_images/B00913N1QC.jpg,7:57945,1,35,145,mmembed,qwen3vl2b_vllm,gemini_embedding_2,5,0,0,0
829,7:830,unresolved,unresolved,multimodal_needed,Has short sleeves and lighter colored.,mbeir_images/fashioniq_images/B004U88SW0.jpg,7:26412,2786,419,9861,qwen3vl8b_vllm,voyage_multimodal_35,,0,0,0,0
830,7:831,unresolved,unresolved,multimodal_needed,Is lighter with a loose fit top and is white and shorter.,mbeir_images/fashioniq_images/B004VJS5QC.jpg,7:33938,70,996,1264,gme_qwen2vl_retriever_2,gemini_embedding_2,e5_omni,0,0,0,0
831,7:832,unresolved,unresolved,multimodal_needed,Is more colorful and longer and is more colorful and printed.,mbeir_images/fashioniq_images/B006ZWEMWE.jpg,7:74227,32,429,4850,lamra_qwen25vl,qwen3vl8b_vllm,,0,0,0,0
832,7:833,unresolved,unresolved,multimodal_needed,Is light white and less shiny with close neck design and the dress is  white and less revealing.,mbeir_images/fashioniq_images/B0088AAXUG.jpg,7:56609,142,64,7593,voyage_multimodal_35,voyage_multimodal_35,e5_omni,0,0,0,0
834,7:835,composition_required,composition_required,multimodal_needed,Is white colored and longer sleeves and is more conservative.,mbeir_images/fashioniq_images/B008BHHSAY.jpg,7:14593,3,13,1725,lamra,qwen3vl8b_vllm,mmembed,3,0,0,0
836,7:837,unresolved,unresolved,multimodal_needed,Has a different patern and thin straps and is more colorful and tan.,mbeir_images/fashioniq_images/B00CLV8QQ6.jpg,7:61025,30,94,657,lamra_qwen25vl,voyage_multimodal_35,rzen_embed,0,0,0,0
837,7:838,unresolved,unresolved,multimodal_needed,Is shorter with long sleeves and a belt and orange with ruffled hem.,mbeir_images/fashioniq_images/B00EODXN1W.jpg,7:49856,25,48,3309,qwen3vl8b_vllm,lamra,gemini_embedding_2,0,0,0,0
838,7:839,composition_required,composition_required,multimodal_needed,No sleeves and white and is white and short.,mbeir_images/fashioniq_images/B00F4N004Y.jpg,7:53548,7,242,2727,qwen3vl8b_vllm,gemini_embedding_2,rzen_embed,2,0,0,0
839,7:840,unresolved,unresolved,multimodal_needed,Is satin pink with uneven ruffles and light & Dark color.,mbeir_images/fashioniq_images/B005HEJCDK.jpg,7:29055,19,77,4432,lamra,gemini_embedding_2,lamra,0,0,0,0
840,7:841,composition_required,composition_required,multimodal_needed,Is more covering around neck and belted and has a smaller collar and is not se through.,mbeir_images/fashioniq_images/B005AQCKBQ.jpg,7:23698,1,20,206,lamra,rzen_embed,lamra_qwen25vl,1,0,0,0
841,7:842,unresolved,unresolved,multimodal_needed,Has stripes and is without sleeves and is plain black.,mbeir_images/fashioniq_images/B00CR02CF2.jpg,7:11168,48,713,1173,gme_qwen2vl_retriever_2,qwen3vl2b_vllm,gme_qwen2vl_retriever_2,0,0,0,0
842,7:843,composition_required,composition_required,multimodal_needed,Is a shiny blue color and is blue satin.,mbeir_images/fashioniq_images/B004YADUVS.jpg,7:44841,2,16,71,e5_omni,e5_omni,gemini_embedding_2,4,0,0,0
844,7:845,composition_required,composition_required,multimodal_needed,Looks more formal ` and is darker with a deeper neckline.,mbeir_images/fashioniq_images/B00E8157H8.jpg,7:27631,6,1176,543,lamra_qwen25vl,qwen3vl8b_vllm,gemini_embedding_2,3,0,0,0
845,7:846,unresolved,unresolved,multimodal_needed,Is a v shaped neck dress and has more of a red chinese design and up top has short sleeves in a v shape.,mbeir_images/fashioniq_images/B008E6CKVY.jpg,7:23039,54,6076,62,,voyage_multimodal_35,gemini_embedding_2,0,0,0,0
846,7:847,composition_required,composition_required,multimodal_needed,Is black with a more v neck and is black and is more fitted.,mbeir_images/fashioniq_images/B006UCPRSC.jpg,7:72162,2,11,1934,lamra,gme_qwen2vl_retriever_2,e5_omni,2,0,0,0
847,7:848,unresolved,unresolved,multimodal_needed,Is dark blue with a belted waist and is solid blue without sleeves.,mbeir_images/fashioniq_images/B00CL0VWTA.jpg,7:65213,42,66,6031,qwen3vl2b_vllm,lamra_qwen25vl,qwen3vl2b_vllm,0,0,0,0
848,7:849,composition_required,composition_required,multimodal_needed,Has a polka dot pattern and is white.,mbeir_images/fashioniq_images/B00BXB7LRA.jpg,7:26059,1,69,25,gemini_embedding_2,gemini_embedding_2,gemini_embedding_2,8,0,0,0
851,7:852,unresolved,unresolved,multimodal_needed,Is more feminine and dark Color.,mbeir_images/fashioniq_images/B005N4L15G.jpg,7:62777,369,3359,4936,qwen3vl8b_vllm,vlm2vec_v2,qwen3vl8b_vllm,0,0,0,0
852,7:853,unresolved,unresolved,multimodal_needed,Its black with waist covered and is black with seperated straps.,mbeir_images/fashioniq_images/B00AG3Y2JG.jpg,7:35435,63,443,722,lamra,e5_omni,gme_qwen2vl_retriever_2,0,0,0,0
853,7:854,unresolved,unresolved,multimodal_needed,This dress looks more formal and has shorter sleeves.,mbeir_images/fashioniq_images/B00BNRBD32.jpg,7:27910,2591,832,2614,,vlm2vec_v2,,0,0,0,0
854,7:855,unresolved,unresolved,multimodal_needed,Is sea green blue with longer sleeves and is blue-green and has long sleeves.,mbeir_images/fashioniq_images/B008H78T6K.jpg,7:44935,123,24,13697,qwen3vl8b_vllm,qwen3vl8b_vllm,,0,0,0,0
856,7:857,unresolved,unresolved,multimodal_needed,Is black and shorter and is shorter and has no sleeves.,mbeir_images/fashioniq_images/B0009T5VWY.jpg,7:22625,1341,1122,1715,gme_qwen2vl_retriever_2,lamra,qwen3vl2b_vllm,0,0,0,0
858,7:859,unresolved,unresolved,multimodal_needed,Has lace colvering the shoulders and has a black and white print instead of red.,mbeir_images/fashioniq_images/B00B1VG358.jpg,7:21592,17,393,228,lamra_qwen25vl,rzen_embed,lamra,0,0,0,0
859,7:860,unresolved,unresolved,multimodal_needed,Is black with a white belt and is darker with a collar.,mbeir_images/fashioniq_images/B000Z4OH0U.jpg,7:70790,117,339,4446,gme_qwen2vl_retriever_2,gemini_embedding_2,lamra,0,0,0,0
860,7:861,unresolved,unresolved,multimodal_needed,With no straps and is more see through.,mbeir_images/fashioniq_images/B002FLMMY4.jpg,7:27144,162,4319,536,qwen3vl8b_vllm,e5_omni,qwen3vl8b_vllm,0,0,0,0
861,7:862,unresolved,unresolved,multimodal_needed,Is longer and lighter and is white with straps.,mbeir_images/fashioniq_images/B006GV3N56.jpg,7:33367,102,31,5039,lamra_qwen25vl,lamra,lamra_qwen25vl,0,0,0,0
862,7:863,unresolved,unresolved,multimodal_needed,Is red with circular designs and has shorter sleeves.,mbeir_images/fashioniq_images/B00AKR44XM.jpg,7:73760,13,51,2661,lamra_qwen25vl,vlm2vec_v2,gemini_embedding_2,0,0,0,0
863,7:864,composition_required,composition_required,multimodal_needed,Is red with a low neck and is red.,mbeir_images/fashioniq_images/B00DR3TRJ2.jpg,7:53767,2,11,67,lamra,gme_qwen2vl_retriever_2,gemini_embedding_2,7,0,0,0
864,7:865,composition_required,composition_required,multimodal_needed,Is more white and has a pattern and has a different color pattern.,mbeir_images/fashioniq_images/B008DS1E6K.jpg,7:37524,3,69,1807,gme_qwen2vl_retriever_2,gme_qwen2vl_retriever_2,mmembed,1,0,0,0
867,7:868,unresolved,unresolved,multimodal_needed,Is brighter colored and sleeveless and is brighter.,mbeir_images/fashioniq_images/B002SNAIWC.jpg,7:10869,65,156,4836,gme_qwen2vl_retriever_2,gemini_embedding_2,,0,0,0,0
868,7:869,unresolved,unresolved,multimodal_needed,Has longer sleeves with floral design and is in floral print with peach and green.,mbeir_images/fashioniq_images/B00COB4356.jpg,7:25122,22,452,2614,mmembed,gme_qwen2vl_retriever_2,,0,0,0,0
869,7:870,composition_required,composition_required,multimodal_needed,Is brighter blue and is sleeveless.,mbeir_images/fashioniq_images/B0090NZVZC.jpg,7:25916,1,64,37,lamra,gemini_embedding_2,gme_qwen2vl_retriever_2,7,0,0,0
870,7:871,unresolved,unresolved,multimodal_needed,Is a pink long sleeved shirt and has flutter sleeves.,mbeir_images/fashioniq_images/B00BXX6PM0.jpg,7:74158,84,353,520,gemini_embedding_2,e5_omni,lamra_qwen25vl,0,0,0,0
872,7:873,unresolved,unresolved,multimodal_needed,Is a darker color and is a solid darker color.,mbeir_images/fashioniq_images/B0095QLSJW.jpg,7:72051,21,2834,440,qwen3vl8b_vllm,gemini_embedding_2,qwen3vl8b_vllm,0,0,0,0
873,7:874,unresolved,unresolved,multimodal_needed,Is fancier with a defined bust and is a long burgundy dress.,mbeir_images/fashioniq_images/B0072QWT2M.jpg,7:70567,34,78,1030,lamra_qwen25vl,lamra,lamra_qwen25vl,0,0,0,0
875,7:876,composition_required,composition_required,multimodal_needed,Is shorter white color and has floral and is orange and more casual.,mbeir_images/fashioniq_images/B0048C7MMU.jpg,7:33650,4,355,12,e5_omni,rzen_embed,e5_omni,2,0,0,0
876,7:877,unresolved,unresolved,multimodal_needed,Dark colored and more revealing and a solid black short dress.,mbeir_images/fashioniq_images/B007HC3J1G.jpg,7:8213,28,92,350,voyage_multimodal_35,vlm2vec_v2,voyage_multimodal_35,0,0,0,0
877,7:878,composition_required,composition_required,multimodal_needed,Has no sleeves and is patterned and no sleeves and lighter.,mbeir_images/fashioniq_images/B00DOYX1VY.jpg,7:26994,6,1429,234,e5_omni,gemini_embedding_2,vlm2vec_v2,2,0,0,0
878,7:879,unresolved,unresolved,multimodal_needed,Has black stripes and white shoes and orange print.,mbeir_images/fashioniq_images/B00DSSIGXO.jpg,7:28681,204,1616,668,voyage_multimodal_35,voyage_multimodal_35,lamra,0,0,0,0
880,7:881,unresolved,unresolved,multimodal_needed,Is more stylish and is darker and looser.,mbeir_images/fashioniq_images/B0036MEL0O.jpg,7:41498,419,906,2480,lamra,vlm2vec_v2,vlm2vec_v2,0,0,0,0
882,7:883,unresolved,unresolved,multimodal_needed,Is blue and white and shorter and as white and blue.,mbeir_images/fashioniq_images/B00CIEPROU.jpg,7:36347,24,48,6502,lamra,mmembed,lamra_qwen25vl,0,0,0,0
883,7:884,composition_required,composition_required,multimodal_needed,Is more striped and more short and is shorter.,mbeir_images/fashioniq_images/B007WA2VB2.jpg,7:70496,7,37,1175,rzen_embed,qwen3vl8b_vllm,,2,0,0,0
885,7:886,unresolved,unresolved,multimodal_needed,Is sleeveless and yellow and flowy.,mbeir_images/fashioniq_images/B006TALF54.jpg,7:42093,16,13,11017,lamra,vlm2vec_v2,vlm2vec_v2,0,0,0,0
887,7:888,unresolved,unresolved,multimodal_needed,Is more revealing with a design and is more whimsical.,mbeir_images/fashioniq_images/B0094QXCKQ.jpg,7:31752,859,151,11328,qwen3vl8b_vllm,gme_qwen2vl_retriever_2,qwen3vl8b_vllm,0,0,0,0
888,7:889,unresolved,unresolved,multimodal_needed,Is red in color and is pink without patterns.,mbeir_images/fashioniq_images/B00BTHR98E.jpg,7:11106,141,271,4872,lamra_qwen25vl,lamra_qwen25vl,lamra_qwen25vl,0,0,0,0
889,7:890,unresolved,unresolved,multimodal_needed,Has short sleeves with prints and has a more subtle print.,mbeir_images/fashioniq_images/B00741MP7O.jpg,7:11711,93,4509,74,mmembed,voyage_multimodal_35,e5_omni,0,0,0,0
891,7:892,unresolved,unresolved,multimodal_needed,Has longer sleeves and an animal print pattern and is darker and has thicker straps.,mbeir_images/fashioniq_images/B008D6LE3A.jpg,7:68396,72,11,1519,qwen3vl8b_vllm,lamra,lamra,0,0,0,0
892,7:893,unresolved,unresolved,multimodal_needed,Short sleeved and is 3/4 sleeves and solid pink.,mbeir_images/fashioniq_images/B007VZ35MM.jpg,7:45351,124,601,7378,qwen3vl8b_vllm,qwen3vl8b_vllm,mmembed,0,0,0,0
893,7:894,unresolved,unresolved,multimodal_needed,Is darker and a different pattern and wider straps and darker.,mbeir_images/fashioniq_images/B0096C2UVA.jpg,7:51797,33,171,250,voyage_multimodal_35,voyage_multimodal_35,,0,0,0,0
894,7:895,composition_required,composition_required,multimodal_needed,Is black with long sleeves and is darker in color and less revealing.,mbeir_images/fashioniq_images/B003ZLIWEW.jpg,7:61466,3,26,280,mmembed,vlm2vec_v2,gemini_embedding_2,2,0,0,0
895,7:896,composition_required,composition_required,multimodal_needed,Is stripped and has longer sleeves.,mbeir_images/fashioniq_images/B0058XPHQG.jpg,7:13136,3,356,677,voyage_multimodal_35,e5_omni,,3,0,0,0
896,7:897,unresolved,unresolved,multimodal_needed,Is shorter and solid red and is red.,mbeir_images/fashioniq_images/B00BXX6XBS.jpg,7:8379,206,183,13004,mmembed,qwen3vl8b_vllm,,0,0,0,0
899,7:900,unresolved,unresolved,multimodal_needed,Has a fitted waist and belt and s blue with square necklne and is solid and more fitted.,mbeir_images/fashioniq_images/B008DSN0BW.jpg,7:9496,637,2217,1713,lamra,qwen3vl8b_vllm,qwen3vl8b_vllm,0,0,0,0
900,7:901,composition_required,composition_required,multimodal_needed,Is beige and has ruffles and has a lower cut neckline with a ruffle.,mbeir_images/fashioniq_images/B006P044VU.jpg,7:5563,7,13,1656,lamra,gemini_embedding_2,,1,0,0,0
901,7:902,composition_required,composition_required,multimodal_needed,Is longer and is long with a floral print.,mbeir_images/fashioniq_images/B00DO9M2VE.jpg,7:58685,3,19,989,qwen3vl2b_vllm,voyage_multimodal_35,vlm2vec_v2,3,0,0,0
902,7:903,unresolved,unresolved,multimodal_needed,Is darker and has a shorted hemline and is dark colored with longer sleeves.,mbeir_images/fashioniq_images/B00B72LAS6.jpg,7:42287,17,125,2163,lamra,rzen_embed,e5_omni,0,0,0,0
903,7:904,unresolved,unresolved,multimodal_needed,Is short with no sleeves and is tighter with more black.,mbeir_images/fashioniq_images/B007XATMYA.jpg,7:3863,350,914,504,lamra_qwen25vl,gemini_embedding_2,vlm2vec_v2,0,0,0,0
904,7:905,unresolved,unresolved,multimodal_needed,Is gold and black and is pink and has floral.,mbeir_images/fashioniq_images/B00B3P7MVG.jpg,7:72883,86,407,928,qwen3vl2b_vllm,mmembed,qwen3vl8b_vllm,0,0,0,0
905,7:906,composition_required,composition_required,multimodal_needed,V neck short grey dress and is more slimming and curvier.,mbeir_images/fashioniq_images/B009COQELY.jpg,7:194,7,11,566,qwen3vl8b_vllm,qwen3vl8b_vllm,qwen3vl8b_vllm,1,0,0,0
906,7:907,unresolved,unresolved,multimodal_needed,Has spaghetti straps and short front long back and is multicolored.,mbeir_images/fashioniq_images/B00BXB755S.jpg,7:55821,1063,449,833,gemini_embedding_2,gme_qwen2vl_retriever_2,qwen3vl8b_vllm,0,0,0,0
908,7:909,composition_required,composition_required,multimodal_needed,Is solid black with long sleeves and is dark colored and long sleeves.,mbeir_images/fashioniq_images/B00AEMHDIG.jpg,7:56743,3,23,309,vlm2vec_v2,vlm2vec_v2,voyage_multimodal_35,3,0,0,0
909,7:910,unresolved,unresolved,multimodal_needed,Is pink and sleevless and is longer in length and shorter sleeves.,mbeir_images/fashioniq_images/B0085F4XEG.jpg,7:48276,65,63,1914,qwen3vl8b_vllm,mmembed,voyage_multimodal_35,0,0,0,0
910,7:911,unresolved,unresolved,multimodal_needed,Is a longer fitted solid black and is darker and longer.,mbeir_images/fashioniq_images/B0080E53WI.jpg,7:61380,11,141,1453,lamra_qwen25vl,gme_qwen2vl_retriever_2,,0,0,0,0
911,7:912,composition_required,composition_required,multimodal_needed,Has short sleeves and is less fitted and is solid black with white accents.,mbeir_images/fashioniq_images/B008368ZQY.jpg,7:7068,1,74,3278,qwen3vl8b_vllm,qwen3vl8b_vllm,mmembed,1,0,0,0
912,7:913,unresolved,unresolved,multimodal_needed,Is just about the same with a slightly different design and it is more pink and less tight.,mbeir_images/fashioniq_images/B003Z59PYE.jpg,7:71135,14,656,12,qwen3vl8b_vllm,mmembed,qwen3vl2b_vllm,0,0,0,0
913,7:914,unresolved,unresolved,multimodal_needed,V neck and lighter colored and has V-neck and pockets in light color.,mbeir_images/fashioniq_images/B00B9D3JOG.jpg,7:18703,25,778,467,qwen3vl2b_vllm,gemini_embedding_2,,0,0,0,0
916,7:917,unresolved,unresolved,multimodal_needed,A long grey belted dress and is more formal and darker colors.,mbeir_images/fashioniq_images/B004WYVJNC.jpg,7:63257,24,377,97,qwen3vl8b_vllm,qwen3vl8b_vllm,gemini_embedding_2,0,0,0,0
917,7:918,unresolved,unresolved,multimodal_needed,Is lighter and shorter and has longer sleeves and is brighter colored.,mbeir_images/fashioniq_images/B007HZAFSI.jpg,7:3884,139,2505,3131,lamra,lamra_qwen25vl,e5_omni,0,0,0,0
919,7:920,unresolved,unresolved,multimodal_needed,Is shorter and darker and is more black and fitted.,mbeir_images/fashioniq_images/B008DSN0BW.jpg,7:44178,117,687,134,lamra_qwen25vl,lamra_qwen25vl,lamra_qwen25vl,0,0,0,0
920,7:921,composition_required,composition_required,multimodal_needed,Is short and a lighter blue and is shorter in size with no arms.,mbeir_images/fashioniq_images/B00EZSOR2U.jpg,7:53375,2,113,751,gemini_embedding_2,gemini_embedding_2,gemini_embedding_2,2,0,0,0
921,7:922,composition_required,composition_required,multimodal_needed,Is black and white striped and has black and tan stripes.,mbeir_images/fashioniq_images/B004EHON6W.jpg,7:64431,1,51,657,gme_qwen2vl_retriever_2,gemini_embedding_2,lamra_qwen25vl,6,0,0,0
922,7:923,unresolved,unresolved,multimodal_needed,Is green with a u shaped neck and is light green and has short sleeves.,mbeir_images/fashioniq_images/B007457CVE.jpg,7:74056,13,54,4535,lamra_qwen25vl,gme_qwen2vl_retriever_2,voyage_multimodal_35,0,0,0,0
923,7:924,unresolved,unresolved,multimodal_needed,Is darker with wider shoulder straps and more revealing and thicker sleevs.,mbeir_images/fashioniq_images/B008NBYR2A.jpg,7:7126,64,2042,137,lamra,rzen_embed,,0,0,0,0
924,7:925,unresolved,unresolved,multimodal_needed,Is shorter with more print work and is shorter and has a floral pattern.,mbeir_images/fashioniq_images/B00711V8Y8.jpg,7:17465,543,1630,4586,qwen3vl8b_vllm,e5_omni,mmembed,0,0,0,0
925,7:926,composition_required,composition_required,multimodal_needed,Is patterned with no belt and the dress is gray and pink and shorter.,mbeir_images/fashioniq_images/B00DERHT5A.jpg,7:25790,6,380,195,gme_qwen2vl_retriever_2,gme_qwen2vl_retriever_2,qwen3vl8b_vllm,1,0,0,0
926,7:927,unresolved,unresolved,multimodal_needed,Dark colored and less fitted and has shorter sleeves.,mbeir_images/fashioniq_images/B00G6TRZE8.jpg,7:6089,426,4621,607,rzen_embed,rzen_embed,,0,0,0,0
927,7:928,unresolved,unresolved,multimodal_needed,Is a solid black color. It's also shorter an tighter fitting and is black and more skimpy.,mbeir_images/fashioniq_images/B00D61ZCGW.jpg,7:45413,52,155,3434,lamra,rzen_embed,vlm2vec_v2,0,0,0,0
928,7:929,composition_required,composition_required,multimodal_needed,Is short and blue in color and and with no sleeves.,mbeir_images/fashioniq_images/B0052B66GY.jpg,7:16845,1,163,4513,vlm2vec_v2,qwen3vl2b_vllm,,1,0,0,0
929,7:930,composition_required,composition_required,multimodal_needed,Is black colored and shorter length and not as long.,mbeir_images/fashioniq_images/B007P5H6HS.jpg,7:55813,1,429,48,gme_qwen2vl_retriever_2,qwen3vl8b_vllm,,5,0,0,0
930,7:931,unresolved,unresolved,multimodal_needed,Is darker\ and more formal.,mbeir_images/fashioniq_images/B006362580.jpg,7:66188,73,17,1569,vlm2vec_v2,vlm2vec_v2,e5_omni,0,0,0,0
932,7:933,unresolved,unresolved,multimodal_needed,Is black and is farker and more open.,mbeir_images/fashioniq_images/B004HD4V1K.jpg,7:27647,228,2154,1995,qwen3vl8b_vllm,e5_omni,qwen3vl8b_vllm,0,0,0,0
933,7:934,unresolved,unresolved,multimodal_needed,Is purple and blue and shorter and has a deeper purple print.,mbeir_images/fashioniq_images/B004HSQXPM.jpg,7:60136,23,45,330,e5_omni,qwen3vl8b_vllm,mmembed,0,0,0,0
936,7:937,unresolved,unresolved,multimodal_needed,Is white in color and more longer and is more conservative.,mbeir_images/fashioniq_images/B005LC87SO.jpg,7:72287,745,44,15106,mmembed,mmembed,e5_omni,0,0,0,0
940,7:941,unresolved,unresolved,multimodal_needed,Longer sleeved and longer skirt and more plain and with sleeves.,mbeir_images/fashioniq_images/B00D3A3HRC.jpg,7:16787,137,3086,348,vlm2vec_v2,rzen_embed,lamra_qwen25vl,0,0,0,0
942,7:943,unresolved,unresolved,multimodal_needed,Is more striped and shorter and is light in color and fitted.,mbeir_images/fashioniq_images/B00CJQI0I2.jpg,7:72134,158,508,11471,qwen3vl8b_vllm,qwen3vl8b_vllm,gme_qwen2vl_retriever_2,0,0,0,0
943,7:944,unresolved,unresolved,multimodal_needed,Is blue with spaghetti straps and it is more plain and less longer.,mbeir_images/fashioniq_images/B008E7IA0I.jpg,7:35297,23,226,415,lamra,lamra_qwen25vl,mmembed,0,0,0,0
944,7:945,unresolved,unresolved,multimodal_needed,Has shorter sleeves and has short sleeves.,mbeir_images/fashioniq_images/B007WATF2U.jpg,7:35377,296,2702,2200,lamra,gme_qwen2vl_retriever_2,lamra,0,0,0,0
945,7:946,unresolved,unresolved,multimodal_needed,Is longer and solid colored and light color.,mbeir_images/fashioniq_images/B007GSGKOO.jpg,7:141,146,1380,10204,qwen3vl2b_vllm,qwen3vl8b_vllm,lamra,0,0,0,0
946,7:947,unresolved,unresolved,multimodal_needed,Is darker and has 2 shoulders and is darker.,mbeir_images/fashioniq_images/B005F0NOYO.jpg,7:19961,232,5757,2747,lamra,lamra_qwen25vl,vlm2vec_v2,0,0,0,0
947,7:948,unresolved,unresolved,multimodal_needed,Is shorter with an a line cut and is red with frills.,mbeir_images/fashioniq_images/B00CTSFCE0.jpg,7:68778,36,245,355,qwen3vl8b_vllm,qwen3vl8b_vllm,gemini_embedding_2,0,0,0,0
949,7:950,unresolved,unresolved,multimodal_needed,Is more stylish and preppy and is more chic and less flashy.,mbeir_images/fashioniq_images/B00CY8T80Y.jpg,7:52795,4077,407,4896,qwen3vl8b_vllm,rzen_embed,vlm2vec_v2,0,0,0,0
950,7:951,composition_required,composition_required,multimodal_needed,Is more sexy and whimsical and is longer and more casual.,mbeir_images/fashioniq_images/B00AAD6KOM.jpg,7:33483,3,11,69,rzen_embed,qwen3vl8b_vllm,mmembed,3,0,0,0
951,7:952,unresolved,unresolved,multimodal_needed,Is green and is lighter and has longer sleeves.,mbeir_images/fashioniq_images/B007FG0AAM.jpg,7:52470,214,1637,2962,lamra,mmembed,gme_qwen2vl_retriever_2,0,0,0,0
952,7:953,unresolved,unresolved,multimodal_needed,Is shorter and is shorter and more monotoned.,mbeir_images/fashioniq_images/B00EP49AYY.jpg,7:49119,193,457,2547,gemini_embedding_2,qwen3vl8b_vllm,gme_qwen2vl_retriever_2,0,0,0,0
953,7:954,composition_required,composition_required,multimodal_needed,Less elegant warm and is tighter and light blue.,mbeir_images/fashioniq_images/B009S3H54Y.jpg,7:37918,4,1093,74,qwen3vl2b_vllm,qwen3vl8b_vllm,qwen3vl8b_vllm,3,0,0,0
957,7:958,composition_required,composition_required,multimodal_needed,Is solid black with small design and is black.,mbeir_images/fashioniq_images/B009MB17B4.jpg,7:16108,1,559,61,lamra_qwen25vl,qwen3vl2b_vllm,qwen3vl8b_vllm,6,0,0,0
958,7:959,composition_required,composition_required,multimodal_needed,Is long with black spots and no sleeves and longer bottom.,mbeir_images/fashioniq_images/B009CC9GUC.jpg,7:34217,1,18,197,lamra_qwen25vl,lamra_qwen25vl,mmembed,2,0,0,0
959,7:960,composition_required,composition_required,multimodal_needed,Off-shoulder and tighter fit and is solid light brown.,mbeir_images/fashioniq_images/B005WNQOQ4.jpg,7:16836,3,78,473,lamra,rzen_embed,,2,0,0,0
960,7:961,composition_required,composition_required,multimodal_needed,Is shorter with sleeves and is blue with sleeves.,mbeir_images/fashioniq_images/B008CUM27O.jpg,7:59350,1,32,8608,qwen3vl2b_vllm,gemini_embedding_2,e5_omni,4,0,0,0
961,7:962,unresolved,unresolved,multimodal_needed,Has more contrasting colors and is darker in color and less fitted.,mbeir_images/fashioniq_images/B007TYKJ42.jpg,7:20933,21,5940,436,lamra_qwen25vl,,qwen3vl8b_vllm,0,0,0,0
962,7:963,unresolved,unresolved,multimodal_needed,Is red and knee length and is red and shorter.,mbeir_images/fashioniq_images/B00CFMMG8K.jpg,7:61495,86,70,5130,lamra_qwen25vl,voyage_multimodal_35,lamra_qwen25vl,0,0,0,0
963,7:964,composition_required,composition_required,multimodal_needed,Is a long sleeve short black dress and is more form fitting.,mbeir_images/fashioniq_images/B005OOR6BI.jpg,7:47367,10,30,1413,mmembed,rzen_embed,vlm2vec_v2,1,0,0,0
964,7:965,unresolved,unresolved,multimodal_needed,Has longer sleeves and is black and more shiny.,mbeir_images/fashioniq_images/B00332FXRW.jpg,7:42191,1581,3788,1549,,qwen3vl8b_vllm,,0,0,0,0
965,7:966,unresolved,unresolved,multimodal_needed,Is black and a little loose and has drop sleeves.,mbeir_images/fashioniq_images/B008GS79VG.jpg,7:10887,165,213,1810,lamra,qwen3vl2b_vllm,lamra,0,0,0,0
966,7:967,unresolved,unresolved,multimodal_needed,Is a white strapless dress. Shorter than the other and has no sleeves and green color.,mbeir_images/fashioniq_images/B008N2O3NW.jpg,7:53174,118,2898,93,gemini_embedding_2,rzen_embed,mmembed,0,0,0,0
968,7:969,unresolved,unresolved,multimodal_needed,Form fitted and is blue and lacy.,mbeir_images/fashioniq_images/B002XUY8SA.jpg,7:21704,20,317,168,rzen_embed,qwen3vl8b_vllm,gemini_embedding_2,0,0,0,0
970,7:971,composition_required,composition_required,multimodal_needed,Is a white silk and has denim.,mbeir_images/fashioniq_images/B00C2D4XA6.jpg,7:40706,1,11,1468,qwen3vl2b_vllm,gemini_embedding_2,gemini_embedding_2,2,0,0,0
971,7:972,composition_required,composition_required,multimodal_needed,Is more free and skater and has a flared bottom and is belted.,mbeir_images/fashioniq_images/B00CD8JJ7M.jpg,7:15697,4,50,1467,lamra_qwen25vl,vlm2vec_v2,lamra_qwen25vl,2,0,0,0
973,7:974,unresolved,unresolved,multimodal_needed,Has a geometric pattern and is fitted and bold black/white.,mbeir_images/fashioniq_images/B00BBKYD9C.jpg,7:67285,55,64,7420,qwen3vl8b_vllm,voyage_multimodal_35,vlm2vec_v2,0,0,0,0
974,7:975,unresolved,unresolved,multimodal_needed,Longer and has a u shaped neck and is blue with a longer skirt.,mbeir_images/fashioniq_images/B009UJ3NTW.jpg,7:70277,14,79,424,e5_omni,qwen3vl2b_vllm,e5_omni,0,0,0,0
975,7:976,unresolved,unresolved,multimodal_needed,Has shorter sleeves and is  more sexy and elegant.,mbeir_images/fashioniq_images/B008E6CKVY.jpg,7:47065,167,468,302,voyage_multimodal_35,voyage_multimodal_35,gemini_embedding_2,0,0,0,0
976,7:977,composition_required,composition_required,multimodal_needed,Is gray with straps and is light grey with spaghetti straps.,mbeir_images/fashioniq_images/B008RXA5IO.jpg,7:21776,2,25,2769,mmembed,lamra_qwen25vl,mmembed,3,0,0,0
977,7:978,unresolved,unresolved,multimodal_needed,Has longer sleeves and a different pattern and with a white and pink stripe and strapless.,mbeir_images/fashioniq_images/B0017RAI9S.jpg,7:26220,681,2180,1319,lamra_qwen25vl,vlm2vec_v2,mmembed,0,0,0,0
979,7:980,unresolved,unresolved,multimodal_needed,Is shorter and shorter sleeved and shorter and more colorful.,mbeir_images/fashioniq_images/B007FPDWDU.jpg,7:37137,13,212,520,qwen3vl8b_vllm,gemini_embedding_2,vlm2vec_v2,0,0,0,0
980,7:981,unresolved,unresolved,multimodal_needed,Half sleeved sweater dress and black and white.,mbeir_images/fashioniq_images/B008YDEB6E.jpg,7:7207,2729,386,16046,qwen3vl2b_vllm,lamra_qwen25vl,qwen3vl2b_vllm,0,0,0,0
982,7:983,unresolved,unresolved,multimodal_needed,Is solid black and is black with thinner straps.,mbeir_images/fashioniq_images/B008006FK6.jpg,7:72807,196,287,5252,gemini_embedding_2,rzen_embed,voyage_multimodal_35,0,0,0,0
984,7:985,unresolved,unresolved,multimodal_needed,Is less casual with thinner straps and is a rose pattern with no sleeves.,mbeir_images/fashioniq_images/B00A3PEX7S.jpg,7:25320,16,32,55,rzen_embed,e5_omni,gme_qwen2vl_retriever_2,0,0,0,0
985,7:986,unresolved,unresolved,multimodal_needed,Has longer sleeves. It's also solid black and has long sleeves and is solid colored.,mbeir_images/fashioniq_images/B0078KOUNI.jpg,7:43085,106,722,2002,lamra_qwen25vl,gemini_embedding_2,mmembed,0,0,0,0
987,7:988,composition_required,composition_required,multimodal_needed,Is pink with a checkered middle and is pink and more flowy.,mbeir_images/fashioniq_images/B00BSONSN8.jpg,7:26866,3,90,2194,lamra_qwen25vl,qwen3vl2b_vllm,,4,0,0,0
988,7:989,unresolved,unresolved,multimodal_needed,Is gray with flowy sleeves and is more solid colored.,mbeir_images/fashioniq_images/B008AEELZS.jpg,7:7380,60,52,5679,lamra,e5_omni,lamra,0,0,0,0
989,7:990,unresolved,unresolved,multimodal_needed,Is a long blue maxi dress and tie waist.,mbeir_images/fashioniq_images/B00ENCGGZY.jpg,7:62399,14,24,175,mmembed,vlm2vec_v2,mmembed,0,0,0,0
990,7:991,unresolved,unresolved,multimodal_needed,Is more official and is white with black patterns.,mbeir_images/fashioniq_images/B005UX57P0.jpg,7:72405,511,1662,5218,qwen3vl8b_vllm,qwen3vl8b_vllm,lamra,0,0,0,0
991,7:992,unresolved,unresolved,multimodal_needed,Is shorter and strapless and is more sexual.,mbeir_images/fashioniq_images/B006AN491W.jpg,7:73298,844,484,2953,lamra,gemini_embedding_2,,0,0,0,0
992,7:993,composition_required,composition_required,multimodal_needed,Is lighter pink and longer and is longer in length.,mbeir_images/fashioniq_images/B00APKHEMC.jpg,7:55636,5,13,28,gme_qwen2vl_retriever_2,gemini_embedding_2,lamra,6,0,0,0
993,7:994,unresolved,unresolved,multimodal_needed,Is shiner and yellow.,mbeir_images/fashioniq_images/B00A4A8PRQ.jpg,7:45849,179,11575,74,lamra_qwen25vl,rzen_embed,mmembed,0,0,0,0
995,7:996,unresolved,unresolved,multimodal_needed,Is more patterned and has more designs on it.,mbeir_images/fashioniq_images/B004U88SW0.jpg,7:60120,124,1231,975,qwen3vl8b_vllm,voyage_multimodal_35,gme_qwen2vl_retriever_2,0,0,0,0
996,7:997,unresolved,unresolved,multimodal_needed,Is blue in color and has long sleeves and a blue pattern.,mbeir_images/fashioniq_images/B004PKZWNG.jpg,7:19676,806,755,2928,voyage_multimodal_35,gme_qwen2vl_retriever_2,voyage_multimodal_35,0,0,0,0
997,7:998,unresolved,unresolved,multimodal_needed,Has both straps and is babydoll style and sassy.,mbeir_images/fashioniq_images/B003A84EOM.jpg,7:13823,722,1083,1674,lamra_qwen25vl,rzen_embed,lamra_qwen25vl,0,0,0,0
998,7:999,unresolved,unresolved,multimodal_needed,Has shorter sleeves and is lighter and is green with shorter sleeves.,mbeir_images/fashioniq_images/B008HQKK1S.jpg,7:4405,22,258,1625,vlm2vec_v2,rzen_embed,qwen3vl8b_vllm,0,0,0,0
999,7:1000,unresolved,unresolved,multimodal_needed,Is shorter and a darker color and is shorter and in black.,mbeir_images/fashioniq_images/B004FPYVO2.jpg,7:36380,49,836,548,qwen3vl8b_vllm,vlm2vec_v2,vlm2vec_v2,0,0,0,0
1000,7:1001,unresolved,unresolved,multimodal_needed,Blue and black and does not have sequins and is less shiny.,mbeir_images/fashioniq_images/B00AEB8OQ2.jpg,7:45385,20,333,50,e5_omni,qwen3vl8b_vllm,qwen3vl2b_vllm,0,0,0,0
1001,7:1002,unresolved,unresolved,multimodal_needed,Is less flattering with short sleeves and has sleeves and is a darker color.,mbeir_images/fashioniq_images/B00CAMMV5S.jpg,7:60380,54,7459,1370,gme_qwen2vl_retriever_2,gme_qwen2vl_retriever_2,mmembed,0,0,0,0
1002,7:1003,composition_required,composition_required,multimodal_needed,Is more colorful and lengthier and is purple and long.,mbeir_images/fashioniq_images/B00D9BZR4Q.jpg,7:71035,3,29,84,gemini_embedding_2,mmembed,qwen3vl8b_vllm,3,0,0,0
1006,7:1007,composition_required,composition_required,multimodal_needed,Is patterned with more blues and it is less flowery and less pink.,mbeir_images/fashioniq_images/B0071KR3QG.jpg,7:39491,5,786,68,lamra_qwen25vl,e5_omni,,2,0,0,0
1007,7:1008,unresolved,unresolved,multimodal_needed,Is a solid color and is sleeveless and is more colorful.,mbeir_images/fashioniq_images/B004JXVQD4.jpg,7:63013,165,184,7787,lamra,lamra_qwen25vl,lamra,0,0,0,0
1009,7:1010,composition_required,composition_required,multimodal_needed,Is a long dress with no straps and is white and loose.,mbeir_images/fashioniq_images/B007CL8W1O.jpg,7:64978,6,18,13533,lamra,qwen3vl2b_vllm,vlm2vec_v2,1,0,0,0
1010,7:1011,unresolved,unresolved,multimodal_needed,Has shorter sleeves and different pattern and a bit brighter and longer.,mbeir_images/fashioniq_images/B00DHVW5N4.jpg,7:72356,540,164,1054,qwen3vl8b_vllm,gemini_embedding_2,lamra_qwen25vl,0,0,0,0
1013,7:1014,composition_required,composition_required,multimodal_needed,Has longer sleeves and black and blue and is blue and striped.,mbeir_images/fashioniq_images/B00DSSIGXO.jpg,7:22899,4,18,1670,vlm2vec_v2,gemini_embedding_2,,1,0,0,0
1014,7:1015,composition_required,composition_required,multimodal_needed,Is a darker shade of blue and is a darker color.,mbeir_images/fashioniq_images/B0071ALNLC.jpg,7:37595,4,2110,32,lamra,gme_qwen2vl_retriever_2,,2,0,0,0
1015,7:1016,composition_required,composition_required,multimodal_needed,Green with v neck and tight fit and is in all blue with a v neck top.,mbeir_images/fashioniq_images/B00F3YJH8O.jpg,7:53415,2,14,4186,voyage_multimodal_35,rzen_embed,,5,0,0,0
1017,7:1018,composition_required,composition_required,multimodal_needed,Is red and white striped and is red with white striped.,mbeir_images/fashioniq_images/B00499DHK8.jpg,7:16239,5,11,10296,rzen_embed,gemini_embedding_2,vlm2vec_v2,1,0,0,0
1020,7:1021,unresolved,unresolved,multimodal_needed,Has more of a flared skirt with bow tie belt and lighter blue and more flowing.,mbeir_images/fashioniq_images/B0091EGPXW.jpg,7:35136,34,17,2385,qwen3vl2b_vllm,gemini_embedding_2,qwen3vl8b_vllm,0,0,0,0
1021,7:1022,unresolved,unresolved,multimodal_needed,Is black and slightly shorter and is longer and white with a different neckline.,mbeir_images/fashioniq_images/B008MNM7Y4.jpg,7:28606,64,69,9751,lamra,lamra,e5_omni,0,0,0,0
1023,7:1024,composition_required,composition_required,multimodal_needed,Is tighter and has a leopard print and leopard pattern and tighter.,mbeir_images/fashioniq_images/B004Z56IPC.jpg,7:4792,3,182,1455,qwen3vl8b_vllm,mmembed,mmembed,1,0,0,0
1025,7:1026,composition_required,composition_required,multimodal_needed,Has long sleeves and is a darker color and has longer sleeves and two stripes.,mbeir_images/fashioniq_images/B005VTJH4K.jpg,7:29043,5,134,7922,qwen3vl8b_vllm,voyage_multimodal_35,mmembed,4,0,0,0
1026,7:1027,unresolved,unresolved,multimodal_needed,Is the same compared to provided product and is more white.,mbeir_images/fashioniq_images/B009C6OO8C.jpg,7:28971,159,107,428,gemini_embedding_2,voyage_multimodal_35,,0,0,0,0
1027,7:1028,composition_required,composition_required,multimodal_needed,Is longer and more elegant and is printed and is longer.,mbeir_images/fashioniq_images/B00C5168K8.jpg,7:71683,6,16,4257,rzen_embed,qwen3vl2b_vllm,rzen_embed,2,0,0,0
1028,7:1029,composition_required,composition_required,multimodal_needed,Is black with white coat and has all blacks and white colorings.,mbeir_images/fashioniq_images/B00CJRV3Z8.jpg,7:17504,3,152,148,voyage_multimodal_35,vlm2vec_v2,voyage_multimodal_35,5,0,0,0
1031,7:1032,unresolved,unresolved,multimodal_needed,Tighter and more exposed neck area and has a shorter tighter skirt.,mbeir_images/fashioniq_images/B004748I22.jpg,7:7159,129,354,239,e5_omni,gemini_embedding_2,e5_omni,0,0,0,0
1033,7:1034,composition_required,composition_required,multimodal_needed,Is more blue and has more sleeves and is in solid blue with yellow lining.,mbeir_images/fashioniq_images/B00C45XM6S.jpg,7:15743,2,654,564,qwen3vl8b_vllm,qwen3vl8b_vllm,gme_qwen2vl_retriever_2,3,0,0,0
1034,7:1035,composition_required,composition_required,multimodal_needed,Shorter and has shorter sleeves and is more black and white striped and shorter.,mbeir_images/fashioniq_images/B005QN9ET4.jpg,7:38295,1,84,687,lamra,vlm2vec_v2,e5_omni,2,0,0,0
1035,7:1036,composition_required,composition_required,multimodal_needed,Is dark green with a lower neck and has two straps.,mbeir_images/fashioniq_images/B0073M5RKG.jpg,7:53087,2,15,1191,gemini_embedding_2,gemini_embedding_2,vlm2vec_v2,5,0,0,0
1037,7:1038,composition_required,composition_required,multimodal_needed,Checked and brighter and u shaped neckline.,mbeir_images/fashioniq_images/B007XCS81G.jpg,7:49216,1,78,868,lamra,gemini_embedding_2,qwen3vl2b_vllm,6,0,0,0
1038,7:1039,unresolved,unresolved,multimodal_needed,Is darker and has longer sleeves and is black and white and less revealing at top.,mbeir_images/fashioniq_images/B0094PFE4E.jpg,7:72928,29,885,1454,lamra_qwen25vl,rzen_embed,mmembed,0,0,0,0
1039,7:1040,composition_required,composition_required,multimodal_needed,Is brighter and belted and is light blue and shorter.,mbeir_images/fashioniq_images/B006U07GW4.jpg,7:70954,1,11,260,lamra_qwen25vl,mmembed,,9,0,0,0
1040,7:1041,unresolved,unresolved,multimodal_needed,Is purple and is black with long sleeves.,mbeir_images/fashioniq_images/B004L0XCUK.jpg,7:31869,40,125,1159,e5_omni,vlm2vec_v2,e5_omni,0,0,0,0
1041,7:1042,unresolved,unresolved,multimodal_needed,Is tighter and shorter and is shorter and lighter in color.,mbeir_images/fashioniq_images/B007TWJCBA.jpg,7:41912,495,744,5694,lamra,gemini_embedding_2,,0,0,0,0
1042,7:1043,unresolved,unresolved,multimodal_needed,Has longer sleeves and is darker and is black and long sleeves.,mbeir_images/fashioniq_images/B007520NYO.jpg,7:73083,183,2295,1891,lamra,voyage_multimodal_35,,0,0,0,0
1043,7:1044,unresolved,unresolved,multimodal_needed,Is longer and ligter and is longer and has a white satin effect.,mbeir_images/fashioniq_images/B00CNT5AMY.jpg,7:38013,12,327,259,vlm2vec_v2,gemini_embedding_2,voyage_multimodal_35,0,0,0,0
1044,7:1045,composition_required,composition_required,multimodal_needed,Is red with a high neck and is a red patterned dress.,mbeir_images/fashioniq_images/B005NXMDTU.jpg,7:68258,1,12,938,lamra,voyage_multimodal_35,qwen3vl8b_vllm,6,0,0,0
1045,7:1046,unresolved,unresolved,multimodal_needed,Is shorter and yellow and is yellow and shorter.,mbeir_images/fashioniq_images/B005QN26TE.jpg,7:23299,137,52,2767,qwen3vl8b_vllm,lamra,qwen3vl8b_vllm,0,0,0,0
1046,7:1047,unresolved,unresolved,multimodal_needed,Is sleeveless with blue and is white with straps.,mbeir_images/fashioniq_images/B00AEW4384.jpg,7:66435,83,666,2392,rzen_embed,gme_qwen2vl_retriever_2,,0,0,0,0
1047,7:1048,unresolved,unresolved,multimodal_needed,Is long and is red with thicker straps and is much longer.,mbeir_images/fashioniq_images/B00E6RBFFC.jpg,7:48214,23,26,5691,lamra,lamra_qwen25vl,e5_omni,0,0,0,0
1048,7:1049,unresolved,unresolved,multimodal_needed,Is more colorful and is lighter in color and is looser fitted.,mbeir_images/fashioniq_images/B00C1RQBBM.jpg,7:35479,251,4999,2536,lamra_qwen25vl,vlm2vec_v2,qwen3vl8b_vllm,0,0,0,0
1049,7:1050,unresolved,unresolved,multimodal_needed,Is shorter and has no sleeves and light pink and sleeves.,mbeir_images/fashioniq_images/B006TALRY8.jpg,7:19494,554,2332,2475,lamra,lamra,voyage_multimodal_35,0,0,0,0
1050,7:1051,composition_required,composition_required,multimodal_needed,Is pink and it is more red and has a wider strap.,mbeir_images/fashioniq_images/B008YIG3DI.jpg,7:53303,5,1059,620,lamra_qwen25vl,gemini_embedding_2,gemini_embedding_2,1,0,0,0
1051,7:1052,composition_required,composition_required,multimodal_needed,Is more colorful and shiny and has a collar and multicolored top.,mbeir_images/fashioniq_images/B00405RUW2.jpg,7:7712,3,105,723,qwen3vl2b_vllm,vlm2vec_v2,mmembed,2,0,0,0
1052,7:1053,unresolved,unresolved,multimodal_needed,Is darker and has longer sleeves and resembles more closely a long jacket instead of a dress.,mbeir_images/fashioniq_images/B00BTMWMYU.jpg,7:13397,46,2839,508,e5_omni,gemini_embedding_2,rzen_embed,0,0,0,0
1053,7:1054,composition_required,composition_required,multimodal_needed,Is teal and has pockets and is in a teal blue.,mbeir_images/fashioniq_images/B0071MSFCU.jpg,7:37962,1,11,3605,gme_qwen2vl_retriever_2,qwen3vl8b_vllm,lamra,5,0,0,0
1055,7:1056,composition_required,composition_required,multimodal_needed,Has collars with pockets and khaki colored and the desired product is short-sleeved and tan.,mbeir_images/fashioniq_images/B00DJJILJQ.jpg,7:58767,1,31,5991,gme_qwen2vl_retriever_2,gemini_embedding_2,qwen3vl8b_vllm,11,0,0,0
1056,7:1057,unresolved,unresolved,multimodal_needed,Is shorter and more casual and has a shorter skirt and longer sleeves.,mbeir_images/fashioniq_images/B00DQHXEO8.jpg,7:18755,176,176,412,voyage_multimodal_35,qwen3vl8b_vllm,,0,0,0,0
1057,7:1058,composition_required,composition_required,multimodal_needed,Is black and grey in color and thicker straps and more black.,mbeir_images/fashioniq_images/B002GU7D5M.jpg,7:74173,5,814,276,lamra,mmembed,,1,0,0,0
1059,7:1060,unresolved,unresolved,multimodal_needed,Has no sleeves and shorter and has long sleeves.,mbeir_images/fashioniq_images/B002YX0KZ6.jpg,7:8155,530,228,5659,qwen3vl8b_vllm,vlm2vec_v2,vlm2vec_v2,0,0,0,0
1060,7:1061,composition_required,composition_required,multimodal_needed,Is black with sleeves and is solid black.,mbeir_images/fashioniq_images/B00BVX94NO.jpg,7:17015,3,703,1075,gemini_embedding_2,vlm2vec_v2,gemini_embedding_2,3,0,0,0
1062,7:1063,unresolved,unresolved,multimodal_needed,Is solid black with flared skirt and is all black and has a looser bottom.,mbeir_images/fashioniq_images/B00EM95GJK.jpg,7:47156,84,336,108,qwen3vl8b_vllm,vlm2vec_v2,qwen3vl2b_vllm,0,0,0,0
1064,7:1065,unresolved,unresolved,multimodal_needed,Is shorter and more white and is shorter above the knees with a full top.,mbeir_images/fashioniq_images/B00BH9R3US.jpg,7:46033,201,576,5437,qwen3vl2b_vllm,qwen3vl2b_vllm,,0,0,0,0
1066,7:1067,composition_required,composition_required,multimodal_needed,Is tan with a halter top and is tan and haltered.,mbeir_images/fashioniq_images/B009KQVCAM.jpg,7:23704,6,253,2210,gme_qwen2vl_retriever_2,rzen_embed,vlm2vec_v2,1,0,0,0
1067,7:1068,composition_required,composition_required,multimodal_needed,Is dark blue but the same design and it is a bit longer and still above knee.,mbeir_images/fashioniq_images/B009YKCYZ6.jpg,7:48013,2,197,98,lamra,e5_omni,qwen3vl8b_vllm,9,0,0,0
1068,7:1069,unresolved,unresolved,multimodal_needed,Is black and grey and darker and strapless.,mbeir_images/fashioniq_images/B008B2OOQK.jpg,7:51383,51,1284,1723,lamra,mmembed,,0,0,0,0
1069,7:1070,unresolved,unresolved,multimodal_needed,Has a blet belt and is more revealing and is lighter colored.,mbeir_images/fashioniq_images/B005QYY8F8.jpg,7:41295,223,3019,31,gme_qwen2vl_retriever_2,mmembed,qwen3vl8b_vllm,0,0,0,0
1070,7:1071,composition_required,composition_required,multimodal_needed,Is brown and sleeveless and is not as dark and has one sleeve.,mbeir_images/fashioniq_images/B005DRAVT0.jpg,7:33801,8,80,3691,qwen3vl8b_vllm,lamra,,1,0,0,0
1072,7:1073,composition_required,composition_required,multimodal_needed,Is peach with a longer hemline and has more pink and is more frilly.,mbeir_images/fashioniq_images/B00BI3CY4S.jpg,7:27333,2,30,1590,lamra_qwen25vl,rzen_embed,e5_omni,3,0,0,0
1073,7:1074,composition_required,composition_required,multimodal_needed,Longer dress with long sleeves and is longer and has longer sleeves.,mbeir_images/fashioniq_images/B008KKNM4S.jpg,7:3717,3,30,93,lamra,gme_qwen2vl_retriever_2,e5_omni,2,0,0,0
1074,7:1075,unresolved,unresolved,multimodal_needed,Black dress is more shiny and has more polka dots and is less conservative.,mbeir_images/fashioniq_images/B008D5IQFU.jpg,7:38953,21,17,1525,lamra_qwen25vl,lamra_qwen25vl,qwen3vl2b_vllm,0,0,0,0
1075,7:1076,composition_required,composition_required,multimodal_needed,Is gold in color and is shinier and less Loose.,mbeir_images/fashioniq_images/B003N17E7U.jpg,7:37756,5,42,459,lamra_qwen25vl,qwen3vl2b_vllm,vlm2vec_v2,3,0,0,0
1077,7:1078,unresolved,unresolved,multimodal_needed,Less revealing with a turtle neck and long sleeves and has longer sleeves and is more solid colored.,mbeir_images/fashioniq_images/B00BMAPIB8.jpg,7:55090,182,388,9490,gme_qwen2vl_retriever_2,gme_qwen2vl_retriever_2,lamra_qwen25vl,0,0,0,0
1078,7:1079,unresolved,unresolved,multimodal_needed,Is off the shoulders and fitted and has sleeves and is a darker red.,mbeir_images/fashioniq_images/B005UASDM2.jpg,7:24927,243,2204,67,vlm2vec_v2,mmembed,e5_omni,0,0,0,0
1080,7:1081,composition_required,composition_required,multimodal_needed,Is green in colour with shorter sleeves and casual v neck with cut open sleeves.,mbeir_images/fashioniq_images/B00FHXBQFS.jpg,7:30288,2,2565,493,voyage_multimodal_35,voyage_multimodal_35,,3,0,0,0
1081,7:1082,unresolved,unresolved,multimodal_needed,More revealing and more color and is more white.,mbeir_images/fashioniq_images/B0043D2HME.jpg,7:53395,484,960,2166,gemini_embedding_2,lamra_qwen25vl,qwen3vl8b_vllm,0,0,0,0
1082,7:1083,unresolved,unresolved,multimodal_needed,Is plain black and longer and is black and reveals more chest.,mbeir_images/fashioniq_images/B009ANVEHG.jpg,7:6893,292,1599,2809,qwen3vl2b_vllm,voyage_multimodal_35,,0,0,0,0
1083,7:1084,composition_required,composition_required,multimodal_needed,Is bright colored and asymmetrical hemmed and is all pink material.,mbeir_images/fashioniq_images/B00BBU6R46.jpg,7:59703,1,15,641,e5_omni,gemini_embedding_2,,9,0,0,0
1084,7:1085,unresolved,unresolved,multimodal_needed,Is black in colour and has less straps and is black and off the shoulder.,mbeir_images/fashioniq_images/B007WA38BY.jpg,7:14718,36,291,1546,vlm2vec_v2,gme_qwen2vl_retriever_2,voyage_multimodal_35,0,0,0,0
1085,7:1086,composition_required,composition_required,multimodal_needed,Is brown with halter straps and is more revealing.,mbeir_images/fashioniq_images/B008PG0SOO.jpg,7:28380,3,34,1494,lamra,qwen3vl8b_vllm,,2,0,0,0
1086,7:1087,composition_required,composition_required,multimodal_needed,Longer and strappier sleeves and is loger and see through.,mbeir_images/fashioniq_images/B0092QK1W0.jpg,7:71567,5,38,342,e5_omni,gemini_embedding_2,lamra_qwen25vl,1,0,0,0
1087,7:1088,composition_required,composition_required,multimodal_needed,Has more ruffles with no straps and has no sleeves and more texture.,mbeir_images/fashioniq_images/B00E9QQU46.jpg,7:38314,1,162,55,mmembed,vlm2vec_v2,gemini_embedding_2,6,0,0,0
1088,7:1089,composition_required,composition_required,multimodal_needed,Is pink in color with  ruffles and is sleeveless and frilly.,mbeir_images/fashioniq_images/B00AJ1P6XQ.jpg,7:72335,3,32,891,qwen3vl8b_vllm,qwen3vl8b_vllm,lamra,2,0,0,0
1089,7:1090,composition_required,composition_required,multimodal_needed,Has a less poofy skirt and is very similar without as much puff to the shirt.,mbeir_images/fashioniq_images/B00ASWY2GI.jpg,7:23660,3,3182,27,vlm2vec_v2,e5_omni,qwen3vl2b_vllm,1,0,0,0
1090,7:1091,composition_required,composition_required,multimodal_needed,Is patterned and has darker colors and more sheer.,mbeir_images/fashioniq_images/B00FQANLX2.jpg,7:35720,1,1755,12,lamra_qwen25vl,gemini_embedding_2,mmembed,8,0,0,0
1091,7:1092,unresolved,unresolved,multimodal_needed,Is pink with a sheer overlay and deeper blue.,mbeir_images/fashioniq_images/B004UE9940.jpg,7:55162,346,357,4414,lamra,gemini_embedding_2,voyage_multimodal_35,0,0,0,0
1093,7:1094,unresolved,unresolved,multimodal_needed,Tight fit and dark in color and has longer sleeves and is gray colored.,mbeir_images/fashioniq_images/B0076R88V8.jpg,7:36946,12,262,10587,lamra,lamra_qwen25vl,,0,0,0,0
1095,7:1096,unresolved,unresolved,multimodal_needed,Is longer and lighter and has white and is longer.,mbeir_images/fashioniq_images/B00AZE6UV4.jpg,7:62054,40,68,2683,vlm2vec_v2,qwen3vl2b_vllm,vlm2vec_v2,0,0,0,0
1096,7:1097,composition_required,composition_required,multimodal_needed,Is longer and open at the chest and is long floor length and lighter floral design.,mbeir_images/fashioniq_images/B004W88GB6.jpg,7:60662,2,25,20,qwen3vl2b_vllm,qwen3vl2b_vllm,mmembed,5,0,0,0
1097,7:1098,composition_required,composition_required,multimodal_needed,Is pink with a right strap and is pink and belted.,mbeir_images/fashioniq_images/B009D3M86O.jpg,7:5146,8,69,448,lamra,rzen_embed,,1,0,0,0
1098,7:1099,unresolved,unresolved,multimodal_needed,Pink on bottom with smaller straps and is darker.,mbeir_images/fashioniq_images/B004HD4V1K.jpg,7:21937,2989,4272,3739,lamra,vlm2vec_v2,vlm2vec_v2,0,0,0,0
1099,7:1100,composition_required,composition_required,multimodal_needed,Has a pattern and is a v-neck and has no sleeves and dark colored.,mbeir_images/fashioniq_images/B008E6CKVY.jpg,7:42974,1,226,560,gme_qwen2vl_retriever_2,qwen3vl2b_vllm,,8,0,0,0
1102,7:1103,unresolved,unresolved,multimodal_needed,Is a long purple maxi dress and is longer.,mbeir_images/fashioniq_images/B009G0RL4I.jpg,7:73499,32,30,777,mmembed,mmembed,mmembed,0,0,0,0
1103,7:1104,composition_required,composition_required,multimodal_needed,Is more sleek and black and is more shiny black material.,mbeir_images/fashioniq_images/B00CQ8JYLK.jpg,7:72328,4,12,193,mmembed,qwen3vl2b_vllm,e5_omni,5,0,0,0
1105,7:1106,unresolved,unresolved,multimodal_needed,Has no straps and is white and more revealing and brighter.,mbeir_images/fashioniq_images/B007PMBZ00.jpg,7:56691,1587,1608,11761,lamra,lamra,lamra_qwen25vl,0,0,0,0
1107,7:1108,unresolved,unresolved,multimodal_needed,Is more adult like and is pink and longer.,mbeir_images/fashioniq_images/B005HEJCDK.jpg,7:6145,2380,8259,1920,,voyage_multimodal_35,,0,0,0,0
1108,7:1109,unresolved,unresolved,multimodal_needed,Is tighter with longer sleeves and is more striaght.,mbeir_images/fashioniq_images/B003AKZMXM.jpg,7:48880,596,152,17410,mmembed,gemini_embedding_2,voyage_multimodal_35,0,0,0,0
1109,7:1110,unresolved,unresolved,multimodal_needed,Is less revealing and has a pattern.,mbeir_images/fashioniq_images/B00DRZUAJ6.jpg,7:49439,3446,4150,7092,lamra,rzen_embed,,0,0,0,0
1110,7:1111,unresolved,unresolved,multimodal_needed,Is more multi colored and longer and more colors.,mbeir_images/fashioniq_images/B00DYFK9N6.jpg,7:54416,864,3103,630,gemini_embedding_2,qwen3vl8b_vllm,gemini_embedding_2,0,0,0,0
1111,7:1112,unresolved,unresolved,multimodal_needed,Is flullier and is sleeveless and two toned.,mbeir_images/fashioniq_images/B00GP5TL6I.jpg,7:10536,123,61,9440,gme_qwen2vl_retriever_2,gme_qwen2vl_retriever_2,gme_qwen2vl_retriever_2,0,0,0,0
1113,7:1114,unresolved,unresolved,multimodal_needed,Is white and is short and is white with a shorter hem.,mbeir_images/fashioniq_images/B00AAOY6W4.jpg,7:19691,230,238,6967,lamra,qwen3vl2b_vllm,,0,0,0,0
1114,7:1115,unresolved,unresolved,multimodal_needed,Has balloon sleeves and is black and has shorter sleeves.,mbeir_images/fashioniq_images/B00CLF4QKC.jpg,7:57342,167,1425,319,qwen3vl8b_vllm,voyage_multimodal_35,lamra,0,0,0,0
1115,7:1116,unresolved,unresolved,multimodal_needed,Is more modest and lacier and sheer top and wavy skirt bottom.,mbeir_images/fashioniq_images/B00BY3GCD6.jpg,7:59871,106,139,164,gme_qwen2vl_retriever_2,gemini_embedding_2,gme_qwen2vl_retriever_2,0,0,0,0
1116,7:1117,unresolved,unresolved,multimodal_needed,Is tighter and multi-colored and is striped and has sleeves and is fitted.,mbeir_images/fashioniq_images/B008R9FAD8.jpg,7:39272,44,79,6778,e5_omni,qwen3vl2b_vllm,gemini_embedding_2,0,0,0,0
1117,7:1118,unresolved,unresolved,multimodal_needed,All black and longer and is black and long.,mbeir_images/fashioniq_images/B008D5GUJY.jpg,7:49012,83,37,6982,qwen3vl8b_vllm,gemini_embedding_2,vlm2vec_v2,0,0,0,0
1118,7:1119,composition_required,composition_required,multimodal_needed,Is more casual and lighter color and is lighter in color with shorter sleeves.,mbeir_images/fashioniq_images/B0036DOZMC.jpg,7:6428,7,277,6261,lamra_qwen25vl,lamra,vlm2vec_v2,1,0,0,0
1119,7:1120,composition_required,composition_required,multimodal_needed,Is white and more eveing and is white.,mbeir_images/fashioniq_images/B0059BGIG0.jpg,7:35712,1,68,440,lamra,qwen3vl8b_vllm,qwen3vl8b_vllm,4,0,0,0
1120,7:1121,composition_required,composition_required,multimodal_needed,Has two straps and is more green than blue and is more conservative and darker in color.,mbeir_images/fashioniq_images/B00B923WCQ.jpg,7:35588,2,213,37,lamra,vlm2vec_v2,voyage_multimodal_35,7,0,0,0
1123,7:1124,composition_required,composition_required,multimodal_needed,Is yellow and orange and is in peach reds and a little longer.,mbeir_images/fashioniq_images/B008583T7A.jpg,7:13631,1,39,532,qwen3vl2b_vllm,gemini_embedding_2,gme_qwen2vl_retriever_2,6,0,0,0
1124,7:1125,unresolved,unresolved,multimodal_needed,Has vest like sleeves and tighter fitted and dark blue.,mbeir_images/fashioniq_images/B004RJ8IHW.jpg,7:33116,315,6501,492,vlm2vec_v2,,,0,0,0,0
1126,7:1127,unresolved,unresolved,multimodal_needed,Is plain in design and revealing the leg and is in purple only.,mbeir_images/fashioniq_images/B006P044VU.jpg,7:26724,264,5644,42,rzen_embed,gemini_embedding_2,lamra,0,0,0,0
1127,7:1128,unresolved,unresolved,multimodal_needed,Has a floral pattern and is black and grey and has a belt.,mbeir_images/fashioniq_images/B007TUPWAC.jpg,7:24666,59,2161,17,e5_omni,lamra,gemini_embedding_2,0,0,0,0
1128,7:1129,composition_required,composition_required,multimodal_needed,Has more graphics and is darker and is more sparkly.,mbeir_images/fashioniq_images/B00BAHT21U.jpg,7:53413,3,94,1644,qwen3vl2b_vllm,gme_qwen2vl_retriever_2,gme_qwen2vl_retriever_2,5,0,0,0
1129,7:1130,composition_required,composition_required,multimodal_needed,Is longer and purple and is longer with zebra stripes.,mbeir_images/fashioniq_images/B007PENSBC.jpg,7:65462,2,11,1017,lamra,lamra,mmembed,7,0,0,0
1130,7:1131,unresolved,unresolved,multimodal_needed,Is longer and black and is solid black.,mbeir_images/fashioniq_images/B0030EHJCU.jpg,7:43991,86,111,8761,vlm2vec_v2,vlm2vec_v2,e5_omni,0,0,0,0
1134,7:1135,composition_required,composition_required,multimodal_needed,Is lighter with a floral pattern and is more see through.,mbeir_images/fashioniq_images/B00CGY6RJ6.jpg,7:25207,1,67,505,lamra,rzen_embed,lamra,2,0,0,0
1135,7:1136,unresolved,unresolved,multimodal_needed,Is plain and has no sleeves and is a bit red.,mbeir_images/fashioniq_images/B00FN82BN8.jpg,7:24409,92,148,984,e5_omni,voyage_multimodal_35,e5_omni,0,0,0,0
1136,7:1137,unresolved,unresolved,multimodal_needed,Is looser and off the shoulders and longer.,mbeir_images/fashioniq_images/B008FG57UE.jpg,7:62053,1194,3962,1342,mmembed,mmembed,gemini_embedding_2,0,0,0,0
1137,7:1138,unresolved,unresolved,multimodal_needed,Is lighter and has shorter sleeves and is white and less tight.,mbeir_images/fashioniq_images/B009G8FXPY.jpg,7:64221,328,643,8390,rzen_embed,vlm2vec_v2,,0,0,0,0
1138,7:1139,unresolved,unresolved,multimodal_needed,Is a lime green and is more green and has bigger straps.,mbeir_images/fashioniq_images/B00BJ9IUN0.jpg,7:44974,51,15,3626,qwen3vl8b_vllm,vlm2vec_v2,mmembed,0,0,0,0
1139,7:1140,unresolved,unresolved,multimodal_needed,Is patterned and sleeveless and is dotted with straps.,mbeir_images/fashioniq_images/B007ORZ1PG.jpg,7:20207,486,1636,1455,lamra_qwen25vl,lamra_qwen25vl,vlm2vec_v2,0,0,0,0
1140,7:1141,unresolved,unresolved,multimodal_needed,Has sleeves and no pattern and it is less plain with short sleeves.,mbeir_images/fashioniq_images/B00CE4GUC2.jpg,7:18462,581,527,13004,lamra_qwen25vl,qwen3vl8b_vllm,gemini_embedding_2,0,0,0,0
1141,7:1142,unresolved,unresolved,multimodal_needed,Is more sexier and shorter and has a pattern.,mbeir_images/fashioniq_images/B00CBBWGQW.jpg,7:57538,211,157,10267,mmembed,rzen_embed,lamra,0,0,0,0
1142,7:1143,unresolved,unresolved,multimodal_needed,Is brown toned with abstract print and is printed and rounded neckline.,mbeir_images/fashioniq_images/B00A9TA2XM.jpg,7:11902,12,795,822,gemini_embedding_2,gemini_embedding_2,,0,0,0,0
1143,7:1144,unresolved,unresolved,multimodal_needed,Is darker and is floral and dark.,mbeir_images/fashioniq_images/B004PYESUA.jpg,7:39388,51,13,11271,vlm2vec_v2,lamra_qwen25vl,qwen3vl8b_vllm,0,0,0,0
1145,7:1146,unresolved,unresolved,multimodal_needed,Is more red and longer and is darker in color and longer in length.,mbeir_images/fashioniq_images/B004MMF00W.jpg,7:28511,16,181,1153,lamra_qwen25vl,e5_omni,,0,0,0,0
1146,7:1147,unresolved,unresolved,multimodal_needed,Has not pattern or no straps and is slightly darker color.,mbeir_images/fashioniq_images/B00BXB7LRA.jpg,7:63119,146,2713,2572,gme_qwen2vl_retriever_2,voyage_multimodal_35,gemini_embedding_2,0,0,0,0
1147,7:1148,composition_required,composition_required,multimodal_needed,Is longer and brighter and not an A line.,mbeir_images/fashioniq_images/B00CI08M00.jpg,7:21473,4,22,80,lamra,gme_qwen2vl_retriever_2,,2,0,0,0
1149,7:1150,unresolved,unresolved,multimodal_needed,Is more revealing and sexy and has a pattern.,mbeir_images/fashioniq_images/B005VZ8MWC.jpg,7:52655,1134,240,11276,e5_omni,e5_omni,mmembed,0,0,0,0
1150,7:1151,unresolved,unresolved,multimodal_needed,Is lighter and has longer sleeves and off the shoulder and less fitted.,mbeir_images/fashioniq_images/B00ANK6ND0.jpg,7:21007,578,12480,1049,voyage_multimodal_35,lamra_qwen25vl,voyage_multimodal_35,0,0,0,0
1151,7:1152,unresolved,unresolved,multimodal_needed,Has longer sleeves and halter necked.,mbeir_images/fashioniq_images/B00C4Q2RPO.jpg,7:22972,1090,10591,1940,lamra_qwen25vl,vlm2vec_v2,voyage_multimodal_35,0,0,0,0
1154,7:1155,composition_required,composition_required,multimodal_needed,Darker and more cleavage and darker with shinky pieces.,mbeir_images/fashioniq_images/B00D9BZR4Q.jpg,7:35685,2,908,86,e5_omni,e5_omni,gemini_embedding_2,1,0,0,0
1155,7:1156,unresolved,unresolved,multimodal_needed,Is black and white with no straps and is a dress.,mbeir_images/fashioniq_images/B00ASIFVDU.jpg,7:6154,80,492,1291,rzen_embed,rzen_embed,rzen_embed,0,0,0,0
1156,7:1157,unresolved,unresolved,multimodal_needed,Is strapless and is more flowing and is lighter and shorter.,mbeir_images/fashioniq_images/B0081TB10A.jpg,7:22192,1697,2752,9302,lamra_qwen25vl,lamra_qwen25vl,,0,0,0,0
1157,7:1158,composition_required,composition_required,multimodal_needed,Has less ruffles and is strapless and more fitted bottom.,mbeir_images/fashioniq_images/B009HPIG00.jpg,7:417,6,283,15,lamra,e5_omni,voyage_multimodal_35,7,0,0,0
1159,7:1160,unresolved,unresolved,multimodal_needed,Is less shiney and is sleeveless.,mbeir_images/fashioniq_images/B00A846WGO.jpg,7:8183,282,463,280,gme_qwen2vl_retriever_2,gme_qwen2vl_retriever_2,lamra_qwen25vl,0,0,0,0
1161,7:1162,composition_required,composition_required,multimodal_needed,Is gray colored and is gray.,mbeir_images/fashioniq_images/B00DCC9ZJK.jpg,7:23651,1,179,441,lamra,qwen3vl8b_vllm,vlm2vec_v2,10,0,0,0
1164,7:1165,unresolved,unresolved,multimodal_needed,And is a darker blue and fitted.,mbeir_images/fashioniq_images/B00DQBBAAE.jpg,7:69232,14807,5619,4574,mmembed,,gemini_embedding_2,0,0,0,0
1165,7:1166,unresolved,unresolved,multimodal_needed,Sleeveless and small dark print and has pattern and no sleeves.,mbeir_images/fashioniq_images/B00CBWGQVM.jpg,7:71187,36,145,100,qwen3vl2b_vllm,qwen3vl8b_vllm,mmembed,0,0,0,0
1166,7:1167,unresolved,unresolved,multimodal_needed,Has shorter sleeves and is lighter and is a darker deeper red with long sleeves.,mbeir_images/fashioniq_images/B0088Y0CLW.jpg,7:9498,3183,13772,529,voyage_multimodal_35,,vlm2vec_v2,0,0,0,0
1167,7:1168,unresolved,unresolved,multimodal_needed,Has purple designs with black stripes and shiny and sleeveless.,mbeir_images/fashioniq_images/B00BP84R3C.jpg,7:55017,720,6361,4535,lamra,lamra_qwen25vl,lamra,0,0,0,0
1168,7:1169,unresolved,unresolved,multimodal_needed,Is slightly shorter and hugs the body more and has a v neck and is tighter.,mbeir_images/fashioniq_images/B007OX0MXG.jpg,7:18307,32,205,251,qwen3vl8b_vllm,rzen_embed,vlm2vec_v2,0,0,0,0
1169,7:1170,composition_required,composition_required,multimodal_needed,Is light blue with some patterns on top and is lighter.,mbeir_images/fashioniq_images/B007JS1Y7Y.jpg,7:52058,1,2234,124,mmembed,e5_omni,qwen3vl8b_vllm,2,0,0,0
1170,7:1171,composition_required,composition_required,multimodal_needed,Is sexier and darker and has stripes.,mbeir_images/fashioniq_images/B00C93VT5G.jpg,7:71461,2,16,301,qwen3vl2b_vllm,e5_omni,,8,0,0,0
1172,7:1173,unresolved,unresolved,multimodal_needed,Is dark green colored and two straps and more fitting and less frilly with round neck.,mbeir_images/fashioniq_images/B003YKZ42W.jpg,7:21624,21,126,6535,lamra,mmembed,lamra_qwen25vl,0,0,0,0
1175,7:1176,composition_required,composition_required,multimodal_needed,Does not have a floral pattern on it and is orange and has large striped accent.,mbeir_images/fashioniq_images/B002VLDSRS.jpg,7:27520,8,1142,46,lamra,gme_qwen2vl_retriever_2,qwen3vl8b_vllm,2,0,0,0
1176,7:1177,composition_required,composition_required,multimodal_needed,Is beige and has thicker straps and is a nude color.,mbeir_images/fashioniq_images/B007WA29BY.jpg,7:49013,1,16,429,lamra_qwen25vl,qwen3vl2b_vllm,lamra_qwen25vl,9,0,0,0
1179,7:1180,unresolved,unresolved,multimodal_needed,Is darker and has longer sleeves and but a different pattern.,mbeir_images/fashioniq_images/B004Q9T840.jpg,7:20780,579,1846,4758,gemini_embedding_2,voyage_multimodal_35,gemini_embedding_2,0,0,0,0
1181,7:1182,composition_required,composition_required,multimodal_needed,Bright and colorful and is white with floral patterns.,mbeir_images/fashioniq_images/B00DEP9CUW.jpg,7:44465,8,474,850,qwen3vl2b_vllm,rzen_embed,,1,0,0,0
1182,7:1183,unresolved,unresolved,multimodal_needed,A-line and has no sleeves but is longer.,mbeir_images/fashioniq_images/B006WARFS2.jpg,7:29765,138,390,124,,gemini_embedding_2,,0,0,0,0
1183,7:1184,unresolved,unresolved,multimodal_needed,Has long sleeves and v neck with belted waist and the dress is black with longer sleeves.,mbeir_images/fashioniq_images/B00CGY6RKU.jpg,7:11726,20,58,10366,qwen3vl8b_vllm,qwen3vl8b_vllm,mmembed,0,0,0,0
1184,7:1185,unresolved,unresolved,multimodal_needed,Is bright pink and ayered and is red with seperated sleeves.,mbeir_images/fashioniq_images/B008VFX1IE.jpg,7:11513,426,558,6711,lamra_qwen25vl,voyage_multimodal_35,gemini_embedding_2,0,0,0,0
1185,7:1186,unresolved,unresolved,multimodal_needed,Has longer sleeves and is a darker color and has longer sleeves and an art pattern.,mbeir_images/fashioniq_images/B009KQVCAM.jpg,7:18516,32,585,186,qwen3vl2b_vllm,vlm2vec_v2,,0,0,0,0
1186,7:1187,unresolved,unresolved,multimodal_needed,Is darker and shorter and the dress is black and shorter.,mbeir_images/fashioniq_images/B004QL3YBG.jpg,7:21151,16,283,384,e5_omni,qwen3vl8b_vllm,voyage_multimodal_35,0,0,0,0
1187,7:1188,unresolved,unresolved,multimodal_needed,Is a short patterned dress and is more patterned.,mbeir_images/fashioniq_images/B004BDP1BA.jpg,7:8771,138,89,2449,e5_omni,e5_omni,voyage_multimodal_35,0,0,0,0
1190,7:1191,composition_required,composition_required,multimodal_needed,Is a solid color and has shorter sleeves and is blue with no sleeves.,mbeir_images/fashioniq_images/B00B2JJ15S.jpg,7:71523,1,147,67,qwen3vl2b_vllm,gemini_embedding_2,qwen3vl2b_vllm,3,0,0,0
1191,7:1192,composition_required,composition_required,multimodal_needed,Has no straps with black floral print and has a pattern.,mbeir_images/fashioniq_images/B009HPIG00.jpg,7:13253,1,1151,54,lamra,vlm2vec_v2,mmembed,11,0,0,0
1192,7:1193,unresolved,unresolved,multimodal_needed,Is shorter and is sea through.,mbeir_images/fashioniq_images/B00BJGVXNW.jpg,7:37639,15,1708,70,mmembed,lamra_qwen25vl,,0,0,0,0
1193,7:1194,unresolved,unresolved,multimodal_needed,Strapless and longer in length and is less colorful.,mbeir_images/fashioniq_images/B00A3PEX7S.jpg,7:24654,52,8656,108,lamra,,lamra,0,0,0,0
1194,7:1195,unresolved,unresolved,multimodal_needed,Is a long sleeve long black dress and is longer and more formal.,mbeir_images/fashioniq_images/B007WPHD92.jpg,7:73532,19,13,1310,lamra_qwen25vl,mmembed,gme_qwen2vl_retriever_2,0,0,0,0
1195,7:1196,unresolved,unresolved,multimodal_needed,Has shorter sleeves and is purple and is less fitted at top.,mbeir_images/fashioniq_images/B0091QI6KA.jpg,7:35915,17,35,2272,lamra_qwen25vl,qwen3vl2b_vllm,lamra_qwen25vl,0,0,0,0
1197,7:1198,unresolved,unresolved,multimodal_needed,V-neck and longed sleeved and longer sleeves and longer.,mbeir_images/fashioniq_images/B007ZDYK2E.jpg,7:48089,17,277,3937,lamra,qwen3vl8b_vllm,vlm2vec_v2,0,0,0,0
1199,7:1200,unresolved,unresolved,multimodal_needed,Black and is shorter and has less sleeves.,mbeir_images/fashioniq_images/B00GS6TTU2.jpg,7:56156,3195,4671,1004,gme_qwen2vl_retriever_2,mmembed,qwen3vl2b_vllm,0,0,0,0
1200,7:1201,composition_required,composition_required,multimodal_needed,Has bolder stripes and is longer and is a long dress.,mbeir_images/fashioniq_images/B007P048TC.jpg,7:13273,8,16,4987,gme_qwen2vl_retriever_2,gemini_embedding_2,vlm2vec_v2,2,0,0,0
1201,7:1202,composition_required,composition_required,multimodal_needed,Is maroon with sheer sleeves and it is longer and has sleeves.,mbeir_images/fashioniq_images/B002Z7FONO.jpg,7:4567,3,26,1298,qwen3vl8b_vllm,qwen3vl8b_vllm,e5_omni,4,0,0,0
1202,7:1203,composition_required,composition_required,multimodal_needed,Is shorter and has a belt and has floral pattern and more revealling.,mbeir_images/fashioniq_images/B00C17P8W0.jpg,7:46914,4,135,1304,e5_omni,e5_omni,e5_omni,2,0,0,0
1203,7:1204,composition_required,composition_required,multimodal_needed,Has a button around its cleavage and is black and more sexy.,mbeir_images/fashioniq_images/B0027RAAUE.jpg,7:56686,6,62,276,gemini_embedding_2,rzen_embed,qwen3vl8b_vllm,2,0,0,0
1204,7:1205,composition_required,composition_required,multimodal_needed,Red and more party orientated and is red with quarter sleeves.,mbeir_images/fashioniq_images/B00BXB7LRA.jpg,7:71384,1,65,1740,qwen3vl8b_vllm,qwen3vl8b_vllm,mmembed,3,0,0,0
1205,7:1206,unresolved,unresolved,multimodal_needed,Is black with a high neck and is sleeveless and black.,mbeir_images/fashioniq_images/B006U07GW4.jpg,7:8774,126,174,2484,gemini_embedding_2,voyage_multimodal_35,,0,0,0,0
1209,7:1210,composition_required,composition_required,multimodal_needed,Is darker and has longer sleeves and has longer sleeves and is dark colored.,mbeir_images/fashioniq_images/B00FXAC5SM.jpg,7:33525,1,235,43,lamra_qwen25vl,gme_qwen2vl_retriever_2,,5,0,0,0
1211,7:1212,composition_required,composition_required,multimodal_needed,Is longer and has sleeves and is floral without the red.,mbeir_images/fashioniq_images/B008BYUH9Q.jpg,7:1364,3,40,73,lamra_qwen25vl,lamra_qwen25vl,e5_omni,4,0,0,0
1212,7:1213,unresolved,unresolved,multimodal_needed,A more colorful darker dress without straps and more colorful with thin straps.,mbeir_images/fashioniq_images/B00BJFXUBG.jpg,7:62412,29,45,2719,qwen3vl8b_vllm,voyage_multimodal_35,gemini_embedding_2,0,0,0,0
1213,7:1214,unresolved,unresolved,multimodal_needed,Is sleeveless and tighter and is sleeveless in a darker shiny fabric.,mbeir_images/fashioniq_images/B00ABSUHMC.jpg,7:72517,82,48,8207,gemini_embedding_2,gemini_embedding_2,vlm2vec_v2,0,0,0,0
1214,7:1215,composition_required,composition_required,multimodal_needed,Is black and shorter and is black with thin straps.,mbeir_images/fashioniq_images/B007B6WEA0.jpg,7:47591,3,27,229,qwen3vl8b_vllm,qwen3vl8b_vllm,vlm2vec_v2,3,0,0,0
1215,7:1216,composition_required,composition_required,multimodal_needed,Is more long-sleeve and fashionable and has long draping sleeves and open white only design.,mbeir_images/fashioniq_images/B005QVUUR6.jpg,7:43916,1,56,704,qwen3vl8b_vllm,e5_omni,qwen3vl8b_vllm,3,0,0,0
1216,7:1217,composition_required,composition_required,multimodal_needed,Has a ribbon and has a silver top and a white belt.,mbeir_images/fashioniq_images/B007EGKM5G.jpg,7:41283,2,632,101,lamra,qwen3vl2b_vllm,gme_qwen2vl_retriever_2,7,0,0,0
1217,7:1218,unresolved,unresolved,multimodal_needed,Has a higher neckline and shorter skirt and shoulder straps and more orange.,mbeir_images/fashioniq_images/B00CFEVLBQ.jpg,7:55296,18,13,2105,lamra,qwen3vl8b_vllm,lamra,0,0,0,0
1218,7:1219,unresolved,unresolved,multimodal_needed,Is more casual and looser and is pink and longer and flowy.,mbeir_images/fashioniq_images/B005FOPRRW.jpg,7:14618,30,69,11693,rzen_embed,gme_qwen2vl_retriever_2,qwen3vl8b_vllm,0,0,0,0
1220,7:1221,composition_required,composition_required,multimodal_needed,Has shorter sleeves and is see through and shorter.,mbeir_images/fashioniq_images/B004U88SW0.jpg,7:60884,1,63,630,gme_qwen2vl_retriever_2,qwen3vl8b_vllm,lamra_qwen25vl,4,0,0,0
1223,7:1224,unresolved,unresolved,multimodal_needed,Is blue with no sleeves and a v neck and is blue and more revealing.,mbeir_images/fashioniq_images/B00CI1ELFO.jpg,7:6361,42,108,7350,lamra,e5_omni,lamra,0,0,0,0
1224,7:1225,unresolved,unresolved,multimodal_needed,Is shorter and darker and is one length a bit above the knee and only has one strap.,mbeir_images/fashioniq_images/B00E00GL86.jpg,7:4585,38,166,1125,lamra_qwen25vl,voyage_multimodal_35,lamra_qwen25vl,0,0,0,0
1225,7:1226,composition_required,composition_required,multimodal_needed,Is longer with crossing straps and tiered hemline.,mbeir_images/fashioniq_images/B007VP2C7Q.jpg,7:32982,7,135,86,lamra,voyage_multimodal_35,gemini_embedding_2,2,0,0,0
1227,7:1228,unresolved,unresolved,multimodal_needed,Has longer sleeves and more wintery and is sleeveless.,mbeir_images/fashioniq_images/B007KZHNY4.jpg,7:41147,2797,7775,2822,,vlm2vec_v2,,0,0,0,0
1228,7:1229,unresolved,unresolved,multimodal_needed,Is lighter and has a pattern and less frills.,mbeir_images/fashioniq_images/B004GBESAC.jpg,7:11443,108,437,1044,qwen3vl2b_vllm,mmembed,rzen_embed,0,0,0,0
1230,7:1231,composition_required,composition_required,multimodal_needed,Is of the same color with short sleeves and a u neck shape and is longer and more flowing.,mbeir_images/fashioniq_images/B002TYZGJ0.jpg,7:4454,5,609,57,gme_qwen2vl_retriever_2,vlm2vec_v2,vlm2vec_v2,6,0,0,0
1231,7:1232,unresolved,unresolved,multimodal_needed,Is white and strapless and is white and gray colored.,mbeir_images/fashioniq_images/B005HP3HL2.jpg,7:36474,32,21,1996,rzen_embed,gme_qwen2vl_retriever_2,e5_omni,0,0,0,0
1232,7:1233,composition_required,composition_required,multimodal_needed,Has no sleeves and a red belt and is slimmer and one color.,mbeir_images/fashioniq_images/B00GDSPIYQ.jpg,7:36991,1,39,111,e5_omni,qwen3vl8b_vllm,gme_qwen2vl_retriever_2,3,0,0,0
1233,7:1234,composition_required,composition_required,multimodal_needed,Is orange colored and sleeveless and is solid orange and has a halter top.,mbeir_images/fashioniq_images/B00ED49C12.jpg,7:47045,9,14,4178,qwen3vl2b_vllm,voyage_multimodal_35,qwen3vl8b_vllm,1,0,0,0
1234,7:1235,composition_required,composition_required,multimodal_needed,Has white and black stripes and is longer and is longer and has blue and white stripes.,mbeir_images/fashioniq_images/B00CF5GD3Q.jpg,7:6280,8,44,1575,rzen_embed,gme_qwen2vl_retriever_2,qwen3vl8b_vllm,2,0,0,0
1237,7:1238,composition_required,composition_required,multimodal_needed,Is all black with a rouched front and is black and less revealing.,mbeir_images/fashioniq_images/B00EYSAIPG.jpg,7:69324,1,20,1471,lamra,gemini_embedding_2,mmembed,7,0,0,0
1238,7:1239,unresolved,unresolved,multimodal_needed,With spaghetti straps and is shorter and colorful.,mbeir_images/fashioniq_images/B00FRS3RDM.jpg,7:42928,800,473,7036,qwen3vl8b_vllm,qwen3vl8b_vllm,qwen3vl8b_vllm,0,0,0,0
1239,7:1240,unresolved,unresolved,multimodal_needed,Is plain black with short sleeves and is black and more sexy.,mbeir_images/fashioniq_images/B00CSQ15KS.jpg,7:13868,415,15,7311,qwen3vl8b_vllm,rzen_embed,vlm2vec_v2,0,0,0,0
1241,7:1242,unresolved,unresolved,multimodal_needed,Is shorter skirt with brighter colors and is colorful with sleeves.,mbeir_images/fashioniq_images/B00CQAJI7S.jpg,7:12485,19,65,14749,lamra,lamra_qwen25vl,e5_omni,0,0,0,0
1242,7:1243,composition_required,composition_required,multimodal_needed,Is longer and has more stripes and is longer in length and less dressy.,mbeir_images/fashioniq_images/B0084YMBQK.jpg,7:6814,1,41,1511,lamra_qwen25vl,mmembed,vlm2vec_v2,2,0,0,0
1243,7:1244,unresolved,unresolved,multimodal_needed,Is a darker red and is a darker pink.,mbeir_images/fashioniq_images/B008S0HK3Y.jpg,7:66480,13,1967,18,gemini_embedding_2,gemini_embedding_2,,0,0,0,0
1244,7:1245,unresolved,unresolved,multimodal_needed,Is a short white dress and with one shoulder and is more fitted.,mbeir_images/fashioniq_images/B004RDQ97O.jpg,7:41146,2133,20853,804,,gemini_embedding_2,gemini_embedding_2,0,0,0,0
1245,7:1246,unresolved,unresolved,multimodal_needed,Has one sholder straps and with long sleeves.,mbeir_images/fashioniq_images/B008E6CKVY.jpg,7:7661,29,900,249,lamra_qwen25vl,qwen3vl2b_vllm,vlm2vec_v2,0,0,0,0
1246,7:1247,unresolved,unresolved,multimodal_needed,Is shorter and is red and shows more skin.,mbeir_images/fashioniq_images/B00B1G5SPY.jpg,7:67398,12,392,620,rzen_embed,qwen3vl8b_vllm,gemini_embedding_2,0,0,0,0
1247,7:1248,unresolved,unresolved,multimodal_needed,Is more whimsical and casual and is more patterned and multi-colored.,mbeir_images/fashioniq_images/B005DNSQVY.jpg,7:71846,527,270,7351,voyage_multimodal_35,e5_omni,mmembed,0,0,0,0
1248,7:1249,unresolved,unresolved,multimodal_needed,Is black and shorter and is shorter with a silver belt.,mbeir_images/fashioniq_images/B00E5YA82M.jpg,7:70963,44,58,1300,gme_qwen2vl_retriever_2,gme_qwen2vl_retriever_2,,0,0,0,0
1249,7:1250,composition_required,composition_required,multimodal_needed,Is solid black and has a v-neck and has a deep v neckline and is solid black.,mbeir_images/fashioniq_images/B00BB92J9E.jpg,7:38194,9,453,145,qwen3vl8b_vllm,voyage_multimodal_35,,1,0,0,0
1250,7:1251,unresolved,unresolved,multimodal_needed,Is quaint and simple and is grey and has shorter knee.,mbeir_images/fashioniq_images/B007M8PCAQ.jpg,7:27459,428,1358,5011,qwen3vl2b_vllm,rzen_embed,voyage_multimodal_35,0,0,0,0
1252,7:1253,unresolved,unresolved,multimodal_needed,Is solid black in color and is shorter.,mbeir_images/fashioniq_images/B00DJ7YYD0.jpg,7:2153,775,191,2991,lamra_qwen25vl,gemini_embedding_2,lamra,0,0,0,0
1253,7:1254,unresolved,unresolved,multimodal_needed,Is more playful and is more colorful.,mbeir_images/fashioniq_images/B007WA38BY.jpg,7:71475,60,421,1668,lamra_qwen25vl,gemini_embedding_2,vlm2vec_v2,0,0,0,0
1254,7:1255,composition_required,composition_required,multimodal_needed,Is white with longer sleeves and plain pattern and is lighter and open.,mbeir_images/fashioniq_images/B00B0ANWFO.jpg,7:32628,7,854,614,lamra_qwen25vl,vlm2vec_v2,,1,0,0,0
1255,7:1256,unresolved,unresolved,multimodal_needed,Is white with orange and yellow pattern and is white and sexy.,mbeir_images/fashioniq_images/B007NKVTOQ.jpg,7:42947,40,16,161,lamra_qwen25vl,gemini_embedding_2,qwen3vl2b_vllm,0,0,0,0
1256,7:1257,composition_required,composition_required,multimodal_needed,The blue dress looks more mature party wear and is more blue with sleeves.,mbeir_images/fashioniq_images/B007GP6PME.jpg,7:30653,1,40,655,rzen_embed,qwen3vl2b_vllm,,7,0,0,0
1257,7:1258,unresolved,unresolved,multimodal_needed,Has floral print with straps and is sleeveless and has lighter colored.,mbeir_images/fashioniq_images/B00E808KYQ.jpg,7:73689,913,126,13020,lamra,qwen3vl2b_vllm,lamra,0,0,0,0
1258,7:1259,unresolved,unresolved,multimodal_needed,Longer and more colourful and purple patterned and longer.,mbeir_images/fashioniq_images/B002W77AY8.jpg,7:10063,1565,3660,2881,rzen_embed,lamra_qwen25vl,gme_qwen2vl_retriever_2,0,0,0,0
1260,7:1261,unresolved,unresolved,multimodal_needed,Pin and striped and has no sleeves and more stripes.,mbeir_images/fashioniq_images/B004AY7K1Y.jpg,7:63327,224,54,4080,e5_omni,e5_omni,vlm2vec_v2,0,0,0,0
1261,7:1262,composition_required,composition_required,multimodal_needed,Has longer sleeves and even ruffles and is grey with long sleeves.,mbeir_images/fashioniq_images/B00CSQ15KS.jpg,7:40676,1,34,4035,lamra_qwen25vl,vlm2vec_v2,,3,0,0,0
1262,7:1263,composition_required,composition_required,multimodal_needed,A shorter length and is more yellow.,mbeir_images/fashioniq_images/B00B59UOBU.jpg,7:58278,6,291,2074,qwen3vl8b_vllm,gemini_embedding_2,qwen3vl8b_vllm,1,0,0,0
1264,7:1265,unresolved,unresolved,multimodal_needed,With fringe and is longer and smaller stripes.,mbeir_images/fashioniq_images/B007RB7IJG.jpg,7:42601,11,126,300,lamra,gemini_embedding_2,vlm2vec_v2,0,0,0,0
1265,7:1266,unresolved,unresolved,multimodal_needed,Has no sleeves and tight black dress and is black and striped.,mbeir_images/fashioniq_images/B00A0I6GSC.jpg,7:57261,75,27,2220,qwen3vl2b_vllm,lamra,mmembed,0,0,0,0
1267,7:1268,unresolved,unresolved,multimodal_needed,Is more bright and longer and has not sleeves and is a lighter color.,mbeir_images/fashioniq_images/B005DRAVT0.jpg,7:34690,240,967,3703,lamra,gemini_embedding_2,voyage_multimodal_35,0,0,0,0
1269,7:1270,composition_required,composition_required,multimodal_needed,Is blue and white and has less revealing and is blue color.,mbeir_images/fashioniq_images/B0076OCNJE.jpg,7:12440,7,11,1435,mmembed,qwen3vl2b_vllm,e5_omni,2,0,0,0
1270,7:1271,composition_required,composition_required,multimodal_needed,Is black and is shorter and no sleeves.,mbeir_images/fashioniq_images/B00E3HGLU4.jpg,7:34074,5,2148,115,gemini_embedding_2,gme_qwen2vl_retriever_2,gemini_embedding_2,1,0,0,0
1271,7:1272,unresolved,unresolved,multimodal_needed,Green with short sleeves and is shorter.,mbeir_images/fashioniq_images/B00CRNS11I.jpg,7:29425,1119,2398,2780,qwen3vl2b_vllm,rzen_embed,e5_omni,0,0,0,0
1272,7:1273,unresolved,unresolved,multimodal_needed,More vintage and girly and less black and longer sleeves.,mbeir_images/fashioniq_images/B00C1BSDBO.jpg,7:46978,17,48,91,vlm2vec_v2,rzen_embed,e5_omni,0,0,0,0
1273,7:1274,composition_required,composition_required,multimodal_needed,Has lace sleeves and is shorter and has a v shaped neck.,mbeir_images/fashioniq_images/B00CC6WGQ6.jpg,7:28104,1,11,97,vlm2vec_v2,gemini_embedding_2,gme_qwen2vl_retriever_2,8,0,0,0
1274,7:1275,composition_required,composition_required,multimodal_needed,Is more revealing and colorful and has floral reds and blacks instead of white.,mbeir_images/fashioniq_images/B00CF3TCRW.jpg,7:10499,3,141,54,voyage_multimodal_35,qwen3vl8b_vllm,qwen3vl2b_vllm,7,0,0,0
1275,7:1276,composition_required,composition_required,multimodal_needed,Is shorter and darker and is shorter and is a darker color.,mbeir_images/fashioniq_images/B00D3SCKPE.jpg,7:18331,1,1289,772,qwen3vl8b_vllm,qwen3vl8b_vllm,,1,0,0,0
1276,7:1277,unresolved,unresolved,multimodal_needed,Is more black and revealing and is more revealing and darker in color.,mbeir_images/fashioniq_images/B008BM17HY.jpg,7:21438,16,28,549,gemini_embedding_2,gme_qwen2vl_retriever_2,mmembed,0,0,0,0
1277,7:1278,unresolved,unresolved,multimodal_needed,Is more solid and less colorful and is darker and longer.,mbeir_images/fashioniq_images/B00EPC5D10.jpg,7:37515,200,171,7060,lamra_qwen25vl,e5_omni,voyage_multimodal_35,0,0,0,0
1278,7:1279,composition_required,composition_required,multimodal_needed,Is solid colored and gold and is lighter in color with a crew neckline.,mbeir_images/fashioniq_images/B009B7MLZU.jpg,7:16359,2,532,191,rzen_embed,gemini_embedding_2,,5,0,0,0
1279,7:1280,unresolved,unresolved,multimodal_needed,A low cut lacy dress and zip front orange print strapless fitted sheath.,mbeir_images/fashioniq_images/B00EVODFJE.jpg,7:23226,79,251,153,mmembed,mmembed,qwen3vl2b_vllm,0,0,0,0
1280,7:1281,unresolved,unresolved,multimodal_needed,Has a v cut neckline and has a v neckline.,mbeir_images/fashioniq_images/B005AQCKBQ.jpg,7:39715,1143,6765,456,lamra_qwen25vl,qwen3vl2b_vllm,lamra_qwen25vl,0,0,0,0
1281,7:1282,unresolved,unresolved,multimodal_needed,Is more sexier and sweetheart neckline.,mbeir_images/fashioniq_images/B003JH7YJ6.jpg,7:48573,41,483,922,lamra,voyage_multimodal_35,rzen_embed,0,0,0,0
1282,7:1283,unresolved,unresolved,multimodal_needed,Has an open neck and shoulder and fitted and is lighter and more revealing.,mbeir_images/fashioniq_images/B00CPCMP0Y.jpg,7:18198,17,292,139,lamra_qwen25vl,mmembed,mmembed,0,0,0,0
1283,7:1284,unresolved,unresolved,multimodal_needed,Is a lighter shade of purple with a belt tie belt and and is tighter fitting.,mbeir_images/fashioniq_images/B002X79Z72.jpg,7:65291,1711,6519,93,,gemini_embedding_2,vlm2vec_v2,0,0,0,0
1284,7:1285,unresolved,unresolved,multimodal_needed,Is gray with a floral design and is see through.,mbeir_images/fashioniq_images/B00A784UKG.jpg,7:56326,11,134,11204,lamra_qwen25vl,mmembed,vlm2vec_v2,0,0,0,0
1285,7:1286,unresolved,unresolved,multimodal_needed,Is longer and more whimsical and is a darker color.,mbeir_images/fashioniq_images/B00CY0CF0M.jpg,7:34892,1568,896,3173,gemini_embedding_2,lamra_qwen25vl,vlm2vec_v2,0,0,0,0
1286,7:1287,unresolved,unresolved,multimodal_needed,Has no sleeves and shiny red and na.,mbeir_images/fashioniq_images/B009HK2P2A.jpg,7:68677,117,861,302,lamra_qwen25vl,voyage_multimodal_35,lamra_qwen25vl,0,0,0,0
1287,7:1288,composition_required,composition_required,multimodal_needed,Is black with large white flowers and short and is black with print and shorter in length.,mbeir_images/fashioniq_images/B00DV2P9ZA.jpg,7:39373,5,35,6073,qwen3vl2b_vllm,qwen3vl2b_vllm,vlm2vec_v2,1,0,0,0
1288,7:1289,unresolved,unresolved,multimodal_needed,Has a patterned top and solid skirt and red lace.,mbeir_images/fashioniq_images/B00AO9RH30.jpg,7:20038,626,1182,1549,lamra,gemini_embedding_2,mmembed,0,0,0,0
1289,7:1290,unresolved,unresolved,multimodal_needed,Is shinier and more golden and shinier metallic gold.,mbeir_images/fashioniq_images/B00CTT41D2.jpg,7:42080,63,14930,57,gme_qwen2vl_retriever_2,qwen3vl2b_vllm,,0,0,0,0
1290,7:1291,unresolved,unresolved,multimodal_needed,Has longer sleeves and is less bridal and has long sleeves and is green.,mbeir_images/fashioniq_images/B00B3YPJY4.jpg,7:59130,105,67,9568,rzen_embed,voyage_multimodal_35,e5_omni,0,0,0,0
1293,7:1294,unresolved,unresolved,multimodal_needed,Is longer and more formal and is much longer.,mbeir_images/fashioniq_images/B0087PLHB6.jpg,7:63350,46,527,302,vlm2vec_v2,vlm2vec_v2,vlm2vec_v2,0,0,0,0
1294,7:1295,unresolved,unresolved,multimodal_needed,Is blue with a black stripe and has more blue and is tighter.,mbeir_images/fashioniq_images/B00E95L22C.jpg,7:4060,176,144,3876,gme_qwen2vl_retriever_2,mmembed,,0,0,0,0
1295,7:1296,unresolved,unresolved,multimodal_needed,Is more evening and more pink and is pink with straps.,mbeir_images/fashioniq_images/B00B2JJ15S.jpg,7:12803,18,352,4422,gme_qwen2vl_retriever_2,vlm2vec_v2,mmembed,0,0,0,0
1298,7:1299,unresolved,unresolved,multimodal_needed,Has brighter colors and a mod print and does not have a belt and is slightly longer.,mbeir_images/fashioniq_images/B006603WEE.jpg,7:58593,139,61,897,qwen3vl2b_vllm,gemini_embedding_2,e5_omni,0,0,0,0
1299,7:1300,unresolved,unresolved,multimodal_needed,Is a halter top and two solid colors and yellow and green striped.,mbeir_images/fashioniq_images/B009Q25IYG.jpg,7:23947,981,681,3661,voyage_multimodal_35,voyage_multimodal_35,vlm2vec_v2,0,0,0,0
1301,7:1302,unresolved,unresolved,multimodal_needed,Is tighter fitting and less revealing neckline and is longer and more form fitting.,mbeir_images/fashioniq_images/B001JDGNS0.jpg,7:20361,18,75,92,gemini_embedding_2,lamra_qwen25vl,qwen3vl8b_vllm,0,0,0,0
1303,7:1304,composition_required,composition_required,multimodal_needed,Is more red and has a waist strap and comes in solid red.,mbeir_images/fashioniq_images/B00BH9R3US.jpg,7:24550,1,18,99,gemini_embedding_2,qwen3vl8b_vllm,gemini_embedding_2,10,0,0,0
1306,7:1307,unresolved,unresolved,multimodal_needed,Is more standard blue thin strapped and no belt and is a solid pink color.,mbeir_images/fashioniq_images/B00C1BSDBO.jpg,7:581,353,283,9021,qwen3vl2b_vllm,qwen3vl2b_vllm,lamra_qwen25vl,0,0,0,0
1307,7:1308,composition_required,composition_required,multimodal_needed,Has short sleeves and is darker and is darker with short sleeves.,mbeir_images/fashioniq_images/B004VM5W1K.jpg,7:46160,2,469,165,lamra_qwen25vl,qwen3vl8b_vllm,voyage_multimodal_35,4,0,0,0
1308,7:1309,composition_required,composition_required,multimodal_needed,Is dark purple and is more blue with short sleeves.,mbeir_images/fashioniq_images/B0089XW7OC.jpg,7:52000,6,27,1099,lamra_qwen25vl,gemini_embedding_2,mmembed,1,0,0,0
1310,7:1311,unresolved,unresolved,multimodal_needed,Has sleeves on both shoulders and printer and is blue with sleeves.,mbeir_images/fashioniq_images/B00F4WI9H0.jpg,7:61543,71,831,4365,voyage_multimodal_35,qwen3vl2b_vllm,voyage_multimodal_35,0,0,0,0
1311,7:1312,composition_required,composition_required,multimodal_needed,Is solid white in color and is white and more flared and has sleeves.,mbeir_images/fashioniq_images/B000PUGW8O.jpg,7:69951,1,110,1556,lamra_qwen25vl,rzen_embed,mmembed,4,0,0,0
1312,7:1313,unresolved,unresolved,multimodal_needed,Is more revealing and has no sleeves and flower pattern.,mbeir_images/fashioniq_images/B00466ICP4.jpg,7:59813,54,50,5664,qwen3vl8b_vllm,gemini_embedding_2,e5_omni,0,0,0,0
1313,7:1314,composition_required,composition_required,multimodal_needed,Is purple in color and has silk like appearance and is pink and sleeveless.,mbeir_images/fashioniq_images/B008MB4OI8.jpg,7:22663,4,254,2179,lamra,lamra,mmembed,1,0,0,0
1315,7:1316,composition_required,composition_required,multimodal_needed,Is black and pink patterned and has a floral pattern and no sleeves.,mbeir_images/fashioniq_images/B004H4WHVA.jpg,7:40762,7,77,657,vlm2vec_v2,gemini_embedding_2,qwen3vl2b_vllm,1,0,0,0
1316,7:1317,unresolved,unresolved,multimodal_needed,Is more colorful and sexier and is red and shorter.,mbeir_images/fashioniq_images/B004LGXB0K.jpg,7:15445,15,314,1574,lamra,rzen_embed,vlm2vec_v2,0,0,0,0
1317,7:1318,composition_required,composition_required,multimodal_needed,Has sleeves and is darker and is solid black in color.,mbeir_images/fashioniq_images/B002G5GHCM.jpg,7:42175,2,1603,263,qwen3vl8b_vllm,qwen3vl8b_vllm,,3,0,0,0
1319,7:1320,unresolved,unresolved,multimodal_needed,Is looser with an animal print and has shorter sleeves and a solid grey panel.,mbeir_images/fashioniq_images/B003WT11KY.jpg,7:5843,52,1176,576,gme_qwen2vl_retriever_2,vlm2vec_v2,voyage_multimodal_35,0,0,0,0
1321,7:1322,unresolved,unresolved,multimodal_needed,Cream with straps and u neck shape and is sleeveless and beige.,mbeir_images/fashioniq_images/B0023D5Q4W.jpg,7:42181,19,116,5742,gemini_embedding_2,mmembed,gemini_embedding_2,0,0,0,0
1322,7:1323,composition_required,composition_required,multimodal_needed,Has longer sleeves and is red and has longer sleeves and red colored.,mbeir_images/fashioniq_images/B00BL9DCM2.jpg,7:73917,5,96,979,voyage_multimodal_35,voyage_multimodal_35,,1,0,0,0
1323,7:1324,unresolved,unresolved,multimodal_needed,Is more striped and multicolored and is darker and striped.,mbeir_images/fashioniq_images/B004FPYVO2.jpg,7:58667,20,446,3771,qwen3vl2b_vllm,qwen3vl2b_vllm,lamra_qwen25vl,0,0,0,0
1324,7:1325,unresolved,unresolved,multimodal_needed,This back dress look too adult and is darker and slimmer sleeves.,mbeir_images/fashioniq_images/B004DVT2SI.jpg,7:23139,1095,484,1104,e5_omni,voyage_multimodal_35,lamra,0,0,0,0
1325,7:1326,composition_required,composition_required,multimodal_needed,Is red and shows more bust and is red and more shiny.,mbeir_images/fashioniq_images/B00A4FQ4PG.jpg,7:8932,1,34,456,rzen_embed,gme_qwen2vl_retriever_2,qwen3vl8b_vllm,9,0,0,0
1326,7:1327,unresolved,unresolved,multimodal_needed,Black and white short dress and has a grey bottom and red top. A little longer.,mbeir_images/fashioniq_images/B008596V88.jpg,7:55657,540,524,3147,rzen_embed,,mmembed,0,0,0,0
1327,7:1328,unresolved,unresolved,multimodal_needed,Is red and shorter and is less ethnic.,mbeir_images/fashioniq_images/B001TA2J9K.jpg,7:3869,446,550,18715,lamra,lamra_qwen25vl,qwen3vl2b_vllm,0,0,0,0
1329,7:1330,unresolved,unresolved,multimodal_needed,Is not as embellished and is lighter and white and less decorative.,mbeir_images/fashioniq_images/B0073MVVPQ.jpg,7:1657,14,313,292,vlm2vec_v2,qwen3vl8b_vllm,e5_omni,0,0,0,0
1330,7:1331,composition_required,composition_required,multimodal_needed,Is shinier with a black belt and is sleeveless.,mbeir_images/fashioniq_images/B007EGKM5G.jpg,7:66805,1,560,90,qwen3vl8b_vllm,qwen3vl8b_vllm,qwen3vl2b_vllm,2,0,0,0
1331,7:1332,unresolved,unresolved,multimodal_needed,Has less sleeves with floral print and is spaghetti strap and short front and longer in the back.,mbeir_images/fashioniq_images/B003AI6LNY.jpg,7:64404,47,20,5192,lamra,gemini_embedding_2,vlm2vec_v2,0,0,0,0
1333,7:1334,composition_required,composition_required,multimodal_needed,Is shorter knee length and has no sleeves and more colors.,mbeir_images/fashioniq_images/B00DEP9CUW.jpg,7:31813,7,289,1609,lamra_qwen25vl,qwen3vl8b_vllm,mmembed,1,0,0,0
1336,7:1337,unresolved,unresolved,multimodal_needed,Is black and has puffy sleeves and with short sleeves and more fitted.,mbeir_images/fashioniq_images/B00AWKKHOC.jpg,7:65937,45,227,1952,lamra_qwen25vl,vlm2vec_v2,e5_omni,0,0,0,0
1337,7:1338,composition_required,composition_required,multimodal_needed,Is shorter and has longer sleeves and is short sleeved and printed.,mbeir_images/fashioniq_images/B0080ICEQC.jpg,7:36390,3,383,1450,vlm2vec_v2,qwen3vl2b_vllm,gme_qwen2vl_retriever_2,2,0,0,0
1338,7:1339,unresolved,unresolved,multimodal_needed,More blue and stripped and maxi dress in pink pattern with no bow.,mbeir_images/fashioniq_images/B005QYW7PG.jpg,7:4371,189,11,3253,qwen3vl2b_vllm,vlm2vec_v2,qwen3vl8b_vllm,0,0,0,0
1339,7:1340,unresolved,unresolved,multimodal_needed,Has longer sleeves and a belt and is shorter.,mbeir_images/fashioniq_images/B004E9SNTS.jpg,7:14015,431,145,13285,lamra_qwen25vl,voyage_multimodal_35,,0,0,0,0
1340,7:1341,unresolved,unresolved,multimodal_needed,Shiny short black dress and is shinier.,mbeir_images/fashioniq_images/B005NXMDTU.jpg,7:20418,22,76,79,lamra,mmembed,gme_qwen2vl_retriever_2,0,0,0,0
1341,7:1342,unresolved,unresolved,multimodal_needed,Has shorter front longer back and longer sleeves and more baby-doll styled.,mbeir_images/fashioniq_images/B002OEYH3Q.jpg,7:64842,87,2052,100,,e5_omni,,0,0,0,0
1344,7:1345,unresolved,unresolved,multimodal_needed,Less revealing and is a solid cream color.,mbeir_images/fashioniq_images/B0046Q4K6E.jpg,7:46265,469,315,9902,lamra_qwen25vl,mmembed,lamra_qwen25vl,0,0,0,0
1346,7:1347,unresolved,unresolved,multimodal_needed,Is shorter and more simple and is classier looking.,mbeir_images/fashioniq_images/B00BPBCKQK.jpg,7:4342,24,867,64,mmembed,lamra_qwen25vl,qwen3vl8b_vllm,0,0,0,0
1347,7:1348,composition_required,composition_required,multimodal_needed,Is a tan dress with a ruched side and is a tan coloring.,mbeir_images/fashioniq_images/B004BDP1BA.jpg,7:32196,7,13,2170,lamra_qwen25vl,voyage_multimodal_35,,2,0,0,0
1350,7:1351,composition_required,composition_required,multimodal_needed,Is more casual and has cap sleeves and a silver skirt.,mbeir_images/fashioniq_images/B00FHXBQFS.jpg,7:50243,1,11,602,e5_omni,qwen3vl8b_vllm,,9,0,0,0
1351,7:1352,unresolved,unresolved,multimodal_needed,Is black in color and shows more neck.,mbeir_images/fashioniq_images/B005VTKJWO.jpg,7:43250,63,332,556,qwen3vl8b_vllm,vlm2vec_v2,e5_omni,0,0,0,0
1353,7:1354,unresolved,unresolved,multimodal_needed,Long pink maxi dress with no sleeves and is longer and sleeveless.,mbeir_images/fashioniq_images/B005GYSR64.jpg,7:48513,86,111,3171,lamra,qwen3vl8b_vllm,vlm2vec_v2,0,0,0,0
1355,7:1356,unresolved,unresolved,multimodal_needed,Has no ruffles and has sleeves and mesh striped solid blue color.,mbeir_images/fashioniq_images/B007NG77PU.jpg,7:25184,284,2289,405,e5_omni,e5_omni,e5_omni,0,0,0,0
1358,7:1359,unresolved,unresolved,multimodal_needed,Is more revaeling and darker and has a floral pattern.,mbeir_images/fashioniq_images/B009NW4TW6.jpg,7:8181,117,842,557,lamra,qwen3vl8b_vllm,gemini_embedding_2,0,0,0,0
1360,7:1361,composition_required,composition_required,multimodal_needed,Is solid black and has thinner straps and is more black.,mbeir_images/fashioniq_images/B007XD6AMO.jpg,7:15945,1,98,17,lamra_qwen25vl,gme_qwen2vl_retriever_2,lamra,10,0,0,0
1361,7:1362,composition_required,composition_required,multimodal_needed,Has more sleeve and is red with tie belt and is red and has longer sleeves.,mbeir_images/fashioniq_images/B00C2BIUXO.jpg,7:16147,9,100,983,lamra,gemini_embedding_2,,2,0,0,0
1362,7:1363,unresolved,unresolved,multimodal_needed,Has longer sleeves and longer length and has a similar colored belt.,mbeir_images/fashioniq_images/B005278U3U.jpg,7:19194,306,291,888,rzen_embed,rzen_embed,gme_qwen2vl_retriever_2,0,0,0,0
1363,7:1364,unresolved,unresolved,multimodal_needed,Is more sexy and shorter and is darker and strappy.,mbeir_images/fashioniq_images/B00EDS3BRO.jpg,7:29078,697,664,1138,gemini_embedding_2,gemini_embedding_2,voyage_multimodal_35,0,0,0,0
1364,7:1365,unresolved,unresolved,multimodal_needed,Is shorter and red and is red and sexy.,mbeir_images/fashioniq_images/B003BKNUVC.jpg,7:61745,12,92,327,lamra,qwen3vl2b_vllm,qwen3vl8b_vllm,0,0,0,0
1365,7:1366,unresolved,unresolved,multimodal_needed,Is black and is longer and all black.,mbeir_images/fashioniq_images/B00AG3Y2JG.jpg,7:2950,150,117,442,lamra,rzen_embed,,0,0,0,0
1366,7:1367,composition_required,composition_required,multimodal_needed,Is shorter and darker in color and is shorter and is blue.,mbeir_images/fashioniq_images/B00CRNS11I.jpg,7:11239,1,150,1650,lamra,qwen3vl2b_vllm,vlm2vec_v2,3,0,0,0
1368,7:1369,composition_required,composition_required,multimodal_needed,Is light yellow with a bow on the belt and flowing and white.,mbeir_images/fashioniq_images/B00BUVAI5K.jpg,7:71099,1,11,6579,gme_qwen2vl_retriever_2,gme_qwen2vl_retriever_2,rzen_embed,6,0,0,0
1369,7:1370,composition_required,composition_required,multimodal_needed,Has a lower neckline and is white and does not have stripes.,mbeir_images/fashioniq_images/B007IWO80Q.jpg,7:10683,9,461,397,lamra_qwen25vl,qwen3vl8b_vllm,mmembed,1,0,0,0
1370,7:1371,unresolved,unresolved,multimodal_needed,Is more revealing and tight and is more revealing.,mbeir_images/fashioniq_images/B00405RUW2.jpg,7:22449,46,485,141,qwen3vl8b_vllm,gemini_embedding_2,gme_qwen2vl_retriever_2,0,0,0,0
1371,7:1372,composition_required,composition_required,multimodal_needed,Pink dress with half sleeves and is pink with no stripes.,mbeir_images/fashioniq_images/B00CLGVWLM.jpg,7:50072,8,106,3497,gme_qwen2vl_retriever_2,mmembed,,2,0,0,0
1373,7:1374,composition_required,composition_required,multimodal_needed,Is solid black and is solid black and v necked.,mbeir_images/fashioniq_images/B003BKNUVC.jpg,7:17303,5,182,174,gme_qwen2vl_retriever_2,gme_qwen2vl_retriever_2,gemini_embedding_2,2,0,0,0
1374,7:1375,unresolved,unresolved,multimodal_needed,Has more color contrast and is black and white with longer sleeves.,mbeir_images/fashioniq_images/B00AT8CQIM.jpg,7:11150,2669,729,10027,gemini_embedding_2,gemini_embedding_2,,0,0,0,0
1376,7:1377,composition_required,composition_required,multimodal_needed,Has a skater design and has more dress volume.,mbeir_images/fashioniq_images/B002YX0KZ6.jpg,7:15061,4,270,120,lamra_qwen25vl,mmembed,qwen3vl8b_vllm,2,0,0,0
1377,7:1378,unresolved,unresolved,multimodal_needed,Is golden with less sleeves and more see through and double layered with Teal As the base color.,mbeir_images/fashioniq_images/B00EPFMQWQ.jpg,7:25340,66,105,1632,gemini_embedding_2,gemini_embedding_2,gemini_embedding_2,0,0,0,0
1378,7:1379,composition_required,composition_required,multimodal_needed,Has sleeves and has different coloring and fuller shoulders.,mbeir_images/fashioniq_images/B008FPXR3Y.jpg,7:26916,3,397,1107,qwen3vl2b_vllm,qwen3vl2b_vllm,e5_omni,2,0,0,0
1380,7:1381,unresolved,unresolved,multimodal_needed,Has no sleeves and is longer and light color.,mbeir_images/fashioniq_images/B009DI5YSS.jpg,7:72773,4139,7801,6919,qwen3vl8b_vllm,qwen3vl8b_vllm,e5_omni,0,0,0,0
1381,7:1382,composition_required,composition_required,multimodal_needed,Has longer sleeves and a different pattern and is shorter.,mbeir_images/fashioniq_images/B008E7IA0I.jpg,7:70754,3,107,22,lamra,qwen3vl8b_vllm,,4,0,0,0
1382,7:1383,unresolved,unresolved,multimodal_needed,Is brighter and is shorter and one colored.,mbeir_images/fashioniq_images/B008TKM790.jpg,7:69672,3961,1149,8369,rzen_embed,rzen_embed,e5_omni,0,0,0,0
1383,7:1384,unresolved,unresolved,multimodal_needed,Has a different pattern and is shorter and has no sleeves and is multicolored.,mbeir_images/fashioniq_images/B004E9SNTS.jpg,7:22277,94,25,598,lamra_qwen25vl,lamra_qwen25vl,,0,0,0,0
1385,7:1386,composition_required,composition_required,multimodal_needed,Is lighter with a keyhole cut out and is white.,mbeir_images/fashioniq_images/B0073M5RKG.jpg,7:39787,1,12,2341,lamra,rzen_embed,,6,0,0,0
1386,7:1387,unresolved,unresolved,multimodal_needed,Is yellow and is yellow and shorter.,mbeir_images/fashioniq_images/B00CE4GUC2.jpg,7:28986,53,95,4851,rzen_embed,qwen3vl2b_vllm,rzen_embed,0,0,0,0
1387,7:1388,unresolved,unresolved,multimodal_needed,Is shorter and is shorter and darker.,mbeir_images/fashioniq_images/B00DFN4MSU.jpg,7:2758,1608,258,4620,lamra,qwen3vl8b_vllm,mmembed,0,0,0,0
1389,7:1390,unresolved,unresolved,multimodal_needed,Is a pattern material with sleeves and fitted.,mbeir_images/fashioniq_images/B00AU1U2PC.jpg,7:5628,164,476,1257,qwen3vl2b_vllm,qwen3vl2b_vllm,mmembed,0,0,0,0
1390,7:1391,composition_required,composition_required,multimodal_needed,Is purple and more revealing and it has more purple and it is more plain.,mbeir_images/fashioniq_images/B00297BG7I.jpg,7:71322,9,18,2041,qwen3vl8b_vllm,qwen3vl8b_vllm,qwen3vl8b_vllm,1,0,0,0
1391,7:1392,composition_required,composition_required,multimodal_needed,Is green with a v neck and is green.,mbeir_images/fashioniq_images/B005278U3U.jpg,7:32642,1,61,374,gme_qwen2vl_retriever_2,qwen3vl2b_vllm,qwen3vl8b_vllm,9,0,0,0
1392,7:1393,unresolved,unresolved,multimodal_needed,Is darker with longer length and is darker in color and longer.,mbeir_images/fashioniq_images/B003XCNN3I.jpg,7:53778,41,468,148,qwen3vl2b_vllm,mmembed,e5_omni,0,0,0,0
1393,7:1394,composition_required,composition_required,multimodal_needed,Is two colors and less print and is black with grey stripe.,mbeir_images/fashioniq_images/B00CJHLQ3W.jpg,7:66811,2,340,204,lamra,qwen3vl8b_vllm,mmembed,5,0,0,0
1394,7:1395,unresolved,unresolved,multimodal_needed,Is blue and straight and is longer.,mbeir_images/fashioniq_images/B0032FOQUU.jpg,7:36998,31,90,737,e5_omni,e5_omni,,0,0,0,0
1397,7:1398,unresolved,unresolved,multimodal_needed,Is shorter and sexier with no sleeves and the dress is longer and less summery.,mbeir_images/fashioniq_images/B000BL6VJM.jpg,7:47008,7782,10941,6206,qwen3vl2b_vllm,mmembed,e5_omni,0,0,0,0
1398,7:1399,composition_required,composition_required,multimodal_needed,Has a white outline and ruffle bottom.,mbeir_images/fashioniq_images/B00AIBYV1K.jpg,7:4865,1,11,31,qwen3vl8b_vllm,gemini_embedding_2,mmembed,6,0,0,0
1399,7:1400,unresolved,unresolved,multimodal_needed,Has a longer skirt and more pleats and sleeveless and more two toned.,mbeir_images/fashioniq_images/B00DY3XR1O.jpg,7:39761,527,2857,967,vlm2vec_v2,e5_omni,vlm2vec_v2,0,0,0,0
1400,7:1401,unresolved,unresolved,multimodal_needed,Is less fitted and more ruffled and is pink and wider shouldered.,mbeir_images/fashioniq_images/B003ILG26E.jpg,7:1351,306,7199,827,gemini_embedding_2,voyage_multimodal_35,lamra,0,0,0,0
1402,7:1403,composition_required,composition_required,multimodal_needed,Shorter and pink with a bow on it and pink cold shoulder dress.,mbeir_images/fashioniq_images/B005NXMDTU.jpg,7:16901,4,56,476,gme_qwen2vl_retriever_2,gemini_embedding_2,gme_qwen2vl_retriever_2,2,0,0,0
1403,7:1404,composition_required,composition_required,multimodal_needed,Is black with short sleeves and is less revealing and darker.,mbeir_images/fashioniq_images/B00CBWGQVM.jpg,7:63302,4,138,215,lamra_qwen25vl,gemini_embedding_2,,3,0,0,0
1405,7:1406,unresolved,unresolved,multimodal_needed,Is all blue with lacy bottom and has shorter sleeves and a festive print.,mbeir_images/fashioniq_images/B00ELLYWL2.jpg,7:39797,144,9194,109,,lamra,gemini_embedding_2,0,0,0,0
1406,7:1407,unresolved,unresolved,multimodal_needed,Is longer with black and white prints and has a print with sections of black and white only without reds.,mbeir_images/fashioniq_images/B007Z24BC4.jpg,7:66907,97,597,452,gemini_embedding_2,gemini_embedding_2,rzen_embed,0,0,0,0
1408,7:1409,unresolved,unresolved,multimodal_needed,Is white and much more plain and is lighter in color.,mbeir_images/fashioniq_images/B003WT11KY.jpg,7:18205,90,2920,1500,mmembed,lamra_qwen25vl,mmembed,0,0,0,0
1410,7:1411,composition_required,composition_required,multimodal_needed,Is off-white and one length and is lacy and lighter in color.,mbeir_images/fashioniq_images/B00CN46SMU.jpg,7:10434,3,112,4662,lamra_qwen25vl,voyage_multimodal_35,mmembed,2,0,0,0
1411,7:1412,unresolved,unresolved,multimodal_needed,Is a bit longer and black and is less revealing and black.,mbeir_images/fashioniq_images/B008MZS5Y8.jpg,7:50837,99,885,384,vlm2vec_v2,qwen3vl8b_vllm,lamra_qwen25vl,0,0,0,0
1414,7:1415,unresolved,unresolved,multimodal_needed,Is solid black with ruffles and is darker colored with no sequins.,mbeir_images/fashioniq_images/B00466F2W0.jpg,7:24178,20,26,5916,lamra,gme_qwen2vl_retriever_2,lamra,0,0,0,0
1416,7:1417,unresolved,unresolved,multimodal_needed,Is more modern and less frilly and is red with black patterns.,mbeir_images/fashioniq_images/B008DH1ZEM.jpg,7:20669,39,14,20625,qwen3vl8b_vllm,qwen3vl8b_vllm,gme_qwen2vl_retriever_2,0,0,0,0
1417,7:1418,composition_required,composition_required,multimodal_needed,Is white and is white and more open.,mbeir_images/fashioniq_images/B00CQSPPLS.jpg,7:62355,3,913,152,lamra_qwen25vl,rzen_embed,lamra_qwen25vl,1,0,0,0
1419,7:1420,composition_required,composition_required,multimodal_needed,Is short and blue in color with shorter sleeves and is blue and knee length.,mbeir_images/fashioniq_images/B000BL6VJM.jpg,7:32624,2,55,2140,qwen3vl8b_vllm,lamra_qwen25vl,qwen3vl8b_vllm,4,0,0,0
1420,7:1421,composition_required,composition_required,multimodal_needed,High Low Dress Royal Blue Sheer Sleeves and is brighter in color.,mbeir_images/fashioniq_images/B00C7Z4VGU.jpg,7:64145,2,30,1667,lamra,qwen3vl8b_vllm,lamra_qwen25vl,4,0,0,0
1421,7:1422,unresolved,unresolved,multimodal_needed,Is longer and black and is much longer.,mbeir_images/fashioniq_images/B00CTT51MC.jpg,7:22703,102,438,3164,rzen_embed,gme_qwen2vl_retriever_2,vlm2vec_v2,0,0,0,0
1423,7:1424,composition_required,composition_required,multimodal_needed,Dress body con dress and has a cover over it and color is off.,mbeir_images/fashioniq_images/B003ILEHQG.jpg,7:46185,3,39,97,lamra_qwen25vl,lamra_qwen25vl,qwen3vl8b_vllm,3,0,0,0
1426,7:1427,composition_required,composition_required,multimodal_needed,Is longer and darker and is longer and animal print.,mbeir_images/fashioniq_images/B00428MWP2.jpg,7:32561,1,21,4779,gme_qwen2vl_retriever_2,lamra_qwen25vl,gemini_embedding_2,7,0,0,0
1427,7:1428,composition_required,composition_required,multimodal_needed,Is lighter and is white with slightly higher neckline.,mbeir_images/fashioniq_images/B007FG0AAM.jpg,7:52517,1,172,249,qwen3vl8b_vllm,gme_qwen2vl_retriever_2,,10,0,0,0
1428,7:1429,composition_required,composition_required,multimodal_needed,Is darker and not sleeveless and more black and less satin.,mbeir_images/fashioniq_images/B00EFE9MII.jpg,7:66972,1,354,161,lamra,gme_qwen2vl_retriever_2,gemini_embedding_2,6,0,0,0
1429,7:1430,unresolved,unresolved,multimodal_needed,Is lighter grey toned and is lighter in color.,mbeir_images/fashioniq_images/B005RYO18G.jpg,7:65034,31,1614,321,voyage_multimodal_35,voyage_multimodal_35,voyage_multimodal_35,0,0,0,0
1430,7:1431,unresolved,unresolved,multimodal_needed,Is a patterned short dress and short sleeves with pattern.,mbeir_images/fashioniq_images/B007FO27IW.jpg,7:59494,25,44,4057,qwen3vl2b_vllm,gemini_embedding_2,gme_qwen2vl_retriever_2,0,0,0,0
1431,7:1432,unresolved,unresolved,multimodal_needed,Is more form fitted with stripes and is less formal and striped.,mbeir_images/fashioniq_images/B006361ONM.jpg,7:46892,14,24,1312,lamra_qwen25vl,gme_qwen2vl_retriever_2,vlm2vec_v2,0,0,0,0
1432,7:1433,composition_required,composition_required,multimodal_needed,Is striped with asymmetrical hemline and has stripes.,mbeir_images/fashioniq_images/B00BTUXSYA.jpg,7:26505,1,48,2055,lamra_qwen25vl,qwen3vl8b_vllm,voyage_multimodal_35,8,0,0,0
1433,7:1434,unresolved,unresolved,multimodal_needed,Is shorter and ligther and is more pink and is shorter.,mbeir_images/fashioniq_images/B008TYS0C4.jpg,7:48598,16,134,1052,lamra_qwen25vl,qwen3vl8b_vllm,,0,0,0,0
1434,7:1435,unresolved,unresolved,multimodal_needed,Is shorter and shiner with no straps and is red and tight.,mbeir_images/fashioniq_images/B00A3PEX7S.jpg,7:69296,53,28,6981,lamra_qwen25vl,lamra_qwen25vl,voyage_multimodal_35,0,0,0,0
1435,7:1436,unresolved,unresolved,multimodal_needed,Is longer and more black and is more elegant and longer in length.,mbeir_images/fashioniq_images/B007FO27IW.jpg,7:65968,29,147,5574,voyage_multimodal_35,voyage_multimodal_35,e5_omni,0,0,0,0
1436,7:1437,unresolved,unresolved,multimodal_needed,Long sleeves and collar and is long sleeved and has collar.,mbeir_images/fashioniq_images/B005OOUCLE.jpg,7:27874,60,786,2926,lamra,vlm2vec_v2,,0,0,0,0
1437,7:1438,unresolved,unresolved,multimodal_needed,Has more sleeves and is tighter and is more fitted with longer sleeves and scoop neck.,mbeir_images/fashioniq_images/B00D4B6OI4.jpg,7:50039,130,37,983,mmembed,vlm2vec_v2,vlm2vec_v2,0,0,0,0
1439,7:1440,composition_required,composition_required,multimodal_needed,Is maroon with a ruffled top and is a dark red cowlneck and long sleeves.,mbeir_images/fashioniq_images/B005OOUCLE.jpg,7:46569,1,11,10563,lamra_qwen25vl,vlm2vec_v2,mmembed,7,0,0,0
1440,7:1441,composition_required,composition_required,multimodal_needed,Is a darker color and has a halter neckline and is black with spaghetti straps.,mbeir_images/fashioniq_images/B007IWOBBC.jpg,7:69915,1,37,58,gme_qwen2vl_retriever_2,gemini_embedding_2,e5_omni,8,0,0,0
1441,7:1442,unresolved,unresolved,multimodal_needed,Is sleeveless and shorter and is strapless and above the knee.,mbeir_images/fashioniq_images/B000BL6VJM.jpg,7:2991,28,80,1184,gme_qwen2vl_retriever_2,gme_qwen2vl_retriever_2,gme_qwen2vl_retriever_2,0,0,0,0
1442,7:1443,composition_required,composition_required,multimodal_needed,Has thicker sleeves and is more random.,mbeir_images/fashioniq_images/B007FDYS62.jpg,7:34494,3,1132,17,rzen_embed,vlm2vec_v2,rzen_embed,2,0,0,0
1443,7:1444,unresolved,unresolved,multimodal_needed,Is longer with solid black and thicker straps and is black with lace bottom.,mbeir_images/fashioniq_images/B00D9E1SSW.jpg,7:31458,144,718,3179,lamra_qwen25vl,lamra_qwen25vl,gemini_embedding_2,0,0,0,0
1444,7:1445,composition_required,composition_required,multimodal_needed,Has a more loose fit and long sleeves and has long sleeves.,mbeir_images/fashioniq_images/B00EJYPULM.jpg,7:6203,3,1801,236,lamra,lamra,vlm2vec_v2,4,0,0,0
1445,7:1446,composition_required,composition_required,multimodal_needed,Is white and black with cap sleeves and is black and white.,mbeir_images/fashioniq_images/B00B5VXRTO.jpg,7:71854,1,22,1290,lamra_qwen25vl,gme_qwen2vl_retriever_2,vlm2vec_v2,3,0,0,0
1446,7:1447,composition_required,composition_required,multimodal_needed,Is a darker shade and it is darker and more plain.,mbeir_images/fashioniq_images/B005JDB3UO.jpg,7:59951,9,6215,21,qwen3vl2b_vllm,rzen_embed,qwen3vl2b_vllm,2,0,0,0
1447,7:1448,unresolved,unresolved,multimodal_needed,Is black with short sleeves and is much shorter.,mbeir_images/fashioniq_images/B002Z7FWB8.jpg,7:56329,183,2665,3133,qwen3vl8b_vllm,qwen3vl8b_vllm,rzen_embed,0,0,0,0
1449,7:1450,unresolved,unresolved,multimodal_needed,Is pink in color and has shorter sleeves and is pink.,mbeir_images/fashioniq_images/B00CFYDMM2.jpg,7:27209,58,240,2625,vlm2vec_v2,rzen_embed,,0,0,0,0
1450,7:1451,unresolved,unresolved,multimodal_needed,Longer sleeved and print and has elbow length sleeves and a black print.,mbeir_images/fashioniq_images/B00CFXUI4S.jpg,7:64190,84,696,2106,rzen_embed,gemini_embedding_2,,0,0,0,0
1452,7:1453,unresolved,unresolved,multimodal_needed,Is tighter and shorter and one blue.,mbeir_images/fashioniq_images/B007KHTV24.jpg,7:40627,39,1869,529,e5_omni,vlm2vec_v2,e5_omni,0,0,0,0
1453,7:1454,composition_required,composition_required,multimodal_needed,Is dark blue with no patterns and is form fitting and short and is blue.,mbeir_images/fashioniq_images/B00BI5R31U.jpg,7:47048,1,60,4051,qwen3vl2b_vllm,vlm2vec_v2,,3,0,0,0
1454,7:1455,unresolved,unresolved,multimodal_needed,Is dark blue in color and is longer and is full length.,mbeir_images/fashioniq_images/B00BBOI64Q.jpg,7:51763,92,461,4893,lamra,lamra,vlm2vec_v2,0,0,0,0
1455,7:1456,unresolved,unresolved,multimodal_needed,Is shorter and more sexy and is more red and shorter.,mbeir_images/fashioniq_images/B007FWGBRW.jpg,7:16319,102,162,1317,gme_qwen2vl_retriever_2,mmembed,vlm2vec_v2,0,0,0,0
1456,7:1457,unresolved,unresolved,multimodal_needed,Has no straps and ruffled and no sleeves.,mbeir_images/fashioniq_images/B00GDSPIYQ.jpg,7:33962,13,72,158,lamra,lamra,e5_omni,0,0,0,0
1458,7:1459,unresolved,unresolved,multimodal_needed,Is shorter and more casual and thinner material and shorter skirt.,mbeir_images/fashioniq_images/B00DEP9CUW.jpg,7:68254,106,998,1662,lamra,mmembed,qwen3vl8b_vllm,0,0,0,0
1459,7:1460,unresolved,unresolved,multimodal_needed,Is black with white dots on it and sleeveless and has polkadots.,mbeir_images/fashioniq_images/B00CL0VWTA.jpg,7:14307,51,11,3108,mmembed,gemini_embedding_2,mmembed,0,0,0,0
1461,7:1462,composition_required,composition_required,multimodal_needed,Is teal and longer and is mint green.,mbeir_images/fashioniq_images/B005KMQQFQ.jpg,7:49807,1,13,25,gemini_embedding_2,mmembed,qwen3vl8b_vllm,10,0,0,0
1462,7:1463,unresolved,unresolved,multimodal_needed,Is less shiny and has sleeves and is not sleek and rubberized. Instead it is made of fabric.,mbeir_images/fashioniq_images/B006UT2TPY.jpg,7:51786,635,3044,1641,rzen_embed,,gme_qwen2vl_retriever_2,0,0,0,0
1463,7:1464,unresolved,unresolved,multimodal_needed,Has one sleeve and is pink and is much lighter in color.,mbeir_images/fashioniq_images/B007OX0MXG.jpg,7:50355,150,350,4065,qwen3vl8b_vllm,gme_qwen2vl_retriever_2,,0,0,0,0
1464,7:1465,unresolved,unresolved,multimodal_needed,Is less striped with longer sleeves and is one-toned and longer.,mbeir_images/fashioniq_images/B006DYG6PA.jpg,7:28475,116,6816,1429,lamra_qwen25vl,lamra,vlm2vec_v2,0,0,0,0
1465,7:1466,unresolved,unresolved,multimodal_needed,Looser and has longer sleeves and has much shorter sleeves.,mbeir_images/fashioniq_images/B008GQ3H50.jpg,7:70153,1323,13155,2247,voyage_multimodal_35,vlm2vec_v2,qwen3vl8b_vllm,0,0,0,0
1466,7:1467,composition_required,composition_required,multimodal_needed,Is solid black and is not as tight.,mbeir_images/fashioniq_images/B004LVNVDC.jpg,7:60620,5,80,12,lamra_qwen25vl,rzen_embed,voyage_multimodal_35,1,0,0,0
1467,7:1468,composition_required,composition_required,multimodal_needed,Is red and has a laced bottom and less black and more plain.,mbeir_images/fashioniq_images/B00EEERGP0.jpg,7:12232,4,102,259,lamra,lamra_qwen25vl,,5,0,0,0
1468,7:1469,unresolved,unresolved,multimodal_needed,Is black and short length and shorter and darker.,mbeir_images/fashioniq_images/B007WAETMG.jpg,7:44970,11,81,536,lamra_qwen25vl,e5_omni,lamra_qwen25vl,0,0,0,0
1469,7:1470,unresolved,unresolved,multimodal_needed,Is strapless in a lighter color and is more revealing.,mbeir_images/fashioniq_images/B007959ZSW.jpg,7:12786,520,38,5900,lamra,voyage_multimodal_35,lamra_qwen25vl,0,0,0,0
1470,7:1471,unresolved,unresolved,multimodal_needed,Is shinier and shorter and is cream colored and fitted.,mbeir_images/fashioniq_images/B00E3HDPMQ.jpg,7:29601,55,54,2207,rzen_embed,rzen_embed,rzen_embed,0,0,0,0
1473,7:1474,unresolved,unresolved,multimodal_needed,Is more sexy and redder and is more of a red color.,mbeir_images/fashioniq_images/B00A7049XW.jpg,7:2018,59,139,410,lamra,lamra_qwen25vl,gme_qwen2vl_retriever_2,0,0,0,0
1474,7:1475,composition_required,composition_required,multimodal_needed,Is shorter with sheer prints and is more revealing and shorter.,mbeir_images/fashioniq_images/B007HCAEKU.jpg,7:51469,1,26,359,lamra,lamra_qwen25vl,vlm2vec_v2,4,0,0,0
1476,7:1477,composition_required,composition_required,multimodal_needed,Is short sleeved and black with pink outline and is less revealing and more has shorter sleeves.,mbeir_images/fashioniq_images/B00DWPDCGY.jpg,7:14460,1,46,354,gemini_embedding_2,gemini_embedding_2,mmembed,4,0,0,0
1477,7:1478,composition_required,composition_required,multimodal_needed,Has narrower straps and is less dressy and is lighter colored.,mbeir_images/fashioniq_images/B009PXRLIW.jpg,7:35386,8,68,667,voyage_multimodal_35,e5_omni,gme_qwen2vl_retriever_2,1,0,0,0
1479,7:1480,composition_required,composition_required,multimodal_needed,And v-necked and is red and square neck line.,mbeir_images/fashioniq_images/B00DR3TPIA.jpg,7:59876,9,11,1053,qwen3vl2b_vllm,rzen_embed,voyage_multimodal_35,1,0,0,0
1480,7:1481,unresolved,unresolved,multimodal_needed,Longer and is black with straps.,mbeir_images/fashioniq_images/B008DH1ZEM.jpg,7:11648,691,620,10659,vlm2vec_v2,gme_qwen2vl_retriever_2,qwen3vl8b_vllm,0,0,0,0
1481,7:1482,unresolved,unresolved,multimodal_needed,Is darker in colour with no sleeves and is shorter and dark.,mbeir_images/fashioniq_images/B008H86H1I.jpg,7:46495,83,573,1703,lamra_qwen25vl,qwen3vl8b_vllm,lamra_qwen25vl,0,0,0,0
1486,7:1487,composition_required,composition_required,multimodal_needed,Is shorter with thin straps and white with red and is shorter.,mbeir_images/fashioniq_images/B0099DCINQ.jpg,7:16939,1,15,52,gemini_embedding_2,gemini_embedding_2,mmembed,9,0,0,0
1487,7:1488,unresolved,unresolved,multimodal_needed,Is black and longer and leopard print designs and black belt stripe.,mbeir_images/fashioniq_images/B00766RTT6.jpg,7:70154,3310,1254,17826,mmembed,voyage_multimodal_35,mmembed,0,0,0,0
1488,7:1489,unresolved,unresolved,multimodal_needed,Is shorter and lighter colored and is white and shorter in length.,mbeir_images/fashioniq_images/B00CY90TWE.jpg,7:66462,70,204,4771,mmembed,lamra_qwen25vl,voyage_multimodal_35,0,0,0,0
1490,7:1491,unresolved,unresolved,multimodal_needed,Is more revealing orange and is more complex in red.,mbeir_images/fashioniq_images/B0090NZVZC.jpg,7:52629,22,106,2042,vlm2vec_v2,vlm2vec_v2,mmembed,0,0,0,0
1491,7:1492,unresolved,unresolved,multimodal_needed,Is a half sleeved dress and has a peach and black skirt.,mbeir_images/fashioniq_images/B004RDQ97O.jpg,7:34475,1061,12585,934,,vlm2vec_v2,vlm2vec_v2,0,0,0,0
1494,7:1495,unresolved,unresolved,multimodal_needed,Longer and more revealing and is longer and has no sleeves.,mbeir_images/fashioniq_images/B00BBXX6LU.jpg,7:43810,235,171,3884,lamra_qwen25vl,lamra,mmembed,0,0,0,0
1495,7:1496,unresolved,unresolved,multimodal_needed,Has a falling neck and is shorter and different color.,mbeir_images/fashioniq_images/B008VJ0Q2Y.jpg,7:18262,853,428,4712,lamra,gemini_embedding_2,mmembed,0,0,0,0
1496,7:1497,composition_required,composition_required,multimodal_needed,Is more colorful and more floral and the dress rests lower with no straps and has floral and dark colors.,mbeir_images/fashioniq_images/B00F2MA1FK.jpg,7:35908,6,37,4069,mmembed,mmembed,qwen3vl2b_vllm,1,0,0,0
1497,7:1498,unresolved,unresolved,multimodal_needed,Is longer and less revealing and is full length.,mbeir_images/fashioniq_images/B005JDB3UO.jpg,7:62354,1599,409,9287,qwen3vl8b_vllm,lamra,qwen3vl8b_vllm,0,0,0,0
1498,7:1499,unresolved,unresolved,multimodal_needed,With vneck and tight fit and has no sleeves and is yellow white colored.,mbeir_images/fashioniq_images/B00C01N5K4.jpg,7:73146,649,979,10602,mmembed,vlm2vec_v2,,0,0,0,0
1499,7:1500,unresolved,unresolved,multimodal_needed,Has floral prints and is printed and shiny.,mbeir_images/fashioniq_images/B00AXX83YE.jpg,7:20775,261,241,3846,qwen3vl8b_vllm,rzen_embed,qwen3vl8b_vllm,0,0,0,0
1500,7:1501,unresolved,unresolved,multimodal_needed,A lot longer with no straps and is less black.,mbeir_images/fashioniq_images/B00D75WT4U.jpg,7:11894,57,261,9217,lamra,lamra,lamra,0,0,0,0
1502,7:1503,unresolved,unresolved,multimodal_needed,Is black and tighter and is black.,mbeir_images/fashioniq_images/B009CCW1XG.jpg,7:7018,28,357,1183,lamra,vlm2vec_v2,e5_omni,0,0,0,0
1504,7:1505,composition_required,composition_required,multimodal_needed,Is mostly black and is black instead of green.,mbeir_images/fashioniq_images/B00DDX15TG.jpg,7:73331,5,2986,11,e5_omni,qwen3vl8b_vllm,voyage_multimodal_35,9,0,0,0
1505,7:1506,unresolved,unresolved,multimodal_needed,Is black and has longer sleeves.,mbeir_images/fashioniq_images/B009HIH1S0.jpg,7:23597,1783,180,18257,gemini_embedding_2,gemini_embedding_2,gemini_embedding_2,0,0,0,0
1506,7:1507,composition_required,composition_required,multimodal_needed,Has a belt and chevron pattern and is more revealing and has a belt.,mbeir_images/fashioniq_images/B007RB7IJG.jpg,7:15137,1,15,26,rzen_embed,gemini_embedding_2,gme_qwen2vl_retriever_2,6,0,0,0
1507,7:1508,composition_required,composition_required,multimodal_needed,Has a v neck and is red and red and more revealing.,mbeir_images/fashioniq_images/B008006CXG.jpg,7:28046,3,126,3252,mmembed,rzen_embed,,4,0,0,0
1508,7:1509,unresolved,unresolved,multimodal_needed,Has longer sleeves and has longer sleeves.,mbeir_images/fashioniq_images/B0092PKPKE.jpg,7:59403,529,1401,2826,lamra_qwen25vl,vlm2vec_v2,e5_omni,0,0,0,0
1510,7:1511,unresolved,unresolved,multimodal_needed,Has red and beige strips and it is one piece and has a shorter sleeve.,mbeir_images/fashioniq_images/B005YB2S5K.jpg,7:52923,15,35,3535,rzen_embed,qwen3vl2b_vllm,qwen3vl8b_vllm,0,0,0,0
1511,7:1512,composition_required,composition_required,multimodal_needed,Is longer and lighter and has long sleeves and brighter blue.,mbeir_images/fashioniq_images/B008G0ERA0.jpg,7:49888,1,38,495,lamra,gemini_embedding_2,rzen_embed,6,0,0,0
1513,7:1514,unresolved,unresolved,multimodal_needed,Is sleeveless and longer.,mbeir_images/fashioniq_images/B009TM8IG8.jpg,7:54054,74,137,1106,qwen3vl8b_vllm,gemini_embedding_2,vlm2vec_v2,0,0,0,0
1514,7:1515,unresolved,unresolved,multimodal_needed,Blue and less print and is blue and strapless.,mbeir_images/fashioniq_images/B00AA6F0GI.jpg,7:36890,1533,4260,206,lamra_qwen25vl,mmembed,gme_qwen2vl_retriever_2,0,0,0,0
1515,7:1516,composition_required,composition_required,multimodal_needed,Is a darker shade of pink and is darker.,mbeir_images/fashioniq_images/B00BYHHYCA.jpg,7:34354,2,41,31,rzen_embed,gme_qwen2vl_retriever_2,gme_qwen2vl_retriever_2,4,0,0,0
1517,7:1518,composition_required,composition_required,multimodal_needed,Has floral pattern and more casual and is printer and has thin straps.,mbeir_images/fashioniq_images/B005278U3U.jpg,7:9814,6,77,868,e5_omni,e5_omni,gme_qwen2vl_retriever_2,2,0,0,0
1518,7:1519,composition_required,composition_required,multimodal_needed,Lacy and is coral with white color and shorter.,mbeir_images/fashioniq_images/B00B4GJODI.jpg,7:29567,4,27,954,qwen3vl8b_vllm,gemini_embedding_2,,1,0,0,0
1519,7:1520,unresolved,unresolved,multimodal_needed,Is black with white stripes and is black and red.,mbeir_images/fashioniq_images/B004EPXWK2.jpg,7:50372,52,534,575,qwen3vl8b_vllm,mmembed,lamra,0,0,0,0
1522,7:1523,unresolved,unresolved,multimodal_needed,More red and is red and has 2 straps.,mbeir_images/fashioniq_images/B0087PLHB6.jpg,7:55581,123,164,4178,lamra,e5_omni,qwen3vl8b_vllm,0,0,0,0
1527,7:1528,composition_required,composition_required,multimodal_needed,Has a light purple color and is in pink without a v neck.,mbeir_images/fashioniq_images/B009HMQOP2.jpg,7:14354,1,49,130,lamra,lamra,gemini_embedding_2,8,0,0,0
1528,7:1529,unresolved,unresolved,multimodal_needed,With a floral pattern and red with deeper v neck.,mbeir_images/fashioniq_images/B005VTJH4K.jpg,7:46844,131,202,2322,voyage_multimodal_35,gemini_embedding_2,voyage_multimodal_35,0,0,0,0
1529,7:1530,unresolved,unresolved,multimodal_needed,Is shorter and orange and is a shorter dress and orange color.,mbeir_images/fashioniq_images/B004U8YYZU.jpg,7:53694,79,183,2376,voyage_multimodal_35,voyage_multimodal_35,e5_omni,0,0,0,0
1530,7:1531,unresolved,unresolved,multimodal_needed,Is longer and blue floral and blue and white with longer skirt.,mbeir_images/fashioniq_images/B00B3Y6GNM.jpg,7:67305,25,58,8630,lamra_qwen25vl,qwen3vl2b_vllm,,0,0,0,0
1531,7:1532,composition_required,composition_required,multimodal_needed,Has one shorter sleeve and a defined waist and has a lighter print and spaghetti strap on one side.,mbeir_images/fashioniq_images/B00EPC5D10.jpg,7:49920,1,41,22,lamra_qwen25vl,gemini_embedding_2,mmembed,9,0,0,0
1532,7:1533,unresolved,unresolved,multimodal_needed,Is solid black with sleeves and longer sleeves.,mbeir_images/fashioniq_images/B00BG4M4BM.jpg,7:65993,1178,6271,1347,gemini_embedding_2,voyage_multimodal_35,qwen3vl8b_vllm,0,0,0,0
1533,7:1534,unresolved,unresolved,multimodal_needed,Has lace at the top part and has no racerback straps.,mbeir_images/fashioniq_images/B005644KAG.jpg,7:48549,144,879,51,voyage_multimodal_35,voyage_multimodal_35,voyage_multimodal_35,0,0,0,0
1534,7:1535,unresolved,unresolved,multimodal_needed,Short white dress and is more white with no sleeves.,mbeir_images/fashioniq_images/B0030EHJCU.jpg,7:20519,16,20,1444,voyage_multimodal_35,gemini_embedding_2,voyage_multimodal_35,0,0,0,0
1536,7:1537,unresolved,unresolved,multimodal_needed,Is darker and longer and is more red with a longer skirt.,mbeir_images/fashioniq_images/B0036ME5BE.jpg,7:70928,93,185,9963,mmembed,lamra,,0,0,0,0
1537,7:1538,unresolved,unresolved,multimodal_needed,Looser and colorful and has more colors in it.,mbeir_images/fashioniq_images/B0059817JQ.jpg,7:32790,149,3021,593,voyage_multimodal_35,mmembed,qwen3vl8b_vllm,0,0,0,0
1539,7:1540,unresolved,unresolved,multimodal_needed,Shorter sleeve and shorter skirt and pink.,mbeir_images/fashioniq_images/B00DSSIGXO.jpg,7:57612,3530,11780,3914,lamra,gme_qwen2vl_retriever_2,gme_qwen2vl_retriever_2,0,0,0,0
1540,7:1541,unresolved,unresolved,multimodal_needed,Is solid black and is black.,mbeir_images/fashioniq_images/B00EXMSRW4.jpg,7:32732,199,738,746,qwen3vl8b_vllm,e5_omni,qwen3vl8b_vllm,0,0,0,0
1542,7:1543,unresolved,unresolved,multimodal_needed,Is solid blue and is black.,mbeir_images/fashioniq_images/B00CJRV3Z8.jpg,7:35713,174,755,3583,mmembed,gemini_embedding_2,mmembed,0,0,0,0
1543,7:1544,composition_required,composition_required,multimodal_needed,Is darker and strapless and is black and long.,mbeir_images/fashioniq_images/B005SGZXTY.jpg,7:66726,1,27,1680,gme_qwen2vl_retriever_2,lamra_qwen25vl,,7,0,0,0
1545,7:1546,unresolved,unresolved,multimodal_needed,Is dark blue with a low necklne and is brighter in color.,mbeir_images/fashioniq_images/B007B2HS78.jpg,7:20668,437,215,3050,lamra_qwen25vl,qwen3vl8b_vllm,lamra,0,0,0,0
1546,7:1547,unresolved,unresolved,multimodal_needed,Has long sleeves and is black and is black with long sleeves.,mbeir_images/fashioniq_images/B006YNDYF0.jpg,7:73060,161,500,3106,lamra,vlm2vec_v2,,0,0,0,0
1547,7:1548,unresolved,unresolved,multimodal_needed,Is shorter and has no sleeves and is shorter and sleeveless.,mbeir_images/fashioniq_images/B000NB1FAU.jpg,7:51197,388,542,2170,voyage_multimodal_35,voyage_multimodal_35,,0,0,0,0
1548,7:1549,unresolved,unresolved,multimodal_needed,Is more revealing and darker and is darker.,mbeir_images/fashioniq_images/B0063BBIEM.jpg,7:22693,393,312,537,mmembed,gme_qwen2vl_retriever_2,mmembed,0,0,0,0
1549,7:1550,unresolved,unresolved,multimodal_needed,Has longer sleeves and less revealing and is silver with sleeves.,mbeir_images/fashioniq_images/B00FFDZT8K.jpg,7:27437,296,219,5842,qwen3vl2b_vllm,,,0,0,0,0
1550,7:1551,unresolved,unresolved,multimodal_needed,Is more casual and more western style with fit and flare.,mbeir_images/fashioniq_images/B00BJGW386.jpg,7:55682,2848,225,4365,qwen3vl8b_vllm,gemini_embedding_2,lamra_qwen25vl,0,0,0,0
1551,7:1552,unresolved,unresolved,multimodal_needed,Is more revealing and is black with a shiny look.,mbeir_images/fashioniq_images/B00B8QSAY8.jpg,7:51216,42,107,2953,lamra_qwen25vl,gme_qwen2vl_retriever_2,voyage_multimodal_35,0,0,0,0
1552,7:1553,composition_required,composition_required,multimodal_needed,White and more rounded and is more flowing and white.,mbeir_images/fashioniq_images/B008Z1TX2M.jpg,7:32006,2,180,2738,rzen_embed,voyage_multimodal_35,,1,0,0,0
1553,7:1554,unresolved,unresolved,multimodal_needed,Is solid black and shorter and is black and more fitted.,mbeir_images/fashioniq_images/B005WQCHPI.jpg,7:66203,32,418,4537,vlm2vec_v2,rzen_embed,,0,0,0,0
1555,7:1556,composition_required,composition_required,multimodal_needed,Is brighter and more revealing and is pink with puffy sleeves and more flowy.,mbeir_images/fashioniq_images/B009AUQVS6.jpg,7:32716,1,24,44,gemini_embedding_2,gemini_embedding_2,voyage_multimodal_35,11,0,0,0
1556,7:1557,composition_required,composition_required,multimodal_needed,Is a lighter color and is in a lighter yellow color.,mbeir_images/fashioniq_images/B0083QFE0Y.jpg,7:14506,8,353,1774,e5_omni,e5_omni,voyage_multimodal_35,1,0,0,0
1557,7:1558,composition_required,composition_required,multimodal_needed,Is peach with white collar and pink and more flowing.,mbeir_images/fashioniq_images/B00BUVAI5K.jpg,7:43871,6,813,448,gemini_embedding_2,qwen3vl8b_vllm,vlm2vec_v2,1,0,0,0
1559,7:1560,unresolved,unresolved,multimodal_needed,Has a bright floral pattern and is less shiney.,mbeir_images/fashioniq_images/B0033UVILO.jpg,7:27781,109,2756,568,rzen_embed,gemini_embedding_2,mmembed,0,0,0,0
1560,7:1561,composition_required,composition_required,multimodal_needed,Is black and white striped and is sleeveless and is striped and has thin straps.,mbeir_images/fashioniq_images/B00DP6RHIO.jpg,7:27032,10,14,15797,rzen_embed,gemini_embedding_2,,1,0,0,0
1561,7:1562,unresolved,unresolved,multimodal_needed,Is solid black with no sleeves and is sleeveless and black.,mbeir_images/fashioniq_images/B007678MDM.jpg,7:55875,13,19,3180,voyage_multimodal_35,vlm2vec_v2,e5_omni,0,0,0,0
1562,7:1563,composition_required,composition_required,multimodal_needed,Is light blue with halter straps and is strapless and longer.,mbeir_images/fashioniq_images/B007XD4IMS.jpg,7:35976,3,78,2005,lamra_qwen25vl,gemini_embedding_2,mmembed,3,0,0,0
1564,7:1565,unresolved,unresolved,multimodal_needed,Is more intimate and cami and has no pink in it.,mbeir_images/fashioniq_images/B004DTTRA8.jpg,7:21877,273,497,756,lamra_qwen25vl,lamra,gme_qwen2vl_retriever_2,0,0,0,0
1566,7:1567,composition_required,composition_required,multimodal_needed,More pink and strapless and is pink with no straps.,mbeir_images/fashioniq_images/B008PG0SOO.jpg,7:23394,3,45,497,lamra,voyage_multimodal_35,mmembed,4,0,0,0
1567,7:1568,unresolved,unresolved,multimodal_needed,Has longer sleeves and light blue and is purple with no sleeves.,mbeir_images/fashioniq_images/B00AKB3VPA.jpg,7:34151,44,67,3912,qwen3vl8b_vllm,vlm2vec_v2,,0,0,0,0
1568,7:1569,unresolved,unresolved,multimodal_needed,Shorter and more exotic and is shorter and is a shinier material.,mbeir_images/fashioniq_images/B007M8PCAQ.jpg,7:20978,159,23,3149,mmembed,qwen3vl8b_vllm,mmembed,0,0,0,0
1569,7:1570,composition_required,composition_required,multimodal_needed,Has a patterened bottom and has white and green and a patterned bottom.,mbeir_images/fashioniq_images/B0088Y02XA.jpg,7:45077,1,14,1135,gemini_embedding_2,mmembed,qwen3vl8b_vllm,7,0,0,0
1570,7:1571,unresolved,unresolved,multimodal_needed,Is brighter and less revealing and the desired product is a completely different style than the provided product.,mbeir_images/fashioniq_images/B005KOYZWU.jpg,7:55739,1837,2544,2245,voyage_multimodal_35,voyage_multimodal_35,,0,0,0,0
1572,7:1573,unresolved,unresolved,multimodal_needed,Is more western and is more revealing and short.,mbeir_images/fashioniq_images/B0066CUZ6A.jpg,7:72666,76,6573,296,qwen3vl2b_vllm,qwen3vl8b_vllm,rzen_embed,0,0,0,0
1573,7:1574,unresolved,unresolved,multimodal_needed,Is sleeveless and is black and more revealing.,mbeir_images/fashioniq_images/B007WAFYU2.jpg,7:50139,246,502,1686,mmembed,mmembed,qwen3vl2b_vllm,0,0,0,0
1574,7:1575,unresolved,unresolved,multimodal_needed,Is black and sexy and is darker and less patterned.,mbeir_images/fashioniq_images/B008P3DTZC.jpg,7:42356,219,468,2397,voyage_multimodal_35,voyage_multimodal_35,lamra,0,0,0,0
1578,7:1579,unresolved,unresolved,multimodal_needed,Is a long maxi dress and is more formal and less revealing.,mbeir_images/fashioniq_images/B004Q9T840.jpg,7:72985,14,341,321,rzen_embed,voyage_multimodal_35,mmembed,0,0,0,0
1579,7:1580,unresolved,unresolved,multimodal_needed,Black and sexier and a darker colored dress with no straps.,mbeir_images/fashioniq_images/B005VZ8MWC.jpg,7:66787,38,37,27,voyage_multimodal_35,vlm2vec_v2,e5_omni,0,0,0,0
1580,7:1581,unresolved,unresolved,multimodal_needed,Has no straps and has more green.,mbeir_images/fashioniq_images/B0084Y6UQC.jpg,7:50348,23,71,3041,lamra,qwen3vl2b_vllm,lamra_qwen25vl,0,0,0,0
1581,7:1582,composition_required,composition_required,multimodal_needed,More blue and white and is v necked nd darker.,mbeir_images/fashioniq_images/B008PRJ394.jpg,7:50250,3,493,941,qwen3vl8b_vllm,qwen3vl8b_vllm,qwen3vl8b_vllm,1,0,0,0
1582,7:1583,unresolved,unresolved,multimodal_needed,Short and is long sleeved and black and more white.,mbeir_images/fashioniq_images/B00D83ENMC.jpg,7:62843,16,42,358,qwen3vl8b_vllm,rzen_embed,vlm2vec_v2,0,0,0,0
1583,7:1584,unresolved,unresolved,multimodal_needed,Has straps on both shoulders and is more flowing and darker.,mbeir_images/fashioniq_images/B007SYWE00.jpg,7:14484,198,1104,3250,lamra,gemini_embedding_2,lamra,0,0,0,0
1584,7:1585,unresolved,unresolved,multimodal_needed,Has spaghetti straps with halter top and is longer and a haler.,mbeir_images/fashioniq_images/B00ED49C12.jpg,7:10509,60,59,1192,qwen3vl2b_vllm,rzen_embed,lamra_qwen25vl,0,0,0,0
1585,7:1586,composition_required,composition_required,multimodal_needed,Is longer and is long and has a blue and white pattern.,mbeir_images/fashioniq_images/B009OCNXE0.jpg,7:4730,5,15,12162,qwen3vl8b_vllm,gemini_embedding_2,e5_omni,1,0,0,0
1586,7:1587,composition_required,composition_required,multimodal_needed,Is flowy and has thin straps and is longer and lighter colored.,mbeir_images/fashioniq_images/B003YYRKSE.jpg,7:22642,7,80,237,lamra_qwen25vl,lamra_qwen25vl,mmembed,1,0,0,0
1587,7:1588,composition_required,composition_required,multimodal_needed,Has more polka dots and is darker and shinier and pleather.,mbeir_images/fashioniq_images/B0038KR31I.jpg,7:37141,2,13,423,voyage_multimodal_35,voyage_multimodal_35,voyage_multimodal_35,1,0,0,0
1588,7:1589,composition_required,composition_required,multimodal_needed,Is sexier and less revealing and is darker colored black.,mbeir_images/fashioniq_images/B00AFV75CU.jpg,7:41756,1,828,19,gme_qwen2vl_retriever_2,e5_omni,,3,0,0,0
1590,7:1591,composition_required,composition_required,multimodal_needed,Is a more solid color and shorter and is much shorter.,mbeir_images/fashioniq_images/B008HSGOKC.jpg,7:4914,9,3245,130,lamra,lamra_qwen25vl,gemini_embedding_2,1,0,0,0
1591,7:1592,composition_required,composition_required,multimodal_needed,Has horizontal stripes and is white with black stripes.,mbeir_images/fashioniq_images/B00ARFW8JE.jpg,7:66930,1,30,201,lamra,vlm2vec_v2,gemini_embedding_2,8,0,0,0
1593,7:1594,composition_required,composition_required,multimodal_needed,Has thin straps and is more elegant and more frilly.,mbeir_images/fashioniq_images/B00E9QQU46.jpg,7:4994,3,111,43,gemini_embedding_2,e5_omni,voyage_multimodal_35,1,0,0,0
1596,7:1597,unresolved,unresolved,multimodal_needed,Higher neck line more colored blocked and has longer sleeves and darker colors.,mbeir_images/fashioniq_images/B003VXVGRY.jpg,7:67597,33,261,266,qwen3vl8b_vllm,gemini_embedding_2,,0,0,0,0
1597,7:1598,unresolved,unresolved,multimodal_needed,Is a sleeveless white and blue dress and is strapless and blue.,mbeir_images/fashioniq_images/B00BBXX6LU.jpg,7:1856,194,1362,438,gemini_embedding_2,gme_qwen2vl_retriever_2,qwen3vl8b_vllm,0,0,0,0
1598,7:1599,unresolved,unresolved,multimodal_needed,Is longer and orange in color and is longer and has a higher split.,mbeir_images/fashioniq_images/B008MNM7Y4.jpg,7:40524,21,21,3812,lamra,lamra,,0,0,0,0
1599,7:1600,composition_required,composition_required,multimodal_needed,Is more casual and has long-sleeves and is pink and casual.,mbeir_images/fashioniq_images/B009K7C2CS.jpg,7:67975,1,191,11463,lamra_qwen25vl,lamra,lamra_qwen25vl,2,0,0,0
1600,7:1601,unresolved,unresolved,multimodal_needed,Is solid red and shorter and has shorter sleeves and more revealing.,mbeir_images/fashioniq_images/B00715FFX4.jpg,7:64648,17,179,518,voyage_multimodal_35,gemini_embedding_2,vlm2vec_v2,0,0,0,0
1602,7:1603,unresolved,unresolved,multimodal_needed,This dress is a lighter color and has a pattern and is longer and lighter in color.,mbeir_images/fashioniq_images/B00DZUQHSQ.jpg,7:3027,125,96,6815,lamra_qwen25vl,voyage_multimodal_35,lamra_qwen25vl,0,0,0,0
1603,7:1604,unresolved,unresolved,multimodal_needed,Blue and short and is blue.,mbeir_images/fashioniq_images/B0058BPMPO.jpg,7:4480,78,78,2630,mmembed,gme_qwen2vl_retriever_2,qwen3vl2b_vllm,0,0,0,0
1604,7:1605,composition_required,composition_required,multimodal_needed,Is more subdued and is white instead of pink.,mbeir_images/fashioniq_images/B00G1ZZDL4.jpg,7:15463,1,336,41,rzen_embed,rzen_embed,e5_omni,8,0,0,0
1606,7:1607,unresolved,unresolved,multimodal_needed,Is red and not flowy and is more form fitting.,mbeir_images/fashioniq_images/B00CGY6RJ6.jpg,7:14994,22,11,3548,lamra_qwen25vl,vlm2vec_v2,,0,0,0,0
1608,7:1609,unresolved,unresolved,multimodal_needed,Has a v shaped neck with no sleeves and is sleeveless and less form fitting.,mbeir_images/fashioniq_images/B00GP5TL6I.jpg,7:23802,195,5491,605,voyage_multimodal_35,qwen3vl2b_vllm,mmembed,0,0,0,0
1609,7:1610,composition_required,composition_required,multimodal_needed,Is darker and has longer sleeves and is more flowing and blue.,mbeir_images/fashioniq_images/B002TXI512.jpg,7:1387,3,239,242,lamra,vlm2vec_v2,qwen3vl8b_vllm,3,0,0,0
1610,7:1611,composition_required,composition_required,multimodal_needed,Pink and black 3/4 sleeved dress and one shouldered and is much longer.,mbeir_images/fashioniq_images/B007ZOGQIO.jpg,7:486,7,110,308,e5_omni,voyage_multimodal_35,,1,0,0,0
1611,7:1612,composition_required,composition_required,multimodal_needed,Is v neck and black and white print and it is more monochromatic and less flowery.,mbeir_images/fashioniq_images/B004HSN6W0.jpg,7:63552,1,12,700,mmembed,mmembed,lamra,6,0,0,0
1612,7:1613,unresolved,unresolved,multimodal_needed,Is shorter with a striped skirt and the skirt has more white.,mbeir_images/fashioniq_images/B008YF4VAS.jpg,7:43835,531,29,4315,voyage_multimodal_35,rzen_embed,lamra,0,0,0,0
1614,7:1615,composition_required,composition_required,multimodal_needed,Is darker and is black with no patterns.,mbeir_images/fashioniq_images/B009NW4TW6.jpg,7:67426,5,127,135,lamra,qwen3vl2b_vllm,,3,0,0,0
1616,7:1617,composition_required,composition_required,multimodal_needed,Is darker with a tighter fitted skirt and fitted.,mbeir_images/fashioniq_images/B0029YQQYE.jpg,7:62985,9,221,187,lamra_qwen25vl,mmembed,qwen3vl8b_vllm,1,0,0,0
1617,7:1618,composition_required,composition_required,multimodal_needed,Is lighter and more fitted and is a lighter color.,mbeir_images/fashioniq_images/B008QW7GOW.jpg,7:4226,1,1021,1285,lamra_qwen25vl,gemini_embedding_2,gemini_embedding_2,2,0,0,0
1619,7:1620,unresolved,unresolved,multimodal_needed,Is shorter is chevron print and has a striped print and shorter skirt.,mbeir_images/fashioniq_images/B005I63HRY.jpg,7:11984,50,162,312,e5_omni,lamra_qwen25vl,vlm2vec_v2,0,0,0,0
1621,7:1622,composition_required,composition_required,multimodal_needed,Is an off shoulder floral dress and has a blue coloring to the floral aspect and one strap.,mbeir_images/fashioniq_images/B003TLO3R8.jpg,7:54868,1,16,421,lamra,qwen3vl8b_vllm,mmembed,5,0,0,0
1623,7:1624,composition_required,composition_required,multimodal_needed,Has a different pattern and a different neckline and is a little longer and more filled.,mbeir_images/fashioniq_images/B006Q6E4FO.jpg,7:34576,7,502,50,vlm2vec_v2,lamra,rzen_embed,1,0,0,0
1625,7:1626,unresolved,unresolved,multimodal_needed,Is a short skirt with brown and is lighter and fluffier.,mbeir_images/fashioniq_images/B00CTT41D2.jpg,7:29652,273,8523,25,e5_omni,qwen3vl2b_vllm,vlm2vec_v2,0,0,0,0
1626,7:1627,unresolved,unresolved,multimodal_needed,Is longer and lighter and is white and has longer sleeves.,mbeir_images/fashioniq_images/B00DHD5322.jpg,7:38052,12,87,10258,qwen3vl2b_vllm,vlm2vec_v2,gemini_embedding_2,0,0,0,0
1628,7:1629,unresolved,unresolved,multimodal_needed,Is strapless and black and is black and short.,mbeir_images/fashioniq_images/B00FABRB4M.jpg,7:66800,139,53,4276,gme_qwen2vl_retriever_2,lamra_qwen25vl,gme_qwen2vl_retriever_2,0,0,0,0
1632,7:1633,unresolved,unresolved,multimodal_needed,Is darker color and sleeveless and is more colorful and has shorter sleeves.,mbeir_images/fashioniq_images/B006TALF54.jpg,7:24137,23,930,463,mmembed,gemini_embedding_2,gemini_embedding_2,0,0,0,0
1633,7:1634,unresolved,unresolved,multimodal_needed,Is a lighter color and is sleeveless and is shorter.,mbeir_images/fashioniq_images/B00DG7SOTS.jpg,7:61365,173,577,2736,gme_qwen2vl_retriever_2,gme_qwen2vl_retriever_2,,0,0,0,0
1634,7:1635,unresolved,unresolved,multimodal_needed,Is more white and is white and dull.,mbeir_images/fashioniq_images/B004P67ZYE.jpg,7:7158,350,590,17267,lamra,rzen_embed,gemini_embedding_2,0,0,0,0
1635,7:1636,unresolved,unresolved,multimodal_needed,Has longer lace sleves and higher at neck and is brighter.,mbeir_images/fashioniq_images/B00ASI7TQM.jpg,7:72768,1106,391,3392,mmembed,vlm2vec_v2,lamra,0,0,0,0
1637,7:1638,unresolved,unresolved,multimodal_needed,Has a solid color and is black with short sleeves.,mbeir_images/fashioniq_images/B0083QFSRS.jpg,7:7283,95,2294,436,rzen_embed,rzen_embed,mmembed,0,0,0,0
1640,7:1641,unresolved,unresolved,multimodal_needed,Is lighter and is lighter colored and has buttons.,mbeir_images/fashioniq_images/B00D9OXNW6.jpg,7:33343,1252,3017,17035,mmembed,qwen3vl8b_vllm,qwen3vl2b_vllm,0,0,0,0
1641,7:1642,unresolved,unresolved,multimodal_needed,Is flirter and has no sleeves and is slightly shorter with smaller straps.,mbeir_images/fashioniq_images/B00BLLQCIQ.jpg,7:26143,142,421,2093,vlm2vec_v2,vlm2vec_v2,,0,0,0,0
1644,7:1645,unresolved,unresolved,multimodal_needed,Is a shorter length with thicker straps and is pink.,mbeir_images/fashioniq_images/B008EPZKJE.jpg,7:28655,34,130,3864,vlm2vec_v2,lamra,voyage_multimodal_35,0,0,0,0
1645,7:1646,unresolved,unresolved,multimodal_needed,Is darker and sleeveless and is black and more revealing.,mbeir_images/fashioniq_images/B004MMF00W.jpg,7:40770,46,19,5122,qwen3vl8b_vllm,vlm2vec_v2,qwen3vl8b_vllm,0,0,0,0
1646,7:1647,unresolved,unresolved,multimodal_needed,Darker and has fuller skirt and strapless.,mbeir_images/fashioniq_images/B00297BG7I.jpg,7:50103,11,109,120,mmembed,mmembed,e5_omni,0,0,0,0
1647,7:1648,unresolved,unresolved,multimodal_needed,That flows more at the bottom and is darker and wider.,mbeir_images/fashioniq_images/B0082825YQ.jpg,7:56684,16,7040,18,gme_qwen2vl_retriever_2,voyage_multimodal_35,qwen3vl8b_vllm,0,0,0,0
1649,7:1650,unresolved,unresolved,multimodal_needed,Is solid black and has dolmen sleeves and is off shouldered.,mbeir_images/fashioniq_images/B00CC6WGQ6.jpg,7:57455,90,1515,27,mmembed,voyage_multimodal_35,mmembed,0,0,0,0
1650,7:1651,unresolved,unresolved,multimodal_needed,3/4 sleeved velvet blue green dress and has sleeves and is a much shorter style.,mbeir_images/fashioniq_images/B007H3JLBM.jpg,7:14439,20,39,500,lamra_qwen25vl,gemini_embedding_2,vlm2vec_v2,0,0,0,0
1651,7:1652,unresolved,unresolved,multimodal_needed,Is striped and has shorter sleeves and is lighter color and shorter with V-neck.,mbeir_images/fashioniq_images/B007ZOGQIO.jpg,7:24476,46,734,3111,lamra_qwen25vl,qwen3vl8b_vllm,mmembed,0,0,0,0
1652,7:1653,unresolved,unresolved,multimodal_needed,Is black and white in color and is more revealing.,mbeir_images/fashioniq_images/B008BHSSMG.jpg,7:59045,237,597,3019,qwen3vl8b_vllm,e5_omni,lamra_qwen25vl,0,0,0,0
1653,7:1654,unresolved,unresolved,multimodal_needed,Has a paisley print and long sleeves and is longer and has longer sleeves.,mbeir_images/fashioniq_images/B0075AV660.jpg,7:64389,251,25,20400,qwen3vl8b_vllm,qwen3vl8b_vllm,mmembed,0,0,0,0
1654,7:1655,composition_required,composition_required,multimodal_needed,Is a short bright colored floral dress and is shorter and more vibrant colored.,mbeir_images/fashioniq_images/B007FPDWDU.jpg,7:72498,1,16,557,lamra,qwen3vl2b_vllm,voyage_multimodal_35,8,0,0,0
1655,7:1656,unresolved,unresolved,multimodal_needed,Has colorful prints and n/A other product isnt fashion produce.,mbeir_images/fashioniq_images/B009HK2P2A.jpg,7:3251,214,387,3047,gemini_embedding_2,vlm2vec_v2,lamra_qwen25vl,0,0,0,0
1656,7:1657,composition_required,composition_required,multimodal_needed,Has no sleeves and is whiter and has no sleeves and is white.,mbeir_images/fashioniq_images/B00DVPOZNY.jpg,7:64964,6,340,65,lamra_qwen25vl,rzen_embed,gemini_embedding_2,3,0,0,0
1657,7:1658,unresolved,unresolved,multimodal_needed,And less revealing and is much lighter.,mbeir_images/fashioniq_images/B002HCNMTU.jpg,7:43566,21,3925,22,lamra,rzen_embed,vlm2vec_v2,0,0,0,0
1658,7:1659,unresolved,unresolved,multimodal_needed,Has polka dots and is tan and longer.,mbeir_images/fashioniq_images/B008FY9HPW.jpg,7:9869,80,10807,77,,,,0,0,0,0
1660,7:1661,unresolved,unresolved,multimodal_needed,Is more pink and concealing and has sleeves and is pink rather than blue.,mbeir_images/fashioniq_images/B00763VJ6S.jpg,7:56817,111,556,4558,gemini_embedding_2,e5_omni,rzen_embed,0,0,0,0
1662,7:1663,composition_required,composition_required,multimodal_needed,Is more elegant and is black and white and less shiny.,mbeir_images/fashioniq_images/B000PUGW8O.jpg,7:36667,2,366,600,mmembed,gme_qwen2vl_retriever_2,lamra_qwen25vl,1,0,0,0
1663,7:1664,composition_required,composition_required,multimodal_needed,Has a deeper neckline with more stripes and has longer sleeves and more revealing.,mbeir_images/fashioniq_images/B009M56HNS.jpg,7:34964,1,223,581,lamra,qwen3vl8b_vllm,vlm2vec_v2,8,0,0,0
1664,7:1665,unresolved,unresolved,multimodal_needed,Is lighter and is solid red.,mbeir_images/fashioniq_images/B005AQCKBQ.jpg,7:17121,90,47,2364,gemini_embedding_2,vlm2vec_v2,voyage_multimodal_35,0,0,0,0
1665,7:1666,unresolved,unresolved,multimodal_needed,Has shorter sleeves and is sleeveless and more pink.,mbeir_images/fashioniq_images/B0075BQQ82.jpg,7:42472,239,688,1310,lamra_qwen25vl,vlm2vec_v2,mmembed,0,0,0,0
1666,7:1667,unresolved,unresolved,multimodal_needed,Is dark pink and is hot pink.,mbeir_images/fashioniq_images/B002RHPBO4.jpg,7:43888,56,70,4980,lamra_qwen25vl,vlm2vec_v2,lamra_qwen25vl,0,0,0,0
1667,7:1668,composition_required,composition_required,multimodal_needed,Is a shorter solid black and buttons up and light & Dark color.,mbeir_images/fashioniq_images/B00D61ZCGW.jpg,7:44704,1,30,2561,gme_qwen2vl_retriever_2,rzen_embed,,8,0,0,0
1668,7:1669,unresolved,unresolved,multimodal_needed,Is more formal and is one color and is darker in color.,mbeir_images/fashioniq_images/B00BM8Q3NW.jpg,7:36925,17,651,78,gemini_embedding_2,gemini_embedding_2,,0,0,0,0
1670,7:1671,composition_required,composition_required,multimodal_needed,Has simple pattern and looks formal and has a bow and shorter sleeves.,mbeir_images/fashioniq_images/B008VQWBRK.jpg,7:45234,5,30,27,mmembed,vlm2vec_v2,mmembed,3,0,0,0
1671,7:1672,unresolved,unresolved,multimodal_needed,Is about the same design but with a u neck and is light in color and less revealing.,mbeir_images/fashioniq_images/B00C6PP86S.jpg,7:68114,195,566,2564,qwen3vl2b_vllm,rzen_embed,qwen3vl8b_vllm,0,0,0,0
1672,7:1673,composition_required,composition_required,multimodal_needed,Is shiny and metallic and the dress is more revealing and short.,mbeir_images/fashioniq_images/B007314UDM.jpg,7:32818,8,110,789,gme_qwen2vl_retriever_2,vlm2vec_v2,lamra,1,0,0,0
1674,7:1675,composition_required,composition_required,multimodal_needed,Is white and has fabric around the neck and is lighter in color.,mbeir_images/fashioniq_images/B00C7Z4VGU.jpg,7:60606,1,19,1109,lamra,gme_qwen2vl_retriever_2,,8,0,0,0
1675,7:1676,unresolved,unresolved,multimodal_needed,This black long dress looks more slim fit and longer.,mbeir_images/fashioniq_images/B00FFDZT8K.jpg,7:60947,47,18,660,mmembed,gme_qwen2vl_retriever_2,mmembed,0,0,0,0
1678,7:1679,unresolved,unresolved,multimodal_needed,Is longer and shinier and is longer.,mbeir_images/fashioniq_images/B006WM4LYG.jpg,7:16537,50,277,8513,rzen_embed,e5_omni,vlm2vec_v2,0,0,0,0
1679,7:1680,unresolved,unresolved,multimodal_needed,More colorful and cute and less white and more pleated.,mbeir_images/fashioniq_images/B00EEAOUCQ.jpg,7:17371,931,6227,1491,rzen_embed,rzen_embed,rzen_embed,0,0,0,0
1680,7:1681,composition_required,composition_required,multimodal_needed,Has no pleats and has buttons and black and see through.,mbeir_images/fashioniq_images/B00AXX83YE.jpg,7:939,1,2366,26,lamra_qwen25vl,e5_omni,voyage_multimodal_35,9,0,0,0
1681,7:1682,composition_required,composition_required,multimodal_needed,Is less colorful and more formal and is black and white and more flowing.,mbeir_images/fashioniq_images/B006WWY8YE.jpg,7:17191,3,27,290,rzen_embed,gemini_embedding_2,lamra_qwen25vl,6,0,0,0
1682,7:1683,unresolved,unresolved,multimodal_needed,Is dark blue colored and more tighter and tighter skirt and thicker straps.,mbeir_images/fashioniq_images/B00BL9DCM2.jpg,7:21381,48,190,779,gemini_embedding_2,gemini_embedding_2,qwen3vl8b_vllm,0,0,0,0
1683,7:1684,unresolved,unresolved,multimodal_needed,Has a pink flowing bottom and has a patterned.,mbeir_images/fashioniq_images/B0080E6RN2.jpg,7:27242,59,108,9242,e5_omni,e5_omni,vlm2vec_v2,0,0,0,0
1685,7:1686,unresolved,unresolved,multimodal_needed,Is solid black without strips and is solid black and less fitted.,mbeir_images/fashioniq_images/B005VU87VI.jpg,7:52385,834,312,13509,lamra_qwen25vl,e5_omni,lamra,0,0,0,0
1687,7:1688,composition_required,composition_required,multimodal_needed,Has a longer hemline and is an off shoulder cut and is longer.,mbeir_images/fashioniq_images/B00BTMWMYU.jpg,7:43645,1,16,178,gme_qwen2vl_retriever_2,qwen3vl8b_vllm,vlm2vec_v2,9,0,0,0
1688,7:1689,composition_required,composition_required,multimodal_needed,The product has sleeves and is purple with long lace sleeves and v-neck.,mbeir_images/fashioniq_images/B00E3HDPMQ.jpg,7:6906,1,13,21,lamra,qwen3vl2b_vllm,vlm2vec_v2,9,0,0,0
1690,7:1691,unresolved,unresolved,multimodal_needed,Is printed and sleeveless and is sleeveless.,mbeir_images/fashioniq_images/B006PA7Q4M.jpg,7:45838,1277,175,7946,lamra,gemini_embedding_2,voyage_multimodal_35,0,0,0,0
1691,7:1692,unresolved,unresolved,multimodal_needed,Is a lighter color and has more sleeves and is more brightly colored.,mbeir_images/fashioniq_images/B007SOULGY.jpg,7:38865,198,2665,9721,lamra_qwen25vl,qwen3vl8b_vllm,gemini_embedding_2,0,0,0,0
1693,7:1694,unresolved,unresolved,multimodal_needed,More revealing with an open neck with no sleeves and has no sleeves and two striped patterns.,mbeir_images/fashioniq_images/B00BEM2JB6.jpg,7:26519,199,1413,3793,lamra,gemini_embedding_2,gme_qwen2vl_retriever_2,0,0,0,0
1695,7:1696,unresolved,unresolved,multimodal_needed,Is a black dress with short sleeves and is shorter and tighter.,mbeir_images/fashioniq_images/B002AQSPL8.jpg,7:48994,28,20,14999,lamra,lamra,e5_omni,0,0,0,0
1696,7:1697,unresolved,unresolved,multimodal_needed,Is a flowery dress with spagetti straps and more colourful and white and black.,mbeir_images/fashioniq_images/B00DDX15TG.jpg,7:14689,21,2392,18,,lamra_qwen25vl,qwen3vl8b_vllm,0,0,0,0
1697,7:1698,unresolved,unresolved,multimodal_needed,With lace interwoven and is less form fitting and one color.,mbeir_images/fashioniq_images/B00FXAC5SM.jpg,7:46393,422,9389,779,lamra,gme_qwen2vl_retriever_2,lamra_qwen25vl,0,0,0,0
1699,7:1700,unresolved,unresolved,multimodal_needed,3/4 sleeve gold and black dress and has shorter sleeves and is tighter.,mbeir_images/fashioniq_images/B0058BPLPK.jpg,7:20598,20,351,16,voyage_multimodal_35,voyage_multimodal_35,vlm2vec_v2,0,0,0,0
1700,7:1701,composition_required,composition_required,multimodal_needed,Red and shorter sleeves and has shorter sleeves with portrait neckline.,mbeir_images/fashioniq_images/B0058BPMPO.jpg,7:58424,4,49,591,gme_qwen2vl_retriever_2,voyage_multimodal_35,,2,0,0,0
1701,7:1702,composition_required,composition_required,multimodal_needed,Is less casual with wider bottom and has lots of red and no flowers.,mbeir_images/fashioniq_images/B0051UT6AY.jpg,7:25452,3,140,484,gme_qwen2vl_retriever_2,gme_qwen2vl_retriever_2,vlm2vec_v2,2,0,0,0
1702,7:1703,unresolved,unresolved,multimodal_needed,Is lighter and has a different pattern and the dress is white and less revealing.,mbeir_images/fashioniq_images/B0071GD9D6.jpg,7:70808,19,59,1155,vlm2vec_v2,voyage_multimodal_35,e5_omni,0,0,0,0
1703,7:1704,unresolved,unresolved,multimodal_needed,Is a black and white stripped one piece and has longer sleeves.,mbeir_images/fashioniq_images/B007OZSTY8.jpg,7:35277,31,377,122,lamra_qwen25vl,voyage_multimodal_35,,0,0,0,0
1704,7:1705,unresolved,unresolved,multimodal_needed,Is more see through and has flowers and thin straps.,mbeir_images/fashioniq_images/B00FTA0HUE.jpg,7:4115,634,324,4708,rzen_embed,voyage_multimodal_35,,0,0,0,0
1705,7:1706,composition_required,composition_required,multimodal_needed,Is a green a line and has more green.,mbeir_images/fashioniq_images/B008S0HK3Y.jpg,7:44464,1,118,12,mmembed,gme_qwen2vl_retriever_2,qwen3vl2b_vllm,10,0,0,0
1706,7:1707,unresolved,unresolved,multimodal_needed,The dress in black in color and is strapless and black.,mbeir_images/fashioniq_images/B004O6LVY0.jpg,7:58624,34,66,1259,lamra_qwen25vl,gemini_embedding_2,lamra_qwen25vl,0,0,0,0
1707,7:1708,unresolved,unresolved,multimodal_needed,Has no straps and is more revealing and has a curvy design.,mbeir_images/fashioniq_images/B00AZE6UV4.jpg,7:21501,91,132,241,gemini_embedding_2,gemini_embedding_2,qwen3vl2b_vllm,0,0,0,0
1708,7:1709,unresolved,unresolved,multimodal_needed,Is red and is shorter and more red.,mbeir_images/fashioniq_images/B00DEP9CUW.jpg,7:71827,75,454,1880,mmembed,mmembed,,0,0,0,0
1709,7:1710,unresolved,unresolved,multimodal_needed,Little black dress and is black and has sleeves.,mbeir_images/fashioniq_images/B00BXX6PM0.jpg,7:67629,50,190,5843,lamra_qwen25vl,qwen3vl8b_vllm,mmembed,0,0,0,0
1711,7:1712,unresolved,unresolved,multimodal_needed,Is more tighter and is more fitted and black.,mbeir_images/fashioniq_images/B007WSD2CQ.jpg,7:51691,32,66,5399,vlm2vec_v2,vlm2vec_v2,mmembed,0,0,0,0
1712,7:1713,unresolved,unresolved,multimodal_needed,Is long sleeves and is black with long sleeves.,mbeir_images/fashioniq_images/B00CWSNY24.jpg,7:69288,185,33,8774,gemini_embedding_2,gemini_embedding_2,lamra_qwen25vl,0,0,0,0
1713,7:1714,unresolved,unresolved,multimodal_needed,Is less geometric and more muted and is blue.,mbeir_images/fashioniq_images/B0080646GU.jpg,7:64104,27,371,2087,lamra_qwen25vl,gme_qwen2vl_retriever_2,qwen3vl8b_vllm,0,0,0,0
1714,7:1715,unresolved,unresolved,multimodal_needed,Is lighter and has more contrast and is more of a white color.,mbeir_images/fashioniq_images/B00BUIF4YS.jpg,7:65109,14,101,798,lamra,vlm2vec_v2,voyage_multimodal_35,0,0,0,0
1715,7:1716,unresolved,unresolved,multimodal_needed,Is looser and a darker color and is solid black and fitted waistline.,mbeir_images/fashioniq_images/B005JDB3UO.jpg,7:62457,17,156,2958,lamra_qwen25vl,lamra_qwen25vl,qwen3vl2b_vllm,0,0,0,0
1716,7:1717,unresolved,unresolved,multimodal_needed,Is a pastel color with tank top and the dress has straps and is pink.,mbeir_images/fashioniq_images/B005EYTFS0.jpg,7:30078,14,18,720,lamra_qwen25vl,lamra,lamra_qwen25vl,0,0,0,0
1718,7:1719,unresolved,unresolved,multimodal_needed,Is black colored and strapless and and lighter colored.,mbeir_images/fashioniq_images/B0072QWT2M.jpg,7:29930,100,124,1128,gme_qwen2vl_retriever_2,gme_qwen2vl_retriever_2,qwen3vl8b_vllm,0,0,0,0
1719,7:1720,composition_required,composition_required,multimodal_needed,Is tight and has thin straps and is much darker in color.,mbeir_images/fashioniq_images/B008KPIBWQ.jpg,7:14057,1,145,13,qwen3vl2b_vllm,voyage_multimodal_35,mmembed,8,0,0,0
1720,7:1721,unresolved,unresolved,multimodal_needed,Is purple and has half sleeves and has sleeves.,mbeir_images/fashioniq_images/B00BL9DCM2.jpg,7:68706,47,682,1615,gemini_embedding_2,voyage_multimodal_35,,0,0,0,0
1721,7:1722,composition_required,composition_required,multimodal_needed,Has a black top and a floral skirt and short sleeves and pattern.,mbeir_images/fashioniq_images/B00ED49C12.jpg,7:3761,5,14,1084,mmembed,lamra_qwen25vl,mmembed,2,0,0,0
1722,7:1723,unresolved,unresolved,multimodal_needed,Is lighter and is printed and longer.,mbeir_images/fashioniq_images/B005VZ8RFO.jpg,7:70799,47,7760,780,voyage_multimodal_35,lamra,voyage_multimodal_35,0,0,0,0
1724,7:1725,composition_required,composition_required,multimodal_needed,Is more white and flowing and it white and looser.,mbeir_images/fashioniq_images/B0061RGQEU.jpg,7:65786,9,120,4719,lamra_qwen25vl,rzen_embed,,1,0,0,0
1725,7:1726,composition_required,composition_required,multimodal_needed,Is black with capped sleeves and is solid black.,mbeir_images/fashioniq_images/B007JLP1DE.jpg,7:45089,1,218,16,gemini_embedding_2,gemini_embedding_2,gemini_embedding_2,7,0,0,0
1728,7:1729,unresolved,unresolved,multimodal_needed,Knee length dress and more contempary less sexy.,mbeir_images/fashioniq_images/B007GP6PMO.jpg,7:30011,343,220,3519,qwen3vl8b_vllm,gme_qwen2vl_retriever_2,,0,0,0,0
1729,7:1730,unresolved,unresolved,multimodal_needed,Longer sleeved and shorter and is shorter and more evening.,mbeir_images/fashioniq_images/B005GQPE4K.jpg,7:3048,162,2679,66,vlm2vec_v2,vlm2vec_v2,vlm2vec_v2,0,0,0,0
1730,7:1731,unresolved,unresolved,multimodal_needed,Has blue tones and has more blue.,mbeir_images/fashioniq_images/B006WM4LYG.jpg,7:14778,16,63,349,gme_qwen2vl_retriever_2,voyage_multimodal_35,,0,0,0,0
1731,7:1732,composition_required,composition_required,multimodal_needed,Is black and it is more plain and longer.,mbeir_images/fashioniq_images/B0091W2E9S.jpg,7:42913,4,12,310,voyage_multimodal_35,voyage_multimodal_35,voyage_multimodal_35,1,0,0,0
1732,7:1733,unresolved,unresolved,multimodal_needed,Has see through lace and the desired product is more fancy than the provided product.,mbeir_images/fashioniq_images/B00C12LOZU.jpg,7:15312,45,102,4003,rzen_embed,rzen_embed,lamra,0,0,0,0
1734,7:1735,composition_required,composition_required,multimodal_needed,Is darker in color and is black and has buttons.,mbeir_images/fashioniq_images/B00BPYWKO4.jpg,7:25042,1,152,1113,gme_qwen2vl_retriever_2,gemini_embedding_2,gme_qwen2vl_retriever_2,9,0,0,0
1735,7:1736,unresolved,unresolved,multimodal_needed,Has straps and is solid white and has straps.,mbeir_images/fashioniq_images/B00CXAP5HS.jpg,7:71973,104,126,4457,rzen_embed,gemini_embedding_2,mmembed,0,0,0,0
1736,7:1737,unresolved,unresolved,multimodal_needed,Is pink belted dress and n/a.,mbeir_images/fashioniq_images/B00BG4M4BM.jpg,7:32842,140,243,3772,qwen3vl8b_vllm,qwen3vl8b_vllm,qwen3vl8b_vllm,0,0,0,0
1737,7:1738,unresolved,unresolved,multimodal_needed,Is lighter and shorter and is shorter.,mbeir_images/fashioniq_images/B007HCAEKU.jpg,7:68968,61,631,712,qwen3vl2b_vllm,qwen3vl8b_vllm,mmembed,0,0,0,0
1738,7:1739,composition_required,composition_required,multimodal_needed,Is darker colored and has a looser fit and has longer sleeves and is darker in colour.,mbeir_images/fashioniq_images/B0055TBPNC.jpg,7:4365,3,4117,47,gemini_embedding_2,gemini_embedding_2,gme_qwen2vl_retriever_2,1,0,0,0
1740,7:1741,unresolved,unresolved,multimodal_needed,Is brighter and is pink and thinner strapped.,mbeir_images/fashioniq_images/B0071MSFCU.jpg,7:54812,82,360,943,gme_qwen2vl_retriever_2,gme_qwen2vl_retriever_2,,0,0,0,0
1741,7:1742,unresolved,unresolved,multimodal_needed,Is black and white and is not as tight.,mbeir_images/fashioniq_images/B00FXAC5SM.jpg,7:6808,5385,27123,514,,qwen3vl8b_vllm,vlm2vec_v2,0,0,0,0
1744,7:1745,composition_required,composition_required,multimodal_needed,Is striped and has brighter colors and is colorful with shorter sleeves.,mbeir_images/fashioniq_images/B00D9SL7JI.jpg,7:50659,8,112,449,mmembed,rzen_embed,lamra,3,0,0,0
1745,7:1746,composition_required,composition_required,multimodal_needed,Is strapless and is belted and strapless.,mbeir_images/fashioniq_images/B0026IAOWI.jpg,7:27953,7,197,734,mmembed,mmembed,gme_qwen2vl_retriever_2,1,0,0,0
1748,7:1749,unresolved,unresolved,multimodal_needed,Is a black shirt with a pink and white logo and the desired product is only black and have an animation design.,mbeir_images/fashioniq_images/B0016CHUWW.jpg,7:47267,122,449,5619,rzen_embed,gemini_embedding_2,qwen3vl8b_vllm,0,0,0,0
1750,7:1751,composition_required,composition_required,multimodal_needed,A long sleeve blue miracle dress and has a lot more blues.,mbeir_images/fashioniq_images/B007EGKM5G.jpg,7:29548,10,133,295,e5_omni,gemini_embedding_2,qwen3vl8b_vllm,2,0,0,0
1751,7:1752,composition_required,composition_required,multimodal_needed,Patterned multi color dress and has pink and blues decorating the dress.,mbeir_images/fashioniq_images/B004PZHXZG.jpg,7:28368,3,16,1808,lamra_qwen25vl,mmembed,voyage_multimodal_35,3,0,0,0
1752,7:1753,unresolved,unresolved,multimodal_needed,Sleeveless and a darker color and has a geometric print with longer sleeves.,mbeir_images/fashioniq_images/B00BISLTIK.jpg,7:2708,38,185,15860,lamra,lamra,lamra,0,0,0,0
1753,7:1754,unresolved,unresolved,multimodal_needed,Is black with long sleeves and is darker with long sleeves.,mbeir_images/fashioniq_images/B005NXMDTU.jpg,7:27258,23,859,481,gemini_embedding_2,voyage_multimodal_35,gemini_embedding_2,0,0,0,0
1755,7:1756,composition_required,composition_required,multimodal_needed,Is shorter and brighter and has more red and patterns.,mbeir_images/fashioniq_images/B008H78T6K.jpg,7:8861,5,54,569,gemini_embedding_2,gemini_embedding_2,qwen3vl8b_vllm,2,0,0,0
1759,7:1760,unresolved,unresolved,multimodal_needed,Is a darker color and is more darker.,mbeir_images/fashioniq_images/B007TUECJ4.jpg,7:523,106,2461,259,rzen_embed,lamra_qwen25vl,mmembed,0,0,0,0
1760,7:1761,unresolved,unresolved,multimodal_needed,With medical symbols on the skirt and stockings and is less solid color.,mbeir_images/fashioniq_images/B008PG0SOO.jpg,7:35457,501,1952,5042,lamra,lamra,gemini_embedding_2,0,0,0,0
1761,7:1762,unresolved,unresolved,multimodal_needed,Is much more of a dress and is a printed dress and not pants.,mbeir_images/fashioniq_images/B00DDQX05A.jpg,7:63551,876,516,37141,mmembed,mmembed,voyage_multimodal_35,0,0,0,0
1763,7:1764,unresolved,unresolved,multimodal_needed,Is more blue and structured and has a belt and is more blue in colour.,mbeir_images/fashioniq_images/B009KM5FUE.jpg,7:46725,11,221,23,gemini_embedding_2,mmembed,gemini_embedding_2,0,0,0,0
1764,7:1765,composition_required,composition_required,multimodal_needed,Is solid blue and is blue and little longer.,mbeir_images/fashioniq_images/B0087YZVNC.jpg,7:28930,3,146,4005,lamra_qwen25vl,gemini_embedding_2,qwen3vl8b_vllm,2,0,0,0
1765,7:1766,composition_required,composition_required,multimodal_needed,Has sheer shoulder straps and is black and has lace.,mbeir_images/fashioniq_images/B0098BW31Q.jpg,7:44955,5,55,25,lamra_qwen25vl,e5_omni,gemini_embedding_2,3,0,0,0
1766,7:1767,unresolved,unresolved,multimodal_needed,Is brighter color with less sleeves and grey and onger.,mbeir_images/fashioniq_images/B008VJ0Q2Y.jpg,7:32618,2181,276,3558,rzen_embed,rzen_embed,qwen3vl8b_vllm,0,0,0,0
1767,7:1768,composition_required,composition_required,multimodal_needed,Is shorter and has squares and is shorter and more chic.,mbeir_images/fashioniq_images/B007KHTV24.jpg,7:48809,9,20,4897,qwen3vl8b_vllm,qwen3vl8b_vllm,rzen_embed,1,0,0,0
1768,7:1769,unresolved,unresolved,multimodal_needed,Has longer sleeves and black and white blocks.,mbeir_images/fashioniq_images/B00A7Z5MKQ.jpg,7:40190,9489,38051,1966,,vlm2vec_v2,vlm2vec_v2,0,0,0,0
1771,7:1772,unresolved,unresolved,multimodal_needed,Is more modest and a solid color and is made of denim.,mbeir_images/fashioniq_images/B009NXZXDO.jpg,7:29526,58,42,5169,qwen3vl8b_vllm,gemini_embedding_2,vlm2vec_v2,0,0,0,0
1772,7:1773,composition_required,composition_required,multimodal_needed,Is a short sleeveless dress with a black skirt and is black and white and shorter.,mbeir_images/fashioniq_images/B006J42TFU.jpg,7:16587,8,25,1090,gemini_embedding_2,gemini_embedding_2,gemini_embedding_2,2,0,0,0
1773,7:1774,unresolved,unresolved,multimodal_needed,Has a u neck design and is black and not shiny.,mbeir_images/fashioniq_images/B00BSMLF1M.jpg,7:22388,831,458,2262,e5_omni,voyage_multimodal_35,lamra_qwen25vl,0,0,0,0
1775,7:1776,composition_required,composition_required,multimodal_needed,Black with a pattern throughout and is more casual and it is less corporate and has more yellow.,mbeir_images/fashioniq_images/B009NQUQBA.jpg,7:44651,6,24,3687,qwen3vl8b_vllm,gemini_embedding_2,qwen3vl8b_vllm,1,0,0,0
1777,7:1778,composition_required,composition_required,multimodal_needed,Is more revealing with a v shaped cleavage and is warmer in color.,mbeir_images/fashioniq_images/B007PENSBC.jpg,7:53185,9,590,795,qwen3vl2b_vllm,rzen_embed,qwen3vl2b_vllm,1,0,0,0
1778,7:1779,unresolved,unresolved,multimodal_needed,Is eggshell white and is 3/4 sleeves and off white.,mbeir_images/fashioniq_images/B005DN88YY.jpg,7:14540,76,339,3899,rzen_embed,lamra_qwen25vl,voyage_multimodal_35,0,0,0,0
1779,7:1780,unresolved,unresolved,multimodal_needed,Is more revealing and it is more red and tight.,mbeir_images/fashioniq_images/B008YF4VAS.jpg,7:33264,15,54,2160,rzen_embed,rzen_embed,qwen3vl8b_vllm,0,0,0,0
1780,7:1781,unresolved,unresolved,multimodal_needed,Is less shiny and light in color and belted.,mbeir_images/fashioniq_images/B007C3MKYC.jpg,7:27606,917,1812,253,gemini_embedding_2,lamra_qwen25vl,gemini_embedding_2,0,0,0,0
1782,7:1783,unresolved,unresolved,multimodal_needed,Is a blue print dress and has a lighter color.,mbeir_images/fashioniq_images/B009P5A9FW.jpg,7:64996,290,79,2385,voyage_multimodal_35,voyage_multimodal_35,voyage_multimodal_35,0,0,0,0
1783,7:1784,unresolved,unresolved,multimodal_needed,Is flirtier with no straps and has a lighter color.,mbeir_images/fashioniq_images/B005LC87SO.jpg,7:8534,12,105,136,gemini_embedding_2,voyage_multimodal_35,mmembed,0,0,0,0
1785,7:1786,unresolved,unresolved,multimodal_needed,Is longer with no sleeves and is longer and has frills.,mbeir_images/fashioniq_images/B00B2JJ15S.jpg,7:70758,58,56,3698,lamra,voyage_multimodal_35,vlm2vec_v2,0,0,0,0
1786,7:1787,composition_required,composition_required,multimodal_needed,Is more charcoal and fun and is darker in color.,mbeir_images/fashioniq_images/B008XKC00W.jpg,7:10233,2,8242,35,voyage_multimodal_35,gemini_embedding_2,qwen3vl8b_vllm,1,0,0,0
1787,7:1788,composition_required,composition_required,multimodal_needed,A long black flowy dress and is solid black and sleeveless.,mbeir_images/fashioniq_images/B0084YK2UW.jpg,7:15317,9,99,6493,gemini_embedding_2,gemini_embedding_2,vlm2vec_v2,1,0,0,0
1789,7:1790,unresolved,unresolved,multimodal_needed,Is black colored and longer in length and fitted purple.,mbeir_images/fashioniq_images/B00A0I87AM.jpg,7:16230,269,544,3116,gemini_embedding_2,mmembed,,0,0,0,0
1790,7:1791,composition_required,composition_required,multimodal_needed,Has no straps and is much shorter and is shorter and more frilly.,mbeir_images/fashioniq_images/B00DM03I72.jpg,7:66950,1,334,121,qwen3vl2b_vllm,lamra_qwen25vl,vlm2vec_v2,7,0,0,0
1791,7:1792,unresolved,unresolved,multimodal_needed,Sexier and slim fit and has horizontal striping.,mbeir_images/fashioniq_images/B005RYO18G.jpg,7:19975,87,1127,137,e5_omni,gemini_embedding_2,e5_omni,0,0,0,0
1792,7:1793,unresolved,unresolved,multimodal_needed,Is shorter and less sexy and is shorter and striped.,mbeir_images/fashioniq_images/B008986NRY.jpg,7:26471,72,264,3162,qwen3vl8b_vllm,e5_omni,voyage_multimodal_35,0,0,0,0
1793,7:1794,unresolved,unresolved,multimodal_needed,Is lighter and shorter and has a floral pattern.,mbeir_images/fashioniq_images/B006W8T474.jpg,7:33733,50,1053,1616,lamra_qwen25vl,lamra_qwen25vl,qwen3vl8b_vllm,0,0,0,0
1794,7:1795,unresolved,unresolved,multimodal_needed,Is lighter and has longer sleeves and is more sexy with lighter colored pattern.,mbeir_images/fashioniq_images/B00BQVAVRY.jpg,7:40270,195,2195,6100,lamra_qwen25vl,gemini_embedding_2,e5_omni,0,0,0,0
1795,7:1796,unresolved,unresolved,multimodal_needed,Is long with a lace pattern and na.,mbeir_images/fashioniq_images/B00AYWXQ9Q.jpg,7:72259,606,1092,606,voyage_multimodal_35,voyage_multimodal_35,lamra,0,0,0,0
1796,7:1797,unresolved,unresolved,multimodal_needed,Has a empire waist and lighter fabric and is more colorful.,mbeir_images/fashioniq_images/B007314UDM.jpg,7:59237,39,54,414,lamra,vlm2vec_v2,lamra,0,0,0,0
1797,7:1798,unresolved,unresolved,multimodal_needed,Is more revealing and is black with straps.,mbeir_images/fashioniq_images/B00AOJVGYQ.jpg,7:1498,24,243,104,gemini_embedding_2,gemini_embedding_2,,0,0,0,0
1798,7:1799,unresolved,unresolved,multimodal_needed,Floor length and datk and is black and longer.,mbeir_images/fashioniq_images/B00APFQNP6.jpg,7:56411,153,339,12547,qwen3vl8b_vllm,mmembed,e5_omni,0,0,0,0
1799,7:1800,unresolved,unresolved,multimodal_needed,Is black and more patterned and is more sexual.,mbeir_images/fashioniq_images/B007HWN10K.jpg,7:53270,101,33,6722,mmembed,lamra_qwen25vl,mmembed,0,0,0,0
1800,7:1801,composition_required,composition_required,multimodal_needed,A coral and black asymmetrical sleeveless dress and the dress is longer and is multi colored.,mbeir_images/fashioniq_images/B00AHOY8H0.jpg,7:73493,10,74,5147,lamra,qwen3vl8b_vllm,vlm2vec_v2,1,0,0,0
1801,7:1802,unresolved,unresolved,multimodal_needed,Is shorter and less formal and is longer and less revealing.,mbeir_images/fashioniq_images/B00BHPLQSC.jpg,7:70959,775,3387,1864,lamra,mmembed,lamra,0,0,0,0
1802,7:1803,unresolved,unresolved,multimodal_needed,Simple and is shorter.,mbeir_images/fashioniq_images/B0084YK2UW.jpg,7:63822,2314,56,6648,qwen3vl2b_vllm,qwen3vl8b_vllm,qwen3vl2b_vllm,0,0,0,0
1804,7:1805,unresolved,unresolved,multimodal_needed,Has no sleeves and is lighter and is pinker and more flowing.,mbeir_images/fashioniq_images/B005FW6A4S.jpg,7:48076,282,1683,1618,qwen3vl8b_vllm,e5_omni,vlm2vec_v2,0,0,0,0
1805,7:1806,unresolved,unresolved,multimodal_needed,The product has spaghetti straps and is less flowy.,mbeir_images/fashioniq_images/B007904PDM.jpg,7:24753,49,2822,30,gemini_embedding_2,vlm2vec_v2,lamra_qwen25vl,0,0,0,0
1807,7:1808,unresolved,unresolved,multimodal_needed,Has no sleeves and is tighter and is more v-necked.,mbeir_images/fashioniq_images/B00DH8X2OI.jpg,7:70308,33,559,521,lamra,vlm2vec_v2,mmembed,0,0,0,0
1808,7:1809,unresolved,unresolved,multimodal_needed,Has a half sleeve. It contains less lace and is striped in black and a little white.,mbeir_images/fashioniq_images/B00ALSQQKY.jpg,7:17269,11,375,1787,qwen3vl2b_vllm,mmembed,,0,0,0,0
1809,7:1810,composition_required,composition_required,multimodal_needed,Is black and more revealing with flowing bottom and has no sleeves and is dark colored.,mbeir_images/fashioniq_images/B008GSMCEA.jpg,7:17970,10,217,1887,lamra_qwen25vl,gemini_embedding_2,e5_omni,1,0,0,0
1810,7:1811,unresolved,unresolved,multimodal_needed,Is tighter and is a darker color.,mbeir_images/fashioniq_images/B009IFOBF8.jpg,7:49219,429,29,12447,lamra,gemini_embedding_2,e5_omni,0,0,0,0
1811,7:1812,unresolved,unresolved,multimodal_needed,Is shorter has a closed chest and is more brightly colored.,mbeir_images/fashioniq_images/B001DXL1WY.jpg,7:43401,167,1644,2451,lamra,qwen3vl2b_vllm,,0,0,0,0
1812,7:1813,composition_required,composition_required,multimodal_needed,Is pink and is pink and longer.,mbeir_images/fashioniq_images/B0070IN282.jpg,7:44691,3,601,135,lamra,rzen_embed,,4,0,0,0
1815,7:1816,unresolved,unresolved,multimodal_needed,Has a solid bottom and patterned top and long sleeved.,mbeir_images/fashioniq_images/B007NCIGQ8.jpg,7:41226,222,547,2284,lamra_qwen25vl,gemini_embedding_2,e5_omni,0,0,0,0
1816,7:1817,unresolved,unresolved,multimodal_needed,Has no sleeves and is looser and floaty and transparent.,mbeir_images/fashioniq_images/B004RDQ97O.jpg,7:17582,4421,3641,6703,gemini_embedding_2,qwen3vl8b_vllm,,0,0,0,0
1817,7:1818,unresolved,unresolved,multimodal_needed,Is longer and darker and no sleeves and.,mbeir_images/fashioniq_images/B007GMNK7U.jpg,7:17740,349,122,1327,vlm2vec_v2,lamra,voyage_multimodal_35,0,0,0,0
1818,7:1819,unresolved,unresolved,multimodal_needed,Is more comfortable and less bright and has key hole sleeves and a lighter print.,mbeir_images/fashioniq_images/B0054N0S6E.jpg,7:43665,70,72,1671,lamra_qwen25vl,gemini_embedding_2,e5_omni,0,0,0,0
1819,7:1820,composition_required,composition_required,multimodal_needed,In orange and more sleeve and has longer sleeves and is tighter.,mbeir_images/fashioniq_images/B002SNAIWC.jpg,7:61021,4,208,2240,lamra_qwen25vl,vlm2vec_v2,,2,0,0,0
1822,7:1823,composition_required,composition_required,multimodal_needed,White and less revealing between the legs and the dress is white and black and more revealing.,mbeir_images/fashioniq_images/B00A8CDCD2.jpg,7:48636,7,83,46,lamra_qwen25vl,qwen3vl8b_vllm,,3,0,0,0
1823,7:1824,unresolved,unresolved,multimodal_needed,Is more casual and bubbly and is looser fitted and more colorful.,mbeir_images/fashioniq_images/B000AY2892.jpg,7:73055,761,729,2709,rzen_embed,qwen3vl2b_vllm,lamra_qwen25vl,0,0,0,0
1824,7:1825,unresolved,unresolved,multimodal_needed,Has longer sleeves with a pattern design and is black with a lower neck and slashed sleeves.,mbeir_images/fashioniq_images/B00DR8UEZ8.jpg,7:70350,392,593,5286,qwen3vl8b_vllm,gemini_embedding_2,gemini_embedding_2,0,0,0,0
1825,7:1826,unresolved,unresolved,multimodal_needed,Is pink and less frilly and is one solid color and is sleeveless.,mbeir_images/fashioniq_images/B008N05A40.jpg,7:51920,184,262,2029,rzen_embed,gemini_embedding_2,e5_omni,0,0,0,0
1826,7:1827,unresolved,unresolved,multimodal_needed,Brighter color and shorter and printed.,mbeir_images/fashioniq_images/B00ATEZA6Q.jpg,7:33724,1783,13890,1025,gemini_embedding_2,vlm2vec_v2,gemini_embedding_2,0,0,0,0
1829,7:1830,unresolved,unresolved,multimodal_needed,Has less sleeves and is longer and longer and black.,mbeir_images/fashioniq_images/B00DG7SOTS.jpg,7:52864,82,67,1021,rzen_embed,gemini_embedding_2,vlm2vec_v2,0,0,0,0
1830,7:1831,unresolved,unresolved,multimodal_needed,Is more grey in color and longer sleeves and is tighter.,mbeir_images/fashioniq_images/B00B5R9XQ4.jpg,7:70175,54,269,6269,lamra_qwen25vl,lamra_qwen25vl,lamra,0,0,0,0
1831,7:1832,composition_required,composition_required,multimodal_needed,Is longer and darker and darker and longer.,mbeir_images/fashioniq_images/B00E00GL86.jpg,7:69635,2,280,363,rzen_embed,qwen3vl8b_vllm,rzen_embed,2,0,0,0
1832,7:1833,unresolved,unresolved,multimodal_needed,Is strapless and has the colors red.,mbeir_images/fashioniq_images/B00CN46SMU.jpg,7:49786,58,201,516,lamra_qwen25vl,lamra_qwen25vl,lamra_qwen25vl,0,0,0,0
1833,7:1834,unresolved,unresolved,multimodal_needed,Is longer and has no sleeves and has shorter sleeves.,mbeir_images/fashioniq_images/B0094QXCKQ.jpg,7:35437,1437,4282,896,,qwen3vl2b_vllm,vlm2vec_v2,0,0,0,0
1834,7:1835,composition_required,composition_required,multimodal_needed,Is a longer dress and is longer and  has a pattern.,mbeir_images/fashioniq_images/B005QYY8F8.jpg,7:1465,3,148,7410,lamra,qwen3vl2b_vllm,,1,0,0,0
1835,7:1836,composition_required,composition_required,multimodal_needed,Is black with no straps and is black and strapless.,mbeir_images/fashioniq_images/B00B7Q9ZDO.jpg,7:65037,2,28,282,voyage_multimodal_35,gme_qwen2vl_retriever_2,qwen3vl8b_vllm,2,0,0,0
1836,7:1837,composition_required,composition_required,multimodal_needed,Is striped and longer length and is longer and stripped.,mbeir_images/fashioniq_images/B00CRTE6OS.jpg,7:609,2,200,321,e5_omni,e5_omni,vlm2vec_v2,1,0,0,0
1838,7:1839,composition_required,composition_required,multimodal_needed,Is a white dress and is shorter and is lighter in color.,mbeir_images/fashioniq_images/B00997L4QE.jpg,7:45809,6,13,439,qwen3vl2b_vllm,gme_qwen2vl_retriever_2,qwen3vl8b_vllm,2,0,0,0
1839,7:1840,unresolved,unresolved,multimodal_needed,Is darker and more revealing and is grey with red and black lines.,mbeir_images/fashioniq_images/B008AM8NEA.jpg,7:54590,217,1036,656,lamra_qwen25vl,lamra,gme_qwen2vl_retriever_2,0,0,0,0
1843,7:1844,composition_required,composition_required,multimodal_needed,Is more black and black and sheer at top.,mbeir_images/fashioniq_images/B004HD4V1K.jpg,7:61326,7,43,1476,gemini_embedding_2,gemini_embedding_2,,1,0,0,0
1844,7:1845,unresolved,unresolved,multimodal_needed,Is a short dress and shorter skirt with floral pattern.,mbeir_images/fashioniq_images/B00ELLYWL2.jpg,7:22504,19,48,111,vlm2vec_v2,rzen_embed,vlm2vec_v2,0,0,0,0
1845,7:1846,composition_required,composition_required,multimodal_needed,And halter straps and longer with orange.,mbeir_images/fashioniq_images/B00A7HGI8Y.jpg,7:47305,8,44,2458,e5_omni,vlm2vec_v2,e5_omni,1,0,0,0
1846,7:1847,composition_required,composition_required,multimodal_needed,Two-toned and more relaxed fit and is white with black bottom.,mbeir_images/fashioniq_images/B00746EJBY.jpg,7:4425,6,26,291,gme_qwen2vl_retriever_2,gemini_embedding_2,gme_qwen2vl_retriever_2,3,0,0,0
1847,7:1848,unresolved,unresolved,multimodal_needed,Solid dark blue dress and is a solid dark blue.,mbeir_images/fashioniq_images/B008G0E9UI.jpg,7:50026,245,107,1844,vlm2vec_v2,gemini_embedding_2,e5_omni,0,0,0,0
1848,7:1849,composition_required,composition_required,multimodal_needed,Is longer and sleeveless and longer and cuter.,mbeir_images/fashioniq_images/B008VPX9BS.jpg,7:30921,2,176,523,mmembed,qwen3vl2b_vllm,vlm2vec_v2,2,0,0,0
1850,7:1851,unresolved,unresolved,multimodal_needed,Has small straps and more plain and more revealing.,mbeir_images/fashioniq_images/B00CQLOKM0.jpg,7:65188,290,26,3767,qwen3vl8b_vllm,vlm2vec_v2,mmembed,0,0,0,0
1852,7:1853,unresolved,unresolved,multimodal_needed,Purple with no sleeves and is a dress.,mbeir_images/fashioniq_images/B009HK2P2A.jpg,7:73496,82,72,4106,gemini_embedding_2,gemini_embedding_2,lamra,0,0,0,0
1853,7:1854,composition_required,composition_required,multimodal_needed,Black and more plain and is more neutral coloring and short sleeves.,mbeir_images/fashioniq_images/B00AEDCDZ8.jpg,7:40015,1,6372,67,lamra_qwen25vl,lamra_qwen25vl,qwen3vl2b_vllm,1,0,0,0
1854,7:1855,composition_required,composition_required,multimodal_needed,Is white and less modest and is whiter.,mbeir_images/fashioniq_images/B008P5453U.jpg,7:8456,6,28,1232,lamra_qwen25vl,gme_qwen2vl_retriever_2,lamra,2,0,0,0
1855,7:1856,unresolved,unresolved,multimodal_needed,The black color looks more attractive and more bold and is less revealing.,mbeir_images/fashioniq_images/B00ASPCIF2.jpg,7:22714,365,1267,4640,rzen_embed,qwen3vl2b_vllm,,0,0,0,0
1856,7:1857,unresolved,unresolved,multimodal_needed,Is more patterned and has fewer sleeves and is colorful and more revealing.,mbeir_images/fashioniq_images/B001PLDUT6.jpg,7:51284,1111,2623,3123,lamra,qwen3vl8b_vllm,lamra,0,0,0,0
1857,7:1858,unresolved,unresolved,multimodal_needed,Tighter and less revealing and white and plain.,mbeir_images/fashioniq_images/B006W5VWJU.jpg,7:4616,121,1114,1854,rzen_embed,voyage_multimodal_35,gemini_embedding_2,0,0,0,0
1859,7:1860,unresolved,unresolved,multimodal_needed,Has more open neck and lacy and is yellow and has a smoother neckline.,mbeir_images/fashioniq_images/B004QF0KN2.jpg,7:31567,22,55,2670,qwen3vl8b_vllm,rzen_embed,qwen3vl2b_vllm,0,0,0,0
1860,7:1861,composition_required,composition_required,multimodal_needed,Is a solid black and is more black and shorter.,mbeir_images/fashioniq_images/B008AEDVTU.jpg,7:2802,5,823,175,lamra_qwen25vl,qwen3vl8b_vllm,qwen3vl8b_vllm,2,0,0,0
1861,7:1862,unresolved,unresolved,multimodal_needed,And halter straps and is longer and has a darker print.,mbeir_images/fashioniq_images/B00CTT51MC.jpg,7:74284,81,29,573,lamra,lamra,gemini_embedding_2,0,0,0,0
1862,7:1863,unresolved,unresolved,multimodal_needed,Is darker and has a u shaped neck and is black and has no sleeves.,mbeir_images/fashioniq_images/B00AEMHDIG.jpg,7:1679,696,1370,2672,lamra,vlm2vec_v2,e5_omni,0,0,0,0
1863,7:1864,unresolved,unresolved,multimodal_needed,Is solid black with thin straps and has spagetti straps and is more plain.,mbeir_images/fashioniq_images/B005KILV0A.jpg,7:27552,71,99,6870,gemini_embedding_2,voyage_multimodal_35,gemini_embedding_2,0,0,0,0
1864,7:1865,unresolved,unresolved,multimodal_needed,Has longer sleeves and more lace and had lace arms.,mbeir_images/fashioniq_images/B00F4M41J0.jpg,7:66330,14,35,103,rzen_embed,qwen3vl8b_vllm,qwen3vl2b_vllm,0,0,0,0
1866,7:1867,unresolved,unresolved,multimodal_needed,Is a straight black dress and is more fitted with peep shoulders.,mbeir_images/fashioniq_images/B009COQRZW.jpg,7:17346,14,81,29,lamra_qwen25vl,lamra_qwen25vl,e5_omni,0,0,0,0
1867,7:1868,composition_required,composition_required,multimodal_needed,Is shinier and has more sleeves and is much lighter in color.,mbeir_images/fashioniq_images/B008K3SX7G.jpg,7:53627,8,194,1547,lamra,mmembed,gme_qwen2vl_retriever_2,3,0,0,0
1868,7:1869,composition_required,composition_required,multimodal_needed,Is solid white with a v-neck and is plain white colored.,mbeir_images/fashioniq_images/B0097IXSGO.jpg,7:61171,1,513,20,gemini_embedding_2,qwen3vl2b_vllm,vlm2vec_v2,9,0,0,0
1869,7:1870,unresolved,unresolved,multimodal_needed,Is darker and has a collar and sleeves.,mbeir_images/fashioniq_images/B00BBXX6LU.jpg,7:36508,854,12803,715,e5_omni,qwen3vl8b_vllm,voyage_multimodal_35,0,0,0,0
1872,7:1873,unresolved,unresolved,multimodal_needed,Is lighter and has shorter sleeves and is more grey and sleeveless.,mbeir_images/fashioniq_images/B00BQX461E.jpg,7:16071,11,46,1112,qwen3vl2b_vllm,vlm2vec_v2,gemini_embedding_2,0,0,0,0
1873,7:1874,unresolved,unresolved,multimodal_needed,Is below the knee and has a print and long sleeves.,mbeir_images/fashioniq_images/B007ZDYK2E.jpg,7:58596,41,108,6123,lamra,gemini_embedding_2,gemini_embedding_2,0,0,0,0
1874,7:1875,unresolved,unresolved,multimodal_needed,Is less sexy and is less revealing and more floral.,mbeir_images/fashioniq_images/B005917FDA.jpg,7:30118,147,1566,894,mmembed,qwen3vl2b_vllm,mmembed,0,0,0,0
1875,7:1876,composition_required,composition_required,multimodal_needed,Light pink dress looks more fashionable and party wear and does not show the neck.,mbeir_images/fashioniq_images/B009C6OMMK.jpg,7:17378,6,21,634,qwen3vl8b_vllm,voyage_multimodal_35,,2,0,0,0
1876,7:1877,composition_required,composition_required,multimodal_needed,Is more sexy and is black with three quarter length sleeves.,mbeir_images/fashioniq_images/B005VTJH4K.jpg,7:50760,3,41,727,gme_qwen2vl_retriever_2,voyage_multimodal_35,,3,0,0,0
1877,7:1878,unresolved,unresolved,multimodal_needed,Is more western and is a bit longer and more summery.,mbeir_images/fashioniq_images/B008YIG3DI.jpg,7:26832,1937,3991,5820,qwen3vl8b_vllm,lamra_qwen25vl,vlm2vec_v2,0,0,0,0
1878,7:1879,unresolved,unresolved,multimodal_needed,Has different sleeves and is black and white and has wider stripes and no straps.,mbeir_images/fashioniq_images/B00DBDCQ7I.jpg,7:52029,32,153,415,mmembed,mmembed,mmembed,0,0,0,0
1879,7:1880,unresolved,unresolved,multimodal_needed,Is shorter and is black with a shorter skirt.,mbeir_images/fashioniq_images/B002X79Z72.jpg,7:21426,469,127,4786,qwen3vl2b_vllm,rzen_embed,vlm2vec_v2,0,0,0,0
1880,7:1881,unresolved,unresolved,multimodal_needed,Its floral print no sleeves and covers the chest and flowy.,mbeir_images/fashioniq_images/B006WY8INO.jpg,7:70172,23,506,293,qwen3vl8b_vllm,voyage_multimodal_35,,0,0,0,0
1881,7:1882,composition_required,composition_required,multimodal_needed,Has longer sleeves and floral print and is black with long sleeves.,mbeir_images/fashioniq_images/B008W46FMS.jpg,7:66917,1,35,568,gme_qwen2vl_retriever_2,gme_qwen2vl_retriever_2,e5_omni,6,0,0,0
1883,7:1884,unresolved,unresolved,multimodal_needed,Less mature and too simple and has longer sleeves and a belted waist.,mbeir_images/fashioniq_images/B007ZDYK2E.jpg,7:61444,26,1867,569,mmembed,rzen_embed,mmembed,0,0,0,0
1886,7:1887,composition_required,composition_required,multimodal_needed,Has black and white stripes and is striped and longer.,mbeir_images/fashioniq_images/B00GP5TL6I.jpg,7:53120,1,34,202,gme_qwen2vl_retriever_2,vlm2vec_v2,,9,0,0,0
1887,7:1888,composition_required,composition_required,multimodal_needed,Is blue with longer sleeves and is blue and black and long sleeves.,mbeir_images/fashioniq_images/B004S0O8HO.jpg,7:60131,5,82,74,qwen3vl8b_vllm,gemini_embedding_2,rzen_embed,2,0,0,0
1888,7:1889,unresolved,unresolved,multimodal_needed,Has a vintage pattern and an asymmetrical hemline and is blue and long.,mbeir_images/fashioniq_images/B00CLZMWUI.jpg,7:29469,74,23,11242,qwen3vl2b_vllm,qwen3vl8b_vllm,vlm2vec_v2,0,0,0,0
1889,7:1890,unresolved,unresolved,multimodal_needed,Is silver and shiny and light & Dark color.,mbeir_images/fashioniq_images/B0046XRKNM.jpg,7:53283,42,185,907,voyage_multimodal_35,voyage_multimodal_35,mmembed,0,0,0,0
1891,7:1892,composition_required,composition_required,multimodal_needed,White and silver and asymmetrical and is less colorful and has one strap.,mbeir_images/fashioniq_images/B0070SSWKK.jpg,7:16640,3,25,2098,qwen3vl8b_vllm,qwen3vl2b_vllm,lamra,5,0,0,0
1892,7:1893,unresolved,unresolved,multimodal_needed,Is a brighter color and has no sleeves and has a red and black pattern.,mbeir_images/fashioniq_images/B00CFUEHAW.jpg,7:35012,64,3332,234,voyage_multimodal_35,qwen3vl2b_vllm,,0,0,0,0
1893,7:1894,unresolved,unresolved,multimodal_needed,Is almost the same but slightly different color and is darker and more summery.,mbeir_images/fashioniq_images/B00CJRV3Z8.jpg,7:43956,744,4919,567,qwen3vl8b_vllm,,e5_omni,0,0,0,0
1894,7:1895,composition_required,composition_required,multimodal_needed,Has a u shaped neck with short sleeves and has a different coloring in darker colors.,mbeir_images/fashioniq_images/B00CDJZYA2.jpg,7:52769,1,2032,469,lamra,lamra,rzen_embed,4,0,0,0
1895,7:1896,unresolved,unresolved,multimodal_needed,Is a short black a line dress and has less color and is shorter.,mbeir_images/fashioniq_images/B0084Y2V6A.jpg,7:55214,29,72,3088,gme_qwen2vl_retriever_2,lamra,e5_omni,0,0,0,0
1896,7:1897,unresolved,unresolved,multimodal_needed,Has a more modest bodice and more lace and is black with thicker sleeves.,mbeir_images/fashioniq_images/B008OZV6II.jpg,7:14024,21,247,295,lamra_qwen25vl,e5_omni,mmembed,0,0,0,0
1898,7:1899,unresolved,unresolved,multimodal_needed,Is strapless and teal colored and is lighter and more intimate.,mbeir_images/fashioniq_images/B006C4GIS6.jpg,7:30556,13,16,274,e5_omni,voyage_multimodal_35,qwen3vl8b_vllm,0,0,0,0
1899,7:1900,unresolved,unresolved,multimodal_needed,Is gray scale and a style and is darker in color and a little more dressy.,mbeir_images/fashioniq_images/B009CC9GUC.jpg,7:46490,88,1598,1081,lamra,rzen_embed,qwen3vl2b_vllm,0,0,0,0
1900,7:1901,unresolved,unresolved,multimodal_needed,Is more colorful and less classy and shorter and more colorful.,mbeir_images/fashioniq_images/B007WPHQJ4.jpg,7:40795,94,2781,992,gme_qwen2vl_retriever_2,gme_qwen2vl_retriever_2,lamra_qwen25vl,0,0,0,0
1902,7:1903,unresolved,unresolved,multimodal_needed,Has long sleeves and is black and long-sleeve.,mbeir_images/fashioniq_images/B008KPIBWQ.jpg,7:73865,68,795,949,lamra_qwen25vl,voyage_multimodal_35,vlm2vec_v2,0,0,0,0
1903,7:1904,composition_required,composition_required,multimodal_needed,Has straps and is brown and is in brown only.,mbeir_images/fashioniq_images/B007IGI8D0.jpg,7:7984,2,61,7374,rzen_embed,gemini_embedding_2,rzen_embed,2,0,0,0
1905,7:1906,composition_required,composition_required,multimodal_needed,Green and shorter and is more metallic and shorter.,mbeir_images/fashioniq_images/B001TA2J9K.jpg,7:16088,1,435,13,gme_qwen2vl_retriever_2,lamra_qwen25vl,gemini_embedding_2,7,0,0,0
1906,7:1907,composition_required,composition_required,multimodal_needed,Has a more modest neck and different pattern and is shorterm lighter and has a higher neckline.,mbeir_images/fashioniq_images/B001DXL1WY.jpg,7:15543,4,86,698,qwen3vl2b_vllm,rzen_embed,qwen3vl2b_vllm,1,0,0,0
1909,7:1910,composition_required,composition_required,multimodal_needed,Is lighter solid red and is brighter red.,mbeir_images/fashioniq_images/B0061RGQEU.jpg,7:20601,2,282,62,gemini_embedding_2,gemini_embedding_2,mmembed,6,0,0,0
1911,7:1912,composition_required,composition_required,multimodal_needed,Has polka dots and a belt and has a polka dot print and is belted at the waist.,mbeir_images/fashioniq_images/B0090JSF7W.jpg,7:8500,1,20,356,e5_omni,vlm2vec_v2,gme_qwen2vl_retriever_2,10,0,0,0
1912,7:1913,unresolved,unresolved,multimodal_needed,Is a short green tee shirt dress and a light green mini dress with a belt.,mbeir_images/fashioniq_images/B007RM21BU.jpg,7:69661,19,13,7167,mmembed,e5_omni,mmembed,0,0,0,0
1914,7:1915,composition_required,composition_required,multimodal_needed,Is long and floral and is longer and more floral.,mbeir_images/fashioniq_images/B007F7PAOC.jpg,7:18649,1,62,2077,gme_qwen2vl_retriever_2,voyage_multimodal_35,gemini_embedding_2,8,0,0,0
1915,7:1916,unresolved,unresolved,multimodal_needed,Has shorter sleeves and is all black and is black and has shorter sleeves.,mbeir_images/fashioniq_images/B008D5A9W8.jpg,7:28552,27,142,743,gemini_embedding_2,gemini_embedding_2,gemini_embedding_2,0,0,0,0
1917,7:1918,unresolved,unresolved,multimodal_needed,Is more revealing and is black and less casual.,mbeir_images/fashioniq_images/B005N4KUIA.jpg,7:51534,523,1178,205,vlm2vec_v2,vlm2vec_v2,lamra_qwen25vl,0,0,0,0
1918,7:1919,unresolved,unresolved,multimodal_needed,Is black with longer sleeves and is black and shorter with longer sleeves.,mbeir_images/fashioniq_images/B007SX36PI.jpg,7:32907,16,750,8464,lamra_qwen25vl,lamra,,0,0,0,0
1919,7:1920,unresolved,unresolved,multimodal_needed,Has longer sleeves and has less puffy bottom.,mbeir_images/fashioniq_images/B00AT9JFQC.jpg,7:69526,48,2891,36,e5_omni,vlm2vec_v2,e5_omni,0,0,0,0
1920,7:1921,unresolved,unresolved,multimodal_needed,Is more solid and sexier and the Desired product is less loud than the provided product.,mbeir_images/fashioniq_images/B0068Z9QUQ.jpg,7:60039,2672,172,3466,voyage_multimodal_35,qwen3vl8b_vllm,,0,0,0,0
1921,7:1922,composition_required,composition_required,multimodal_needed,Is less bright red with black accents and has black trim with a darker red.,mbeir_images/fashioniq_images/B005QYY8F8.jpg,7:4820,1,26,146,lamra_qwen25vl,gemini_embedding_2,voyage_multimodal_35,7,0,0,0
1922,7:1923,unresolved,unresolved,multimodal_needed,Is darker and shorter and is shorter and black.,mbeir_images/fashioniq_images/B005TM5U7C.jpg,7:27059,27,74,314,vlm2vec_v2,vlm2vec_v2,gemini_embedding_2,0,0,0,0
1924,7:1925,unresolved,unresolved,multimodal_needed,Is longer and darker in color and is longer and darker colored.,mbeir_images/fashioniq_images/B0017RAI9S.jpg,7:22357,29,1244,593,voyage_multimodal_35,lamra_qwen25vl,,0,0,0,0
1925,7:1926,unresolved,unresolved,multimodal_needed,Has a sweetheart neckline and defined bust and is black and more revealing.,mbeir_images/fashioniq_images/B00CM7JH80.jpg,7:18835,60,369,161,lamra,e5_omni,e5_omni,0,0,0,0
1929,7:1930,unresolved,unresolved,multimodal_needed,Is longer with a collar and has a white collar and is slightly longer.,mbeir_images/fashioniq_images/B00DUL8IWS.jpg,7:26226,15,716,493,rzen_embed,vlm2vec_v2,lamra_qwen25vl,0,0,0,0
1931,7:1932,unresolved,unresolved,multimodal_needed,Has a pattern and is sleeveless and has spaghetti straps and is ombre colored.,mbeir_images/fashioniq_images/B009AO2IP2.jpg,7:20696,4924,26,28516,qwen3vl2b_vllm,,qwen3vl2b_vllm,0,0,0,0
1932,7:1933,unresolved,unresolved,multimodal_needed,Has no sleeves and is solid and doesn't have a black skirt and some draping fabric is included.,mbeir_images/fashioniq_images/B008MGCDCM.jpg,7:24060,39,945,171,mmembed,mmembed,mmembed,0,0,0,0
1934,7:1935,unresolved,unresolved,multimodal_needed,Is a solid pale pink color and is a different color and sleeveless.,mbeir_images/fashioniq_images/B00A16VH28.jpg,7:33174,217,1194,1099,voyage_multimodal_35,voyage_multimodal_35,mmembed,0,0,0,0
1937,7:1938,unresolved,unresolved,multimodal_needed,Less sexy and has short sleeves and even hemline.,mbeir_images/fashioniq_images/B007IGI7UO.jpg,7:41393,79,1353,2095,rzen_embed,gemini_embedding_2,gemini_embedding_2,0,0,0,0
1938,7:1939,unresolved,unresolved,multimodal_needed,Is more vintage and more patterned and flowing.,mbeir_images/fashioniq_images/B00CL0VWTA.jpg,7:56414,15,393,14,gemini_embedding_2,gemini_embedding_2,mmembed,0,0,0,0
1939,7:1940,composition_required,composition_required,multimodal_needed,Is thigh high and blue and is blue and denim.,mbeir_images/fashioniq_images/B00BM82UCK.jpg,7:24437,4,99,1740,rzen_embed,rzen_embed,gme_qwen2vl_retriever_2,2,0,0,0
1940,7:1941,unresolved,unresolved,multimodal_needed,Has longer sleeves and is brown and is darker with longer sleeves.,mbeir_images/fashioniq_images/B00CZ6G09C.jpg,7:35237,93,1989,2728,lamra,gme_qwen2vl_retriever_2,,0,0,0,0
1941,7:1942,unresolved,unresolved,multimodal_needed,Is shorter and sexier and is a short off shoulder multicolor dress.,mbeir_images/fashioniq_images/B005WQCHPI.jpg,7:45028,82,107,3751,qwen3vl2b_vllm,qwen3vl2b_vllm,e5_omni,0,0,0,0
1943,7:1944,unresolved,unresolved,multimodal_needed,Is black with no sleeves and gold.,mbeir_images/fashioniq_images/B006TALF54.jpg,7:20468,500,1767,1698,voyage_multimodal_35,gemini_embedding_2,e5_omni,0,0,0,0
1945,7:1946,unresolved,unresolved,multimodal_needed,Is long and blue and two-piece.,mbeir_images/fashioniq_images/B00CIZZ6EK.jpg,7:24639,1035,310,13233,lamra,qwen3vl2b_vllm,gemini_embedding_2,0,0,0,0
1946,7:1947,unresolved,unresolved,multimodal_needed,It has a v-neck and a tighter fit and is less dark and more revealing.,mbeir_images/fashioniq_images/B008ZAD996.jpg,7:45997,1334,702,3026,voyage_multimodal_35,voyage_multimodal_35,rzen_embed,0,0,0,0
1949,7:1950,unresolved,unresolved,multimodal_needed,Has a ruffled hem and straps and printed.,mbeir_images/fashioniq_images/B00FN4A7QA.jpg,7:20193,3510,4361,5769,lamra,rzen_embed,lamra,0,0,0,0
1951,7:1952,unresolved,unresolved,multimodal_needed,Has thin straps with ruffles and is black and is more revealing.,mbeir_images/fashioniq_images/B003N17E7U.jpg,7:50027,292,79,3088,qwen3vl8b_vllm,mmembed,qwen3vl8b_vllm,0,0,0,0
1955,7:1956,composition_required,composition_required,multimodal_needed,More hugging and more purple and is solid purple.,mbeir_images/fashioniq_images/B006LQCT6K.jpg,7:12187,10,87,2924,lamra_qwen25vl,gemini_embedding_2,e5_omni,1,0,0,0
1959,7:1960,composition_required,composition_required,multimodal_needed,Is longer with longer sleeves and is shiny black and longer and more formal.,mbeir_images/fashioniq_images/B002Z7FONO.jpg,7:27888,5,12,4324,qwen3vl8b_vllm,qwen3vl8b_vllm,vlm2vec_v2,2,0,0,0
1960,7:1961,unresolved,unresolved,multimodal_needed,Is a short black sleeveless dress and is much plainer and more simple and all black.,mbeir_images/fashioniq_images/B007RB7IJG.jpg,7:31296,27,54,554,mmembed,lamra_qwen25vl,gemini_embedding_2,0,0,0,0
1964,7:1965,composition_required,composition_required,multimodal_needed,Is shorter and lighter in color and is shorter and is more flowing.,mbeir_images/fashioniq_images/B004HSN6W0.jpg,7:32954,9,1175,24,qwen3vl8b_vllm,qwen3vl8b_vllm,,2,0,0,0
1965,7:1966,unresolved,unresolved,multimodal_needed,Is shorter and has longer sleeves and has longer sleeves and blue color.,mbeir_images/fashioniq_images/B00BM279C2.jpg,7:21895,1099,68,8017,lamra,qwen3vl2b_vllm,mmembed,0,0,0,0
1967,7:1968,unresolved,unresolved,multimodal_needed,Has sleeves and a white collar and it lighter and has sleeves.,mbeir_images/fashioniq_images/B0051UT6AY.jpg,7:812,19,53,2825,lamra,gemini_embedding_2,gme_qwen2vl_retriever_2,0,0,0,0
1968,7:1969,composition_required,composition_required,multimodal_needed,Has longer sleeve with belt and is yellow with a belt.,mbeir_images/fashioniq_images/B008AYJC2K.jpg,7:62997,1,12,9885,gme_qwen2vl_retriever_2,mmembed,,6,0,0,0
1970,7:1971,unresolved,unresolved,multimodal_needed,Is more floral and has less text and and a solid color.,mbeir_images/fashioniq_images/B00ASIFVDU.jpg,7:18155,1781,1357,2724,gemini_embedding_2,rzen_embed,lamra,0,0,0,0
1971,7:1972,composition_required,composition_required,multimodal_needed,Is blue and has one sleeve and is more purple.,mbeir_images/fashioniq_images/B0046XRKNM.jpg,7:11224,1,15,193,e5_omni,gemini_embedding_2,mmembed,11,0,0,0
1972,7:1973,unresolved,unresolved,multimodal_needed,Black and white and doesn't have a belt/strap and has a black and white design and is slightly longer.,mbeir_images/fashioniq_images/B003AQB1CM.jpg,7:55475,124,635,1684,voyage_multimodal_35,qwen3vl8b_vllm,,0,0,0,0
1974,7:1975,unresolved,unresolved,multimodal_needed,Is draped and blue and has floral and is blue color.,mbeir_images/fashioniq_images/B009D5TCY8.jpg,7:37912,36,721,367,lamra,qwen3vl8b_vllm,lamra_qwen25vl,0,0,0,0
1977,7:1978,unresolved,unresolved,multimodal_needed,More revealing and v-neck and is lighter in color.,mbeir_images/fashioniq_images/B005GQPE4K.jpg,7:22941,116,6208,95,lamra_qwen25vl,gme_qwen2vl_retriever_2,lamra,0,0,0,0
1978,7:1979,unresolved,unresolved,multimodal_needed,Is shorter and less tighter and is striped and shorter.,mbeir_images/fashioniq_images/B0091E3MCE.jpg,7:3721,20,111,1818,rzen_embed,qwen3vl2b_vllm,,0,0,0,0
1980,7:1981,composition_required,composition_required,multimodal_needed,Is lighter blue shades and is blue with a lighter blue hem line.,mbeir_images/fashioniq_images/B00BG3HJKY.jpg,7:33735,1,11,245,vlm2vec_v2,gemini_embedding_2,gemini_embedding_2,10,0,0,0
1982,7:1983,unresolved,unresolved,multimodal_needed,Is a floor length black sleeveless dress and the dress is black and long.,mbeir_images/fashioniq_images/B005FMSW3U.jpg,7:48323,96,84,13997,gemini_embedding_2,gemini_embedding_2,vlm2vec_v2,0,0,0,0
1983,7:1984,composition_required,composition_required,multimodal_needed,Shorter and black and is black and a mini dress.,mbeir_images/fashioniq_images/B00D1A2XZQ.jpg,7:52955,1,115,431,gme_qwen2vl_retriever_2,rzen_embed,gemini_embedding_2,4,0,0,0
1985,7:1986,unresolved,unresolved,multimodal_needed,Has no sleeves and is shorter sleeved.,mbeir_images/fashioniq_images/B00DJJILJQ.jpg,7:7187,43,657,85,lamra_qwen25vl,vlm2vec_v2,e5_omni,0,0,0,0
1986,7:1987,unresolved,unresolved,multimodal_needed,Is a tube dress and shorter and strapless.,mbeir_images/fashioniq_images/B00C12LOZU.jpg,7:42327,71,27,9480,qwen3vl2b_vllm,qwen3vl8b_vllm,e5_omni,0,0,0,0
1987,7:1988,unresolved,unresolved,multimodal_needed,Is a long solid black dress with half sleeves and has grey with a center black top that is revealed.,mbeir_images/fashioniq_images/B00DEPBDBI.jpg,7:70939,180,61,3045,lamra_qwen25vl,lamra_qwen25vl,lamra,0,0,0,0
1988,7:1989,unresolved,unresolved,multimodal_needed,One should mini dress and is green and has one strap.,mbeir_images/fashioniq_images/B007XTIENG.jpg,7:66237,319,3301,359,gemini_embedding_2,gemini_embedding_2,voyage_multimodal_35,0,0,0,0
1989,7:1990,composition_required,composition_required,multimodal_needed,Is mostly white and is lighter colored.,mbeir_images/fashioniq_images/B00715FFX4.jpg,7:68807,8,1882,66,lamra_qwen25vl,lamra_qwen25vl,gemini_embedding_2,1,0,0,0
1990,7:1991,composition_required,composition_required,multimodal_needed,Has pattern and is red and is red with floral patterns.,mbeir_images/fashioniq_images/B0075AW63M.jpg,7:13879,1,46,20,gme_qwen2vl_retriever_2,gemini_embedding_2,gemini_embedding_2,11,0,0,0
1992,7:1993,unresolved,unresolved,multimodal_needed,Is long an black with small designs and is longer with a lower cut neckline.,mbeir_images/fashioniq_images/B00B2UEOEK.jpg,7:7617,67,182,2513,lamra,qwen3vl8b_vllm,voyage_multimodal_35,0,0,0,0
1993,7:1994,unresolved,unresolved,multimodal_needed,Has longer sleeves and sweater dress above the knee.,mbeir_images/fashioniq_images/B002M3TVJ4.jpg,7:48936,21,18,90,qwen3vl8b_vllm,voyage_multimodal_35,rzen_embed,0,0,0,0
1994,7:1995,composition_required,composition_required,multimodal_needed,Has blue and oranges throughout and is longer and has some orange.,mbeir_images/fashioniq_images/B003XCNN3I.jpg,7:58420,1,11,28,lamra_qwen25vl,lamra_qwen25vl,e5_omni,8,0,0,0
1995,7:1996,unresolved,unresolved,multimodal_needed,Is blue wide strapped dress with flaired bottom and is a darker color with wide straps.,mbeir_images/fashioniq_images/B00CE2GUYM.jpg,7:46963,18,17,1350,lamra,lamra,qwen3vl8b_vllm,0,0,0,0
1996,7:1997,unresolved,unresolved,multimodal_needed,Is sleeveless and more dark coloured and is green.,mbeir_images/fashioniq_images/B005PMRES4.jpg,7:20455,48,135,4215,lamra,gemini_embedding_2,mmembed,0,0,0,0
1997,7:1998,unresolved,unresolved,multimodal_needed,Fit and flair and is red with long sleeves.,mbeir_images/fashioniq_images/B00A787OEA.jpg,7:2121,171,64,402,lamra,mmembed,e5_omni,0,0,0,0
1998,7:1999,unresolved,unresolved,multimodal_needed,Is black with a high neck line and is black and dressy.,mbeir_images/fashioniq_images/B00CFEVLBQ.jpg,7:13150,38,264,1335,lamra_qwen25vl,vlm2vec_v2,gme_qwen2vl_retriever_2,0,0,0,0
2000,7:2001,unresolved,unresolved,multimodal_needed,Is black and less tight and has straps.,mbeir_images/fashioniq_images/B00ANT6K0M.jpg,7:48148,193,2801,38,gme_qwen2vl_retriever_2,mmembed,vlm2vec_v2,0,0,0,0
2001,7:2002,composition_required,composition_required,multimodal_needed,Longed sleeved and dark colored and is black and has much longer sleeves.,mbeir_images/fashioniq_images/B00E0OSMS4.jpg,7:72881,1,562,2712,lamra,qwen3vl8b_vllm,gemini_embedding_2,3,0,0,0
2004,7:2005,unresolved,unresolved,multimodal_needed,Is longer and darker and is striped and without a belt.,mbeir_images/fashioniq_images/B004MW4Y9A.jpg,7:59990,109,1213,1065,gemini_embedding_2,lamra_qwen25vl,qwen3vl8b_vllm,0,0,0,0
2005,7:2006,unresolved,unresolved,multimodal_needed,Has longer sleeves and is black and is longer sleeved and polka-dotted.,mbeir_images/fashioniq_images/B00DO9M2VE.jpg,7:66752,14,28,565,lamra,e5_omni,rzen_embed,0,0,0,0
2006,7:2007,unresolved,unresolved,multimodal_needed,Is more patterned with images and is a print and shorter with a squared neckline.,mbeir_images/fashioniq_images/B003ZJ6GCO.jpg,7:32071,25,442,2649,qwen3vl8b_vllm,qwen3vl8b_vllm,gemini_embedding_2,0,0,0,0
2007,7:2008,unresolved,unresolved,multimodal_needed,Has longer sleeves and black in color and is darker and has longer sleeves.,mbeir_images/fashioniq_images/B00CL0UK0C.jpg,7:52291,65,743,4298,rzen_embed,voyage_multimodal_35,vlm2vec_v2,0,0,0,0
2009,7:2010,unresolved,unresolved,multimodal_needed,Brighter and more playful looking and is red with a floral print.,mbeir_images/fashioniq_images/B00BY3GO0C.jpg,7:59316,20,41,1999,qwen3vl8b_vllm,gemini_embedding_2,,0,0,0,0
2010,7:2011,composition_required,composition_required,multimodal_needed,Is solid white and is a lighter color.,mbeir_images/fashioniq_images/B00CZ7QJUG.jpg,7:1967,6,15,1138,voyage_multimodal_35,voyage_multimodal_35,qwen3vl8b_vllm,1,0,0,0
2012,7:2013,unresolved,unresolved,multimodal_needed,Is a brown tee shirt with diseal logo and is darker and has short sleeves.,mbeir_images/fashioniq_images/B0083WOL16.jpg,7:11821,59,11,20327,lamra,rzen_embed,qwen3vl8b_vllm,0,0,0,0
2013,7:2014,composition_required,composition_required,multimodal_needed,Is dark blue and is blue with a different character.,mbeir_images/fashioniq_images/B005Y4KFPM.jpg,7:16711,1,56,11,gemini_embedding_2,lamra,gemini_embedding_2,10,0,0,0
2014,7:2015,unresolved,unresolved,multimodal_needed,Is red and a tshirt and more warmer colors.,mbeir_images/fashioniq_images/B006QHPYIY.jpg,7:67485,163,97,15340,lamra_qwen25vl,lamra,qwen3vl2b_vllm,0,0,0,0
2017,7:2018,unresolved,unresolved,multimodal_needed,Has short sleeves and hawaiian print and is more tropical.,mbeir_images/fashioniq_images/B005XIGOL8.jpg,7:49068,11,11,14477,mmembed,mmembed,lamra_qwen25vl,0,0,0,0
2019,7:2020,unresolved,unresolved,multimodal_needed,Has white letters and has more buttons.,mbeir_images/fashioniq_images/B00EW84RMS.jpg,7:43317,17,3108,45,lamra_qwen25vl,rzen_embed,gemini_embedding_2,0,0,0,0
2022,7:2023,unresolved,unresolved,multimodal_needed,Is a black T shirt with writing on it and is black and has less graphics.,mbeir_images/fashioniq_images/B008TP27PY.jpg,7:47035,23,47,445,gemini_embedding_2,gemini_embedding_2,vlm2vec_v2,0,0,0,0
2024,7:2025,unresolved,unresolved,multimodal_needed,Red and grey stripes and has longer sleeves and is a full button up.,mbeir_images/fashioniq_images/B003WESSNM.jpg,7:29512,50,2109,83,gemini_embedding_2,qwen3vl2b_vllm,qwen3vl2b_vllm,0,0,0,0
2025,7:2026,unresolved,unresolved,multimodal_needed,Is more patriotic rather than religious and is darker blue with a more colorful graphic.,mbeir_images/fashioniq_images/B002P7569Q.jpg,7:49209,15,46,45,vlm2vec_v2,lamra,vlm2vec_v2,0,0,0,0
2027,7:2028,composition_required,composition_required,multimodal_needed,Is more revealing and is tighter.,mbeir_images/fashioniq_images/B007POL3U0.jpg,7:46041,2,3018,4883,lamra_qwen25vl,gemini_embedding_2,mmembed,3,0,0,0
2028,7:2029,unresolved,unresolved,multimodal_needed,Is lighter and is whiter.,mbeir_images/fashioniq_images/B007X2DHT4.jpg,7:64551,14,3525,164,gme_qwen2vl_retriever_2,qwen3vl2b_vllm,gemini_embedding_2,0,0,0,0
2032,7:2033,unresolved,unresolved,multimodal_needed,Less graphics and is more revealing and has shorter sleeves.,mbeir_images/fashioniq_images/B008VRA3AG.jpg,7:29871,2206,2476,8333,lamra,gemini_embedding_2,mmembed,0,0,0,0
2033,7:2034,unresolved,unresolved,multimodal_needed,Is black with blue designs and is tighter.,mbeir_images/fashioniq_images/B00C51HF46.jpg,7:39624,60,137,3274,qwen3vl8b_vllm,lamra,vlm2vec_v2,0,0,0,0
2034,7:2035,unresolved,unresolved,multimodal_needed,Is bright blue and is brighter in color.,mbeir_images/fashioniq_images/B006SDZ0JY.jpg,7:8895,17,1340,522,gme_qwen2vl_retriever_2,vlm2vec_v2,gemini_embedding_2,0,0,0,0
2035,7:2036,unresolved,unresolved,multimodal_needed,Is a long sleeved shirt and has long sleeve and is grey color.,mbeir_images/fashioniq_images/B00AYU2QZ8.jpg,7:9957,47,855,1465,rzen_embed,vlm2vec_v2,qwen3vl2b_vllm,0,0,0,0
2037,7:2038,unresolved,unresolved,multimodal_needed,Is black ad white striped with a collar and buttons and has vertical stripes and chest pockets.,mbeir_images/fashioniq_images/B0081ZLSWU.jpg,7:1303,13,161,152,lamra,mmembed,qwen3vl2b_vllm,0,0,0,0
2038,7:2039,unresolved,unresolved,multimodal_needed,Is lighter and has a larger graphic.,mbeir_images/fashioniq_images/B001SN7NRQ.jpg,7:32900,60,989,74,mmembed,lamra_qwen25vl,voyage_multimodal_35,0,0,0,0
2039,7:2040,unresolved,unresolved,multimodal_needed,Has more of a heavy metal look to it and is more gothic.,mbeir_images/fashioniq_images/B00ALRS9OG.jpg,7:26484,78,94,3850,lamra_qwen25vl,mmembed,lamra,0,0,0,0
2040,7:2041,unresolved,unresolved,multimodal_needed,Is black with orange designs and is black with orange lettering.,mbeir_images/fashioniq_images/B0081V2U6C.jpg,7:23084,77,116,3484,rzen_embed,rzen_embed,mmembed,0,0,0,0
2041,7:2042,unresolved,unresolved,multimodal_needed,Is darker with a different graphic and a black shirt with pattern on front.,mbeir_images/fashioniq_images/B00853SE8E.jpg,7:9682,20,12,467,voyage_multimodal_35,lamra_qwen25vl,,0,0,0,0
2042,7:2043,composition_required,composition_required,multimodal_needed,Is short sleeve and burgundy colored and is red with sleeves.,mbeir_images/fashioniq_images/B006TTQX6G.jpg,7:47358,6,438,560,mmembed,mmembed,qwen3vl2b_vllm,1,0,0,0
2043,7:2044,unresolved,unresolved,multimodal_needed,Is lighter colored and depicts animals and is alighter color with round neck.,mbeir_images/fashioniq_images/B003OUWT0W.jpg,7:63292,209,548,1846,lamra_qwen25vl,rzen_embed,lamra_qwen25vl,0,0,0,0
2044,7:2045,unresolved,unresolved,multimodal_needed,Is plaid blue an black and is pale blue.,mbeir_images/fashioniq_images/B008YCX6KC.jpg,7:51831,15,64,237,rzen_embed,qwen3vl2b_vllm,mmembed,0,0,0,0
2045,7:2046,unresolved,unresolved,multimodal_needed,And white colors and is a rose shade.,mbeir_images/fashioniq_images/B0038PZMTI.jpg,7:18909,14,2313,72,qwen3vl2b_vllm,lamra_qwen25vl,gemini_embedding_2,0,0,0,0
2046,7:2047,unresolved,unresolved,multimodal_needed,Is shortsleeved and bright and is green and less wordy.,mbeir_images/fashioniq_images/B000QHCNV6.jpg,7:17632,12,63,3122,gme_qwen2vl_retriever_2,lamra,voyage_multimodal_35,0,0,0,0
2047,7:2048,composition_required,composition_required,multimodal_needed,Is a blue long sleeve sports t-shirt and has longer sleeves.,mbeir_images/fashioniq_images/B001KBZ1QQ.jpg,7:10951,3,53,167,qwen3vl2b_vllm,voyage_multimodal_35,,5,0,0,0
2048,7:2049,unresolved,unresolved,multimodal_needed,Is smaller in size and brighter in color and is lighter.,mbeir_images/fashioniq_images/B001XWTNGQ.jpg,7:45913,7141,16923,7870,qwen3vl2b_vllm,vlm2vec_v2,gemini_embedding_2,0,0,0,0
2049,7:2050,unresolved,unresolved,multimodal_needed,Is purple with white designs and is a t-shirt with writing.,mbeir_images/fashioniq_images/B0059A4A5C.jpg,7:16950,66,45,24709,qwen3vl2b_vllm,gme_qwen2vl_retriever_2,e5_omni,0,0,0,0
2051,7:2052,unresolved,unresolved,multimodal_needed,Has short sleeves and has shorter sleeves.,mbeir_images/fashioniq_images/B00BK77UC8.jpg,7:69753,258,8253,529,rzen_embed,gme_qwen2vl_retriever_2,gemini_embedding_2,0,0,0,0
2053,7:2054,composition_required,composition_required,multimodal_needed,Is gray with black designs and is lighter.,mbeir_images/fashioniq_images/B007HZ9C6Y.jpg,7:52750,2,387,320,lamra_qwen25vl,qwen3vl2b_vllm,,3,0,0,0
2058,7:2059,unresolved,unresolved,multimodal_needed,Is more black and is black.,mbeir_images/fashioniq_images/B009VZW24C.jpg,7:48486,959,1984,9526,lamra,vlm2vec_v2,gemini_embedding_2,0,0,0,0
2059,7:2060,unresolved,unresolved,multimodal_needed,Is blue in color and is a deeper blue.,mbeir_images/fashioniq_images/B0013FPI8K.jpg,7:35058,20,150,21,lamra,rzen_embed,lamra,0,0,0,0
2062,7:2063,composition_required,composition_required,multimodal_needed,Is black short sleeved t-shirt with Star Wars image print and is darker.,mbeir_images/fashioniq_images/B003XCKD3G.jpg,7:3179,8,15,1905,lamra,lamra_qwen25vl,mmembed,1,0,0,0
2064,7:2065,composition_required,composition_required,multimodal_needed,Is black and white with checks and is lighter.,mbeir_images/fashioniq_images/B00AREPLXK.jpg,7:30574,3,624,12,e5_omni,voyage_multimodal_35,,4,0,0,0
2067,7:2068,unresolved,unresolved,multimodal_needed,Is grey and white printed shirt and is gray.,mbeir_images/fashioniq_images/B004BO6CXA.jpg,7:17263,306,214,1034,mmembed,mmembed,,0,0,0,0
2071,7:2072,unresolved,unresolved,multimodal_needed,Has a simpler chest logo and is more faded.,mbeir_images/fashioniq_images/B005TGMERW.jpg,7:72777,4216,8907,2965,lamra_qwen25vl,lamra_qwen25vl,lamra_qwen25vl,0,0,0,0
2072,7:2073,unresolved,unresolved,multimodal_needed,Round neck and white and is an advertisement.,mbeir_images/fashioniq_images/B003FGW8MO.jpg,7:15837,42,277,6414,lamra,vlm2vec_v2,lamra,0,0,0,0
2074,7:2075,unresolved,unresolved,multimodal_needed,Is darker and the sleeves are longer and a brown patterned jacket.,mbeir_images/fashioniq_images/B0098GE9GI.jpg,7:48635,17,24,21003,qwen3vl8b_vllm,e5_omni,mmembed,0,0,0,0
2075,7:2076,unresolved,unresolved,multimodal_needed,Is lighter colored with a larger graphic and is white with only black markings.,mbeir_images/fashioniq_images/B000JM3A1A.jpg,7:30705,143,376,762,gme_qwen2vl_retriever_2,gme_qwen2vl_retriever_2,,0,0,0,0
2076,7:2077,unresolved,unresolved,multimodal_needed,Short sleeved and more casual and is lavender in color.,mbeir_images/fashioniq_images/B007V9SM0S.jpg,7:48209,44,605,117,gme_qwen2vl_retriever_2,e5_omni,qwen3vl2b_vllm,0,0,0,0
2081,7:2082,composition_required,composition_required,multimodal_needed,Is colorful and formal and is blue and doesn't have a paisley print.,mbeir_images/fashioniq_images/B005ILK060.jpg,7:44200,5,1863,198,lamra,rzen_embed,gemini_embedding_2,2,0,0,0
2082,7:2083,unresolved,unresolved,multimodal_needed,Is a black cat and is more casual and a head piece.,mbeir_images/fashioniq_images/B0014J7Y8W.jpg,7:58013,91,270,12300,lamra_qwen25vl,lamra_qwen25vl,mmembed,0,0,0,0
2083,7:2084,unresolved,unresolved,multimodal_needed,Is white and is white and more pop culture.,mbeir_images/fashioniq_images/B003T70M3G.jpg,7:41945,11,1761,76,gme_qwen2vl_retriever_2,voyage_multimodal_35,qwen3vl2b_vllm,0,0,0,0
2084,7:2085,unresolved,unresolved,multimodal_needed,Is a navy blue t shirt and with thinner stripes.,mbeir_images/fashioniq_images/B007FGYDAK.jpg,7:12199,344,1502,132,gme_qwen2vl_retriever_2,lamra_qwen25vl,gme_qwen2vl_retriever_2,0,0,0,0
2085,7:2086,composition_required,composition_required,multimodal_needed,Is lighter in color and is grey with black writing.,mbeir_images/fashioniq_images/B00A9IW94I.jpg,7:28143,3,136,20,lamra_qwen25vl,gme_qwen2vl_retriever_2,,4,0,0,0
2086,7:2087,unresolved,unresolved,multimodal_needed,Is black colored with long sleeves and is black colored.,mbeir_images/fashioniq_images/B0073PSC3M.jpg,7:59594,38,37,23700,lamra,mmembed,gemini_embedding_2,0,0,0,0
2087,7:2088,unresolved,unresolved,multimodal_needed,Is more cartoonish and less strappy and is a shirt and not a backpack.,mbeir_images/fashioniq_images/B001U239PU.jpg,7:38003,227,2983,4689,gemini_embedding_2,gemini_embedding_2,qwen3vl2b_vllm,0,0,0,0
2088,7:2089,composition_required,composition_required,multimodal_needed,Has a longer sleeve and is longer sleeved.,mbeir_images/fashioniq_images/B005W44GZO.jpg,7:8284,9,12259,61,lamra_qwen25vl,voyage_multimodal_35,vlm2vec_v2,1,0,0,0
2089,7:2090,unresolved,unresolved,multimodal_needed,Is more comic and is darker in color.,mbeir_images/fashioniq_images/B008588ZPQ.jpg,7:1755,603,874,6203,mmembed,vlm2vec_v2,gemini_embedding_2,0,0,0,0
2091,7:2092,unresolved,unresolved,multimodal_needed,Is more white and has shorter sleeves and is a white short sleeved polo.,mbeir_images/fashioniq_images/B0051GDT4M.jpg,7:10292,19,47,685,mmembed,voyage_multimodal_35,voyage_multimodal_35,0,0,0,0
2092,7:2093,unresolved,unresolved,multimodal_needed,Is a shirt with collar and is a light blue button up.,mbeir_images/fashioniq_images/B00926S118.jpg,7:47964,27,24,9210,voyage_multimodal_35,e5_omni,mmembed,0,0,0,0
2093,7:2094,unresolved,unresolved,multimodal_needed,Is a lighter color with a cat graphic and is lighter and more graphic.,mbeir_images/fashioniq_images/B00B88ZKXA.jpg,7:58999,43,61,178,lamra,voyage_multimodal_35,voyage_multimodal_35,0,0,0,0
2094,7:2095,unresolved,unresolved,multimodal_needed,Has different wording and has a different logo.,mbeir_images/fashioniq_images/B00923GT8S.jpg,7:13458,14,295,18,mmembed,mmembed,e5_omni,0,0,0,0
2096,7:2097,composition_required,composition_required,multimodal_needed,Is a white tank-top and is white colored.,mbeir_images/fashioniq_images/B00461228C.jpg,7:48899,3,44,3540,qwen3vl8b_vllm,lamra,vlm2vec_v2,3,0,0,0
2097,7:2098,unresolved,unresolved,multimodal_needed,Has a different graphic and is camouflaged and wider.,mbeir_images/fashioniq_images/B0093OQBCK.jpg,7:128,44,69,9295,lamra_qwen25vl,lamra_qwen25vl,,0,0,0,0
2098,7:2099,unresolved,unresolved,multimodal_needed,Has a more faded print and has a less vibrant white color.,mbeir_images/fashioniq_images/B005344CDE.jpg,7:39025,145,39,153,lamra_qwen25vl,mmembed,lamra,0,0,0,0
2099,7:2100,unresolved,unresolved,multimodal_needed,Doesn't have a color and has no collar and has a blue and white logo.,mbeir_images/fashioniq_images/B00BRB2H8O.jpg,7:10695,590,13767,494,lamra,gemini_embedding_2,qwen3vl2b_vllm,0,0,0,0
2100,7:2101,unresolved,unresolved,multimodal_needed,Has more lettering and is less oval and a black shirt with white words and face on front.,mbeir_images/fashioniq_images/B000XK9KKI.jpg,7:3693,360,363,767,mmembed,mmembed,mmembed,0,0,0,0
2101,7:2102,unresolved,unresolved,multimodal_needed,Is white and is a lighter and brighter color.,mbeir_images/fashioniq_images/B004CO39EO.jpg,7:60235,13,778,404,lamra_qwen25vl,qwen3vl2b_vllm,vlm2vec_v2,0,0,0,0
2102,7:2103,unresolved,unresolved,multimodal_needed,Is black colored with a v-neck and white lettering.,mbeir_images/fashioniq_images/B0067OAL7U.jpg,7:53374,209,897,19832,qwen3vl8b_vllm,voyage_multimodal_35,qwen3vl2b_vllm,0,0,0,0
2103,7:2104,unresolved,unresolved,multimodal_needed,Has buttons and is sleeveless and buttons up.,mbeir_images/fashioniq_images/B000TYT49U.jpg,7:591,18,48,3145,e5_omni,e5_omni,vlm2vec_v2,0,0,0,0
2104,7:2105,unresolved,unresolved,multimodal_needed,White and is black with a brighter graphic.,mbeir_images/fashioniq_images/B001QL8NVA.jpg,7:28109,211,1661,5803,lamra,lamra,,0,0,0,0
2105,7:2106,unresolved,unresolved,multimodal_needed,Has no creepy creature and is darker and more scary.,mbeir_images/fashioniq_images/B007SH2NT4.jpg,7:73270,358,376,774,qwen3vl2b_vllm,e5_omni,qwen3vl2b_vllm,0,0,0,0
2106,7:2107,composition_required,composition_required,multimodal_needed,Is brown with no image and is brown with tiny words.,mbeir_images/fashioniq_images/B000QGPYP4.jpg,7:12277,6,28,578,gemini_embedding_2,mmembed,,2,0,0,0
2108,7:2109,unresolved,unresolved,multimodal_needed,Has longer sleeves and is green and has long sleeves.,mbeir_images/fashioniq_images/B0012NBP4O.jpg,7:55974,14,97,10180,lamra_qwen25vl,lamra_qwen25vl,lamra_qwen25vl,0,0,0,0
2109,7:2110,unresolved,unresolved,multimodal_needed,Is lighter and is more colorful.,mbeir_images/fashioniq_images/B0041IY8I2.jpg,7:57331,616,24071,2170,rzen_embed,lamra,gemini_embedding_2,0,0,0,0
2113,7:2114,composition_required,composition_required,multimodal_needed,Have dark color short sleeves and has shorter sleeves and is more brown.,mbeir_images/fashioniq_images/B000W7YJP8.jpg,7:45137,4,74,320,voyage_multimodal_35,gme_qwen2vl_retriever_2,,4,0,0,0
2115,7:2116,unresolved,unresolved,multimodal_needed,Has longer sleeves and is black and is darker and has longer sleeves.,mbeir_images/fashioniq_images/B003EKOBTY.jpg,7:44512,63,387,21728,rzen_embed,e5_omni,vlm2vec_v2,0,0,0,0
2118,7:2119,unresolved,unresolved,multimodal_needed,Has a brighter color and art and has logo and light yellow color.,mbeir_images/fashioniq_images/B007M68RR8.jpg,7:9058,82,94,20281,lamra_qwen25vl,lamra_qwen25vl,gemini_embedding_2,0,0,0,0
2119,7:2120,composition_required,composition_required,multimodal_needed,Is white with long sleeves and is grey with long sleeves.,mbeir_images/fashioniq_images/B000VSHLSK.jpg,7:20031,2,134,4619,lamra_qwen25vl,gme_qwen2vl_retriever_2,,1,0,0,0
2120,7:2121,composition_required,composition_required,multimodal_needed,Has stripes and is brown and white striped.,mbeir_images/fashioniq_images/B0033EFCIK.jpg,7:69999,1,96,29,lamra,rzen_embed,gemini_embedding_2,10,0,0,0
2121,7:2122,unresolved,unresolved,multimodal_needed,Is more black with less graphics and it is black and has a simple print.,mbeir_images/fashioniq_images/B005XIGCYW.jpg,7:68200,37,1330,46,gemini_embedding_2,lamra,,0,0,0,0
2122,7:2123,composition_required,composition_required,multimodal_needed,Is light blue with white words and is a lighter color and a different state logo.,mbeir_images/fashioniq_images/B00844FELO.jpg,7:72020,2,16,164,lamra_qwen25vl,gemini_embedding_2,,8,0,0,0
2123,7:2124,unresolved,unresolved,multimodal_needed,Longer sleeves and blue and is long sleeved and solid blue.,mbeir_images/fashioniq_images/B007TM9B70.jpg,7:11081,25,47,2924,lamra_qwen25vl,voyage_multimodal_35,e5_omni,0,0,0,0
2124,7:2125,unresolved,unresolved,multimodal_needed,Is brown and is lighter.,mbeir_images/fashioniq_images/B000W8UAR8.jpg,7:24688,14,2011,679,mmembed,gemini_embedding_2,qwen3vl8b_vllm,0,0,0,0
2125,7:2126,unresolved,unresolved,multimodal_needed,Is bright with short sleeves and has short sleeves.,mbeir_images/fashioniq_images/B009L80RS2.jpg,7:72217,191,14032,338,vlm2vec_v2,lamra_qwen25vl,vlm2vec_v2,0,0,0,0
2126,7:2127,unresolved,unresolved,multimodal_needed,Is darker with two buttons and has a color and top buttons.,mbeir_images/fashioniq_images/B005JQ5YBU.jpg,7:26359,32,773,284,lamra,rzen_embed,lamra,0,0,0,0
2127,7:2128,composition_required,composition_required,multimodal_needed,Is lighter colored and has checkered pattern and and has a different graphic.,mbeir_images/fashioniq_images/B0032HJXKG.jpg,7:48607,10,1175,30,rzen_embed,rzen_embed,gme_qwen2vl_retriever_2,1,0,0,0
2128,7:2129,unresolved,unresolved,multimodal_needed,Is more darker and is solid gray and has a smaller plaid pattern.,mbeir_images/fashioniq_images/B00CZ6OWA6.jpg,7:40103,22,383,416,qwen3vl8b_vllm,lamra_qwen25vl,qwen3vl8b_vllm,0,0,0,0
2131,7:2132,composition_required,composition_required,multimodal_needed,Is white with no stripes and is more solid colored.,mbeir_images/fashioniq_images/B00BQ71QVI.jpg,7:10026,2,964,115,mmembed,e5_omni,,6,0,0,0
2132,7:2133,unresolved,unresolved,multimodal_needed,Has a smaller and does not have a picture but text.,mbeir_images/fashioniq_images/B00B80RFOA.jpg,7:28397,14,811,58,lamra_qwen25vl,lamra,e5_omni,0,0,0,0
2133,7:2134,composition_required,composition_required,multimodal_needed,Is smaller in size and is longer and more colorful.,mbeir_images/fashioniq_images/B007ZNLENM.jpg,7:16985,9,16455,19,lamra_qwen25vl,,gemini_embedding_2,1,0,0,0
2136,7:2137,composition_required,composition_required,multimodal_needed,Is red and bolder and is darker in color and has a larger design.,mbeir_images/fashioniq_images/B004AM0XUQ.jpg,7:31100,3,2131,21,e5_omni,e5_omni,,6,0,0,0
2137,7:2138,unresolved,unresolved,multimodal_needed,Is pure white and is white and has a pocket.,mbeir_images/fashioniq_images/B005ILK060.jpg,7:40736,43,87,255,gemini_embedding_2,gme_qwen2vl_retriever_2,,0,0,0,0
2138,7:2139,unresolved,unresolved,multimodal_needed,Is grey with a different picture and is of a lighter color.,mbeir_images/fashioniq_images/B002TUTMCG.jpg,7:62735,26,379,2947,mmembed,rzen_embed,,0,0,0,0
2139,7:2140,unresolved,unresolved,multimodal_needed,The shirt is gray in color with white writing and is faded.,mbeir_images/fashioniq_images/B001KQ3YDS.jpg,7:62643,193,4413,27,mmembed,lamra,mmembed,0,0,0,0
2141,7:2142,unresolved,unresolved,multimodal_needed,Has different graphics and has brighter colors in it.,mbeir_images/fashioniq_images/B003H3B9ZM.jpg,7:10679,689,1293,1491,lamra,lamra_qwen25vl,qwen3vl8b_vllm,0,0,0,0
2142,7:2143,unresolved,unresolved,multimodal_needed,Is red in color and plain pattern and is red.,mbeir_images/fashioniq_images/B000MX1M98.jpg,7:63258,70,494,9043,lamra_qwen25vl,qwen3vl2b_vllm,,0,0,0,0
2144,7:2145,composition_required,composition_required,multimodal_needed,Is green with a centered image and has a smaller logo.,mbeir_images/fashioniq_images/B00BOHU9ZE.jpg,7:17987,6,92,174,mmembed,mmembed,gemini_embedding_2,2,0,0,0
2146,7:2147,unresolved,unresolved,multimodal_needed,Is blue with black writing and is less formal.,mbeir_images/fashioniq_images/B00166XERS.jpg,7:73516,33,63,6506,qwen3vl8b_vllm,qwen3vl8b_vllm,lamra,0,0,0,0
2147,7:2148,unresolved,unresolved,multimodal_needed,Is less shiny and wider and is brighter.,mbeir_images/fashioniq_images/B008C72B7S.jpg,7:45956,114,9091,99,qwen3vl2b_vllm,,e5_omni,0,0,0,0
2148,7:2149,composition_required,composition_required,multimodal_needed,Is more striped and less pocketed and has longer sleeves.,mbeir_images/fashioniq_images/B009NBSZOU.jpg,7:10164,9,4342,40,gemini_embedding_2,voyage_multimodal_35,vlm2vec_v2,1,0,0,0
2149,7:2150,composition_required,composition_required,multimodal_needed,A black tee with a movie logo and has black and yellow colors.,mbeir_images/fashioniq_images/B007SJE6RE.jpg,7:35668,4,12,22,voyage_multimodal_35,gemini_embedding_2,mmembed,5,0,0,0
2152,7:2153,composition_required,composition_required,multimodal_needed,Is gray and has a flag in the picture and is darker.,mbeir_images/fashioniq_images/B004K2NSGM.jpg,7:29268,1,11,33,gemini_embedding_2,mmembed,qwen3vl8b_vllm,9,0,0,0
2153,7:2154,unresolved,unresolved,multimodal_needed,Is white and has a different logo and is black with crew neck.,mbeir_images/fashioniq_images/B006H4KOTA.jpg,7:60163,1141,4666,1606,lamra,qwen3vl2b_vllm,vlm2vec_v2,0,0,0,0
2155,7:2156,unresolved,unresolved,multimodal_needed,Has a darker print on front and is much brighter in color.,mbeir_images/fashioniq_images/B000EGBBTE.jpg,7:46278,674,2708,4596,qwen3vl8b_vllm,rzen_embed,mmembed,0,0,0,0
2156,7:2157,unresolved,unresolved,multimodal_needed,This is a solid color and short sleeves and buttons.,mbeir_images/fashioniq_images/B003INE0Q6.jpg,7:42196,139,57,3898,gemini_embedding_2,lamra,gemini_embedding_2,0,0,0,0
2159,7:2160,composition_required,composition_required,multimodal_needed,Has longer sleeves with stripes and has longer sleeves.,mbeir_images/fashioniq_images/B006ZZHEU8.jpg,7:24634,2,599,278,gme_qwen2vl_retriever_2,rzen_embed,gme_qwen2vl_retriever_2,2,0,0,0
2161,7:2162,unresolved,unresolved,multimodal_needed,Has longer sleeves and is lighter and has longer sleeves.,mbeir_images/fashioniq_images/B005HJPL0I.jpg,7:42180,90,251,10030,lamra,e5_omni,vlm2vec_v2,0,0,0,0
2162,7:2163,unresolved,unresolved,multimodal_needed,Has a dog print on it and has a larger graphic.,mbeir_images/fashioniq_images/B004CVDPAA.jpg,7:11254,17,31,7841,mmembed,mmembed,gemini_embedding_2,0,0,0,0
2163,7:2164,composition_required,composition_required,multimodal_needed,Shorter sleeves and blue and has shorter sleeves.,mbeir_images/fashioniq_images/B004GIZYTE.jpg,7:70600,2,1165,87,lamra,e5_omni,,9,0,0,0
2164,7:2165,unresolved,unresolved,multimodal_needed,Is a loose fitting t shirt and is blue and is more animated.,mbeir_images/fashioniq_images/B00BYQH3D6.jpg,7:28870,139,776,3861,qwen3vl2b_vllm,voyage_multimodal_35,gemini_embedding_2,0,0,0,0
2165,7:2166,unresolved,unresolved,multimodal_needed,Has a solid color and is darker and has no stripes.,mbeir_images/fashioniq_images/B005ESA9SG.jpg,7:7974,33,5589,98,gme_qwen2vl_retriever_2,lamra_qwen25vl,qwen3vl2b_vllm,0,0,0,0
2166,7:2167,unresolved,unresolved,multimodal_needed,Is darker and has a larger graphic and has bolder graphics and less humorous.,mbeir_images/fashioniq_images/B001U9DJ0I.jpg,7:59956,274,2040,187,gme_qwen2vl_retriever_2,lamra_qwen25vl,vlm2vec_v2,0,0,0,0
2167,7:2168,unresolved,unresolved,multimodal_needed,And dark green and is darker in color.,mbeir_images/fashioniq_images/B00AOJE63E.jpg,7:58364,227,5834,721,lamra_qwen25vl,lamra_qwen25vl,qwen3vl8b_vllm,0,0,0,0
2168,7:2169,composition_required,composition_required,multimodal_needed,Is blue checked and is bright blue plaid design.,mbeir_images/fashioniq_images/B005DIJSPM.jpg,7:57841,9,82,1076,lamra_qwen25vl,qwen3vl2b_vllm,e5_omni,1,0,0,0
2169,7:2170,unresolved,unresolved,multimodal_needed,Is blue t-shirt-style with arge logo graphic and is less formal.,mbeir_images/fashioniq_images/B006SHCSEU.jpg,7:38962,729,412,9644,qwen3vl2b_vllm,qwen3vl2b_vllm,qwen3vl2b_vllm,0,0,0,0
2170,7:2171,unresolved,unresolved,multimodal_needed,Is large and blue and is light blue with different logo.,mbeir_images/fashioniq_images/B005FYKZ8I.jpg,7:37761,186,790,494,lamra,lamra,lamra_qwen25vl,0,0,0,0
2171,7:2172,unresolved,unresolved,multimodal_needed,Is more blue and  pocketed and is lighter.,mbeir_images/fashioniq_images/B004Y9NQ1S.jpg,7:70179,37,509,45,,voyage_multimodal_35,vlm2vec_v2,0,0,0,0
2172,7:2173,composition_required,composition_required,multimodal_needed,Has longer sleeves and is grey and is lighter and has longer sleeves.,mbeir_images/fashioniq_images/B008MO9EY4.jpg,7:70866,8,56,9354,lamra,e5_omni,rzen_embed,1,0,0,0
2174,7:2175,composition_required,composition_required,multimodal_needed,Has longer sleeves and white center with print and has longer sleeves and a round logo.,mbeir_images/fashioniq_images/B002XGG0AS.jpg,7:6263,1,16,286,gme_qwen2vl_retriever_2,rzen_embed,,7,0,0,0
2175,7:2176,composition_required,composition_required,multimodal_needed,Green and is green and less animal-like.,mbeir_images/fashioniq_images/B000Z3V2JA.jpg,7:58156,4,70,337,rzen_embed,qwen3vl2b_vllm,vlm2vec_v2,1,0,0,0
2176,7:2177,unresolved,unresolved,multimodal_needed,Is light grey with a black pattern and is darker.,mbeir_images/fashioniq_images/B0048KPWFG.jpg,7:52896,1379,1862,9766,qwen3vl8b_vllm,gme_qwen2vl_retriever_2,qwen3vl8b_vllm,0,0,0,0
2177,7:2178,composition_required,composition_required,multimodal_needed,Is red and is red.,mbeir_images/fashioniq_images/B0069IQPPQ.jpg,7:34552,1,198,53,gme_qwen2vl_retriever_2,rzen_embed,,10,0,0,0
2178,7:2179,unresolved,unresolved,multimodal_needed,Has writing on the t-shirt and is gray with black lettering.,mbeir_images/fashioniq_images/B0020Q11LE.jpg,7:30646,521,377,826,rzen_embed,lamra,gemini_embedding_2,0,0,0,0
2180,7:2181,unresolved,unresolved,multimodal_needed,Has a v shaped neckline and is darker.,mbeir_images/fashioniq_images/B00AZWLNV8.jpg,7:21665,1206,16114,4132,lamra_qwen25vl,qwen3vl2b_vllm,voyage_multimodal_35,0,0,0,0
2182,7:2183,composition_required,composition_required,multimodal_needed,Is dark blue and is darker in color.,mbeir_images/fashioniq_images/B005588YAA.jpg,7:21826,2,40,117,lamra_qwen25vl,rzen_embed,voyage_multimodal_35,4,0,0,0
2183,7:2184,composition_required,composition_required,multimodal_needed,Is gray and black and black and gray with button neck and large front print.,mbeir_images/fashioniq_images/B00C9T317O.jpg,7:73462,1,37,1815,lamra,gemini_embedding_2,gemini_embedding_2,5,0,0,0
2186,7:2187,unresolved,unresolved,multimodal_needed,Has green and has more colorful graphics.,mbeir_images/fashioniq_images/B0089ODSU8.jpg,7:6753,51,1175,196,mmembed,mmembed,qwen3vl2b_vllm,0,0,0,0
2187,7:2188,unresolved,unresolved,multimodal_needed,Is black and has darker shades and devil graphic.,mbeir_images/fashioniq_images/B006KNW59K.jpg,7:8830,110,55,18372,mmembed,lamra_qwen25vl,mmembed,0,0,0,0
2188,7:2189,unresolved,unresolved,multimodal_needed,Is dark colored with an image and is black and has letter logo.,mbeir_images/fashioniq_images/B00BWTZIC8.jpg,7:47354,84,180,533,mmembed,lamra_qwen25vl,gemini_embedding_2,0,0,0,0
2189,7:2190,unresolved,unresolved,multimodal_needed,Is black with white designs and is black with grey and white logo.,mbeir_images/fashioniq_images/B00B9DYVZC.jpg,7:70310,732,190,10014,lamra_qwen25vl,lamra_qwen25vl,,0,0,0,0
2190,7:2191,unresolved,unresolved,multimodal_needed,Is a darker color and short sleeves and is a black button down.,mbeir_images/fashioniq_images/B005JQ4WEK.jpg,7:45055,31,31,1319,voyage_multimodal_35,voyage_multimodal_35,gme_qwen2vl_retriever_2,0,0,0,0
2192,7:2193,composition_required,composition_required,multimodal_needed,Is sleeveless and black in color and is sleeveless and is black.,mbeir_images/fashioniq_images/B000GA5YPK.jpg,7:41053,1,74,2699,gme_qwen2vl_retriever_2,rzen_embed,,7,0,0,0
2193,7:2194,composition_required,composition_required,multimodal_needed,Has lighter lettering and it is more black.,mbeir_images/fashioniq_images/B004FN2OYI.jpg,7:60592,7,605,12,rzen_embed,voyage_multimodal_35,vlm2vec_v2,3,0,0,0
2196,7:2197,unresolved,unresolved,multimodal_needed,Is dark blue colored and plain pattern and is more simple and darker in colour.,mbeir_images/fashioniq_images/B00DX7P1IS.jpg,7:29150,25,194,28,gemini_embedding_2,rzen_embed,vlm2vec_v2,0,0,0,0
2197,7:2198,composition_required,composition_required,multimodal_needed,Is similar but with chest pockets on both sides and has longer sleeves.,mbeir_images/fashioniq_images/B00AOJG07E.jpg,7:15113,3,288,41,qwen3vl2b_vllm,gemini_embedding_2,rzen_embed,6,0,0,0
2198,7:2199,unresolved,unresolved,multimodal_needed,Is red with black designs and is longer.,mbeir_images/fashioniq_images/B005ISINDU.jpg,7:28356,683,3257,6619,rzen_embed,vlm2vec_v2,,0,0,0,0
2200,7:2201,composition_required,composition_required,multimodal_needed,Is red with yellow designs and is lighter.,mbeir_images/fashioniq_images/B006RI34ZC.jpg,7:68899,6,354,10502,lamra,lamra,lamra_qwen25vl,1,0,0,0
2201,7:2202,unresolved,unresolved,multimodal_needed,Has a more intricate graphic and is moe emo.,mbeir_images/fashioniq_images/B0084UUHB0.jpg,7:45584,24,236,191,qwen3vl2b_vllm,qwen3vl2b_vllm,qwen3vl2b_vllm,0,0,0,0
2204,7:2205,unresolved,unresolved,multimodal_needed,Is more fitted  and has no buttons and black with one big gray stripes across belly.,mbeir_images/fashioniq_images/B005B6ZIE6.jpg,7:53066,44,90,798,gemini_embedding_2,gemini_embedding_2,vlm2vec_v2,0,0,0,0
2205,7:2206,composition_required,composition_required,multimodal_needed,Is black and plain and is more black.,mbeir_images/fashioniq_images/B007WMC41C.jpg,7:27062,1,609,25,gme_qwen2vl_retriever_2,gme_qwen2vl_retriever_2,,9,0,0,0
2206,7:2207,composition_required,composition_required,multimodal_needed,The shirt is long sleeve and blue in color and longer sleeves on it.,mbeir_images/fashioniq_images/B001OQYE24.jpg,7:36418,1,37,75,rzen_embed,qwen3vl2b_vllm,vlm2vec_v2,7,0,0,0
2207,7:2208,unresolved,unresolved,multimodal_needed,Is a long sleeved button up light plaid and black t-shirt with skeleton showing muscles and organs.,mbeir_images/fashioniq_images/B000783TCQ.jpg,7:28251,11,1451,1759,lamra_qwen25vl,lamra_qwen25vl,qwen3vl2b_vllm,0,0,0,0
2208,7:2209,composition_required,composition_required,multimodal_needed,Is blue in color and is a solid green color.,mbeir_images/fashioniq_images/B007CBS7OG.jpg,7:28732,1,59,339,lamra,qwen3vl2b_vllm,lamra_qwen25vl,6,0,0,0
2209,7:2210,unresolved,unresolved,multimodal_needed,Has short sleeves and a logo and has shorter leeves.,mbeir_images/fashioniq_images/B00APU4KE2.jpg,7:55905,2116,750,9964,lamra_qwen25vl,lamra_qwen25vl,mmembed,0,0,0,0
2210,7:2211,unresolved,unresolved,multimodal_needed,Black and has a video game character and is darker.,mbeir_images/fashioniq_images/B000X74R7C.jpg,7:55073,57,152,1048,voyage_multimodal_35,qwen3vl2b_vllm,,0,0,0,0
2211,7:2212,unresolved,unresolved,multimodal_needed,Is darker and has longer sleeves.,mbeir_images/fashioniq_images/B007T5JNJ8.jpg,7:1938,856,10851,99,,,lamra_qwen25vl,0,0,0,0
2214,7:2215,unresolved,unresolved,multimodal_needed,Has red and is light white and has a bit logo.,mbeir_images/fashioniq_images/B00AR0ARLK.jpg,7:55962,284,391,52,voyage_multimodal_35,lamra_qwen25vl,qwen3vl8b_vllm,0,0,0,0
2215,7:2216,unresolved,unresolved,multimodal_needed,Is blue and is less brightly colored.,mbeir_images/fashioniq_images/B008LDGQK6.jpg,7:57252,70,16212,81,e5_omni,mmembed,qwen3vl2b_vllm,0,0,0,0
2216,7:2217,unresolved,unresolved,multimodal_needed,Is a white polo shirt and is white with shorter sleeves.,mbeir_images/fashioniq_images/B008Z0FTB2.jpg,7:71055,49,15,6445,qwen3vl2b_vllm,rzen_embed,e5_omni,0,0,0,0
2217,7:2218,unresolved,unresolved,multimodal_needed,Is blue in color with a different logo and wrestling.,mbeir_images/fashioniq_images/B0020Q11LE.jpg,7:64335,51,49,325,rzen_embed,voyage_multimodal_35,gemini_embedding_2,0,0,0,0
2218,7:2219,unresolved,unresolved,multimodal_needed,Is more colorful and more tropical and is blue with floral pattern.,mbeir_images/fashioniq_images/B00112FYQG.jpg,7:37736,44,42,159,mmembed,e5_omni,qwen3vl2b_vllm,0,0,0,0
2220,7:2221,unresolved,unresolved,multimodal_needed,Is more formal and plain and is a more formal shirt.,mbeir_images/fashioniq_images/B008F39HRQ.jpg,7:54356,324,419,13421,mmembed,mmembed,voyage_multimodal_35,0,0,0,0
2221,7:2222,unresolved,unresolved,multimodal_needed,Is brighter colored with green sleeves and is white and green with longer sleeves.,mbeir_images/fashioniq_images/B00827XZUK.jpg,7:51495,19,13,28224,qwen3vl2b_vllm,qwen3vl2b_vllm,mmembed,0,0,0,0
2223,7:2224,unresolved,unresolved,multimodal_needed,Is the long light blue shirt and has brighter colors and is more cartoonish.,mbeir_images/fashioniq_images/B006N1KCB2.jpg,7:54604,96,5135,111,voyage_multimodal_35,qwen3vl2b_vllm,lamra,0,0,0,0
2225,7:2226,unresolved,unresolved,multimodal_needed,Is black and grey with strips and is more striped and darker.,mbeir_images/fashioniq_images/B005S6YGO2.jpg,7:68457,27,341,507,qwen3vl2b_vllm,voyage_multimodal_35,qwen3vl2b_vllm,0,0,0,0
2227,7:2228,composition_required,composition_required,multimodal_needed,Is lighter and it is blue.,mbeir_images/fashioniq_images/B004TMGDME.jpg,7:57050,1,491,37,gme_qwen2vl_retriever_2,lamra,gemini_embedding_2,2,0,0,0
2228,7:2229,unresolved,unresolved,multimodal_needed,Is gray with black designs and is darker.,mbeir_images/fashioniq_images/B003H7RKB0.jpg,7:69340,260,1079,1855,rzen_embed,e5_omni,vlm2vec_v2,0,0,0,0
2229,7:2230,composition_required,composition_required,multimodal_needed,Is solid and has long sleeves and is orange and has longer sleeves.,mbeir_images/fashioniq_images/B00BY24W7K.jpg,7:63260,8,37,4306,gemini_embedding_2,gemini_embedding_2,,1,0,0,0
2231,7:2232,unresolved,unresolved,multimodal_needed,Is black  wiith a graphic print and is darker.,mbeir_images/fashioniq_images/B00ARF686S.jpg,7:40816,1266,396,15023,qwen3vl8b_vllm,rzen_embed,gme_qwen2vl_retriever_2,0,0,0,0
2232,7:2233,composition_required,composition_required,multimodal_needed,Is smaller in size with different print design and has more pattern.,mbeir_images/fashioniq_images/B0060EYIU8.jpg,7:19282,3,3394,11,gemini_embedding_2,qwen3vl2b_vllm,gemini_embedding_2,6,0,0,0
2233,7:2234,composition_required,composition_required,multimodal_needed,Is a cream color with an open color and is a button down shirt.,mbeir_images/fashioniq_images/B0057V76WM.jpg,7:36140,4,22,29482,lamra_qwen25vl,e5_omni,voyage_multimodal_35,1,0,0,0
2236,7:2237,composition_required,composition_required,multimodal_needed,Has a yellow color with cartoon art and is yellow colored.,mbeir_images/fashioniq_images/B00AY9O4WC.jpg,7:38817,1,83,35,mmembed,rzen_embed,,8,0,0,0
2237,7:2238,composition_required,composition_required,multimodal_needed,Is more casual and is more striped.,mbeir_images/fashioniq_images/B00680JY4O.jpg,7:14359,2,194,136,mmembed,mmembed,mmembed,3,0,0,0
2238,7:2239,unresolved,unresolved,multimodal_needed,Is darker with long sleeves and is darker and has longer sleeves.,mbeir_images/fashioniq_images/B0092UH97G.jpg,7:21673,57,1973,2875,vlm2vec_v2,mmembed,vlm2vec_v2,0,0,0,0
2239,7:2240,composition_required,composition_required,multimodal_needed,Is blue and is navy.,mbeir_images/fashioniq_images/B001L0ZVIE.jpg,7:67324,3,26,31,gemini_embedding_2,qwen3vl2b_vllm,gemini_embedding_2,2,0,0,0
2240,7:2241,composition_required,composition_required,multimodal_needed,Is a black v shaped neck t-shirt and is black and more casual.,mbeir_images/fashioniq_images/B0009MIGVO.jpg,7:39828,7,16,5056,mmembed,mmembed,,2,0,0,0
2242,7:2243,composition_required,composition_required,multimodal_needed,Has a standard logo on it and is darker.,mbeir_images/fashioniq_images/B0064IPVGK.jpg,7:9731,2,177,54,vlm2vec_v2,voyage_multimodal_35,,2,0,0,0
2243,7:2244,unresolved,unresolved,multimodal_needed,Is black and plain and is black and has buttons.,mbeir_images/fashioniq_images/B00CC2O4PQ.jpg,7:37156,39,289,2669,lamra_qwen25vl,vlm2vec_v2,voyage_multimodal_35,0,0,0,0
2244,7:2245,composition_required,composition_required,multimodal_needed,Is floral and long sleeved and has longer sleeves.,mbeir_images/fashioniq_images/B003DQKR1A.jpg,7:43313,1,77,5342,lamra,gme_qwen2vl_retriever_2,lamra_qwen25vl,4,0,0,0
2245,7:2246,unresolved,unresolved,multimodal_needed,Is darker and has different graphics and is a darker color and has art printed on front.,mbeir_images/fashioniq_images/B003TW4V2Y.jpg,7:23363,5164,2578,20728,lamra_qwen25vl,,gemini_embedding_2,0,0,0,0
2247,7:2248,composition_required,composition_required,multimodal_needed,Is lighter colored and has no collar and is white colored.,mbeir_images/fashioniq_images/B007Y5A38I.jpg,7:45238,1,596,113,lamra_qwen25vl,e5_omni,gemini_embedding_2,9,0,0,0
2249,7:2250,composition_required,composition_required,multimodal_needed,Is pink with strips going down and is pink colored striped long sleeved.,mbeir_images/fashioniq_images/B005ESA9SG.jpg,7:73361,1,20,315,lamra,rzen_embed,lamra,6,0,0,0
2251,7:2252,unresolved,unresolved,multimodal_needed,Its has a picture print on front from elda and is lighter.,mbeir_images/fashioniq_images/B00812S67S.jpg,7:71926,22,155,25,mmembed,mmembed,gme_qwen2vl_retriever_2,0,0,0,0
2252,7:2253,unresolved,unresolved,multimodal_needed,Way less attractive and is more coloorful.,mbeir_images/fashioniq_images/B004YO7ZNS.jpg,7:29371,2896,8164,9120,vlm2vec_v2,gme_qwen2vl_retriever_2,gemini_embedding_2,0,0,0,0
2253,7:2254,composition_required,composition_required,multimodal_needed,Is light blue with blue words and is blue and no color or buttons.,mbeir_images/fashioniq_images/B00AZIB0ZG.jpg,7:23971,1,17,9535,lamra,lamra,qwen3vl2b_vllm,4,0,0,0
2255,7:2256,unresolved,unresolved,multimodal_needed,Is multi-colored pattern and no sleeves and has short sleeves.,mbeir_images/fashioniq_images/B00398WXHI.jpg,7:15327,114,2283,1183,qwen3vl8b_vllm,qwen3vl8b_vllm,rzen_embed,0,0,0,0
2256,7:2257,unresolved,unresolved,multimodal_needed,Has shorter sleeves and no pattern and is blue with shorter sleeves.,mbeir_images/fashioniq_images/B00B31W2TC.jpg,7:53832,27,1377,968,lamra_qwen25vl,voyage_multimodal_35,,0,0,0,0
2257,7:2258,composition_required,composition_required,multimodal_needed,Is green with a character and is brighter in color.,mbeir_images/fashioniq_images/B003Y5LY76.jpg,7:55734,7,11,147,voyage_multimodal_35,rzen_embed,voyage_multimodal_35,1,0,0,0
2258,7:2259,unresolved,unresolved,multimodal_needed,Is more graphic and brighter and is lighter in color.,mbeir_images/fashioniq_images/B00DGA6TWY.jpg,7:56614,2535,711,4992,lamra,lamra,qwen3vl8b_vllm,0,0,0,0
2259,7:2260,unresolved,unresolved,multimodal_needed,Is white and plain and is lighter.,mbeir_images/fashioniq_images/B004EDHI0Y.jpg,7:73702,99,741,8688,gemini_embedding_2,vlm2vec_v2,,0,0,0,0
2260,7:2261,unresolved,unresolved,multimodal_needed,Is black with buttons and collar and has more graphics.,mbeir_images/fashioniq_images/B009YFB2Q8.jpg,7:21872,887,1257,16117,mmembed,mmembed,gemini_embedding_2,0,0,0,0
2262,7:2263,unresolved,unresolved,multimodal_needed,Has a darker color and is darker colored and white font.,mbeir_images/fashioniq_images/B00ECY8GWO.jpg,7:18863,47,74,542,qwen3vl2b_vllm,e5_omni,qwen3vl2b_vllm,0,0,0,0
2263,7:2264,unresolved,unresolved,multimodal_needed,Is black colored short sleeved shirt with white colored art and is darker.,mbeir_images/fashioniq_images/B002NCIATQ.jpg,7:45684,3621,1313,10797,qwen3vl8b_vllm,qwen3vl8b_vllm,e5_omni,0,0,0,0
2264,7:2265,composition_required,composition_required,multimodal_needed,Gray colored and v-neck and is grey in color.,mbeir_images/fashioniq_images/B009REO9Q6.jpg,7:13558,1,54,29,gme_qwen2vl_retriever_2,e5_omni,qwen3vl2b_vllm,9,0,0,0
2265,7:2266,composition_required,composition_required,multimodal_needed,Is black with green writing and is darker.,mbeir_images/fashioniq_images/B003IT639C.jpg,7:44074,1,75,33,lamra,vlm2vec_v2,e5_omni,7,0,0,0
2266,7:2267,unresolved,unresolved,multimodal_needed,Has a brighter color and slogans on both sides and is lighter.,mbeir_images/fashioniq_images/B00C26O5DS.jpg,7:60372,31,18,1135,qwen3vl2b_vllm,rzen_embed,lamra_qwen25vl,0,0,0,0
2272,7:2273,composition_required,composition_required,multimodal_needed,And with a collar and a bright blue with red letters.,mbeir_images/fashioniq_images/B0048KPZO4.jpg,7:46398,1,101,27,gme_qwen2vl_retriever_2,rzen_embed,gemini_embedding_2,11,0,0,0
2275,7:2276,unresolved,unresolved,multimodal_needed,Less brightly pink and is lighter.,mbeir_images/fashioniq_images/B008LOSNCE.jpg,7:15742,28,198,35,gemini_embedding_2,vlm2vec_v2,gme_qwen2vl_retriever_2,0,0,0,0
2276,7:2277,unresolved,unresolved,multimodal_needed,A lighter color  and is black with blue words.,mbeir_images/fashioniq_images/B004Z21SHS.jpg,7:25516,49,60,7845,rzen_embed,gme_qwen2vl_retriever_2,qwen3vl8b_vllm,0,0,0,0
2279,7:2280,composition_required,composition_required,multimodal_needed,Has long sleeves and is long sleeved and has a colored graphic.,mbeir_images/fashioniq_images/B00ANR1M8Y.jpg,7:5187,1,207,156,gme_qwen2vl_retriever_2,mmembed,,4,0,0,0
2280,7:2281,unresolved,unresolved,multimodal_needed,Is white with a more humorous graphic and it is more white and colorful.,mbeir_images/fashioniq_images/B007X2DHT4.jpg,7:1286,98,356,1871,rzen_embed,rzen_embed,vlm2vec_v2,0,0,0,0
2281,7:2282,unresolved,unresolved,multimodal_needed,Is short-sleeved and shinier material and has shorter sleeves and is of a different fabric.,mbeir_images/fashioniq_images/B000XEBDA4.jpg,7:40471,13,3499,43,vlm2vec_v2,gemini_embedding_2,e5_omni,0,0,0,0
2282,7:2283,unresolved,unresolved,multimodal_needed,Is a gray long sleeved shirt and it has no pocket and has long sleeves.,mbeir_images/fashioniq_images/B0015GIECO.jpg,7:44715,189,220,9955,rzen_embed,mmembed,e5_omni,0,0,0,0
2285,7:2286,unresolved,unresolved,multimodal_needed,Is similar with army pants and is white with black and different graphics.,mbeir_images/fashioniq_images/B007P28IKK.jpg,7:64427,18,547,35,e5_omni,mmembed,rzen_embed,0,0,0,0
2291,7:2292,unresolved,unresolved,multimodal_needed,Is more formal and it is less white.,mbeir_images/fashioniq_images/B000G1FDF0.jpg,7:34405,38,69,68,gemini_embedding_2,vlm2vec_v2,gemini_embedding_2,0,0,0,0
2292,7:2293,composition_required,composition_required,multimodal_needed,Is more complex and has pink on the shoulder.,mbeir_images/fashioniq_images/B007MD9MN4.jpg,7:70074,1,954,21,qwen3vl8b_vllm,qwen3vl2b_vllm,mmembed,6,0,0,0
2293,7:2294,unresolved,unresolved,multimodal_needed,Has no buttons or pockets and is lighter.,mbeir_images/fashioniq_images/B00AZUNPNE.jpg,7:4859,239,1673,1558,lamra_qwen25vl,vlm2vec_v2,gme_qwen2vl_retriever_2,0,0,0,0
2295,7:2296,unresolved,unresolved,multimodal_needed,Is more formal and is plaid and has buttons.,mbeir_images/fashioniq_images/B0094D2LWE.jpg,7:49423,26,123,12239,mmembed,mmembed,vlm2vec_v2,0,0,0,0
2296,7:2297,composition_required,composition_required,multimodal_needed,Are darker colors and is pastel colored.,mbeir_images/fashioniq_images/B00AESNT5Q.jpg,7:22801,1,425,21,gemini_embedding_2,mmembed,gme_qwen2vl_retriever_2,10,0,0,0
2297,7:2298,unresolved,unresolved,multimodal_needed,The shirt is white in color and is made of cotton.,mbeir_images/fashioniq_images/B00DSY5UOQ.jpg,7:44171,61,7334,27,gemini_embedding_2,voyage_multimodal_35,gemini_embedding_2,0,0,0,0
2299,7:2300,composition_required,composition_required,multimodal_needed,Has long sleeves and is darker and has longer sleeves.,mbeir_images/fashioniq_images/B000CAZVI4.jpg,7:15190,1,222,22,qwen3vl8b_vllm,mmembed,mmembed,8,0,0,0
2300,7:2301,unresolved,unresolved,multimodal_needed,Is more formal and blue and is blue with shorter sleeves.,mbeir_images/fashioniq_images/B00A21JW60.jpg,7:48800,58,1982,1345,mmembed,gme_qwen2vl_retriever_2,rzen_embed,0,0,0,0
2302,7:2303,unresolved,unresolved,multimodal_needed,Has short sleeves and light in color and is lighter and has longer sleeves.,mbeir_images/fashioniq_images/B00AZLH99O.jpg,7:3053,412,9741,5047,lamra_qwen25vl,mmembed,gemini_embedding_2,0,0,0,0
2303,7:2304,composition_required,composition_required,multimodal_needed,Is brown with a round neck and has slightly shorter sleeves.,mbeir_images/fashioniq_images/B009G0SO62.jpg,7:21958,7,15,355,qwen3vl8b_vllm,e5_omni,e5_omni,2,0,0,0
2307,7:2308,composition_required,composition_required,multimodal_needed,Is more green and colorful and desired item contains white and green text images.,mbeir_images/fashioniq_images/B005MV78O8.jpg,7:1052,6,117,42,gme_qwen2vl_retriever_2,mmembed,vlm2vec_v2,4,0,0,0
2308,7:2309,unresolved,unresolved,multimodal_needed,Is navy blue with yellow lettering and is navy in color.,mbeir_images/fashioniq_images/B00AZ0180G.jpg,7:66803,72,170,611,mmembed,qwen3vl8b_vllm,gemini_embedding_2,0,0,0,0
2309,7:2310,unresolved,unresolved,multimodal_needed,Is black with white and red designs and is a black tshirt with a white and red design.,mbeir_images/fashioniq_images/B004C43LO2.jpg,7:10564,535,226,16887,mmembed,gme_qwen2vl_retriever_2,mmembed,0,0,0,0
2311,7:2312,composition_required,composition_required,multimodal_needed,Has longer sleeves with no art and is black and has long sleeves.,mbeir_images/fashioniq_images/B00B4DXN4W.jpg,7:18212,5,63,350,vlm2vec_v2,e5_omni,e5_omni,4,0,0,0
2312,7:2313,composition_required,composition_required,multimodal_needed,More black and longer sleeve and has longer sleeves and is black.,mbeir_images/fashioniq_images/B007C3IEOC.jpg,7:70319,1,755,13,voyage_multimodal_35,mmembed,,10,0,0,0
2313,7:2314,unresolved,unresolved,multimodal_needed,Is black with blue writing and is darker.,mbeir_images/fashioniq_images/B00AO1T42U.jpg,7:13305,57,363,7057,lamra_qwen25vl,qwen3vl8b_vllm,vlm2vec_v2,0,0,0,0
2315,7:2316,composition_required,composition_required,multimodal_needed,Is luminous green and is bright green.,mbeir_images/fashioniq_images/B007JFCWQY.jpg,7:20949,2,102,481,qwen3vl8b_vllm,qwen3vl2b_vllm,gemini_embedding_2,9,0,0,0
2316,7:2317,composition_required,composition_required,multimodal_needed,Is black and long sleeves with red and white designs and is black with longer sleeves.,mbeir_images/fashioniq_images/B005G3VM80.jpg,7:22959,2,16,122,gemini_embedding_2,gemini_embedding_2,,8,0,0,0
2317,7:2318,unresolved,unresolved,multimodal_needed,Is a large dark t-shirt and is less formal.,mbeir_images/fashioniq_images/B003FWLRD4.jpg,7:48688,2631,5317,11292,mmembed,,mmembed,0,0,0,0
2318,7:2319,unresolved,unresolved,multimodal_needed,Is black with other wording and is darker.,mbeir_images/fashioniq_images/B000OM3WSQ.jpg,7:27678,433,678,797,qwen3vl2b_vllm,qwen3vl2b_vllm,lamra,0,0,0,0
2319,7:2320,composition_required,composition_required,multimodal_needed,Is black and longer sleeves and has long sleeves.,mbeir_images/fashioniq_images/B003U4T928.jpg,7:36595,7,191,2632,qwen3vl8b_vllm,e5_omni,,2,0,0,0
2320,7:2321,unresolved,unresolved,multimodal_needed,Is a long sleeve button up with collar and is light pink.,mbeir_images/fashioniq_images/B0053DV6AW.jpg,7:27897,48,189,17782,rzen_embed,rzen_embed,voyage_multimodal_35,0,0,0,0
2321,7:2322,unresolved,unresolved,multimodal_needed,Is a darker color and has a larger graphic and is darker.,mbeir_images/fashioniq_images/B002UFT5JA.jpg,7:15515,695,625,1908,qwen3vl8b_vllm,lamra,qwen3vl2b_vllm,0,0,0,0
2323,7:2324,composition_required,composition_required,multimodal_needed,Is black and has a skull on it and it is black.,mbeir_images/fashioniq_images/B004UIOL3K.jpg,7:58477,1,16,312,gme_qwen2vl_retriever_2,mmembed,voyage_multimodal_35,8,0,0,0
2324,7:2325,unresolved,unresolved,multimodal_needed,Is more manly and faded and has a white design on the chest.,mbeir_images/fashioniq_images/B0081FLAGO.jpg,7:41701,103,116,5019,qwen3vl8b_vllm,qwen3vl8b_vllm,lamra,0,0,0,0
2327,7:2328,composition_required,composition_required,multimodal_needed,Is black with white designs and is black colored.,mbeir_images/fashioniq_images/B007TXNW9M.jpg,7:9953,3,570,415,lamra,qwen3vl2b_vllm,gemini_embedding_2,1,0,0,0
2328,7:2329,unresolved,unresolved,multimodal_needed,Has clear wording and is lighter.,mbeir_images/fashioniq_images/B0046IFV6K.jpg,7:36492,175,838,317,mmembed,lamra,mmembed,0,0,0,0
2329,7:2330,composition_required,composition_required,multimodal_needed,Has longer sleeves with a logo and is long sleeved with black font design.,mbeir_images/fashioniq_images/B001PIWUZ4.jpg,7:36917,5,73,838,gemini_embedding_2,gemini_embedding_2,,2,0,0,0
2331,7:2332,unresolved,unresolved,multimodal_needed,Is black in color and is darker.,mbeir_images/fashioniq_images/B009T5NMS4.jpg,7:73242,53,10360,503,qwen3vl8b_vllm,rzen_embed,qwen3vl8b_vllm,0,0,0,0
2333,7:2334,composition_required,composition_required,multimodal_needed,Is grey with a less faded graphic and is a lighter color and has different artwork.,mbeir_images/fashioniq_images/B00CRZ1D66.jpg,7:54899,2,88,252,gemini_embedding_2,lamra,gme_qwen2vl_retriever_2,5,0,0,0
2335,7:2336,unresolved,unresolved,multimodal_needed,Is grey with light blue bands but more fitted and has an aquatic design.,mbeir_images/fashioniq_images/B00AX2ZUCS.jpg,7:71106,37,131,3974,mmembed,mmembed,gme_qwen2vl_retriever_2,0,0,0,0
2338,7:2339,unresolved,unresolved,multimodal_needed,Is a white button down and it is white with collar and pocket.,mbeir_images/fashioniq_images/B00EQV08XS.jpg,7:63395,14,107,16281,lamra_qwen25vl,rzen_embed,lamra_qwen25vl,0,0,0,0
2339,7:2340,unresolved,unresolved,multimodal_needed,Has short sleeves with red image design and is more scary and has a larger graphic.,mbeir_images/fashioniq_images/B006G2Z1W8.jpg,7:26699,112,127,943,lamra,mmembed,lamra,0,0,0,0
2341,7:2342,unresolved,unresolved,multimodal_needed,Is darker and is darker.,mbeir_images/fashioniq_images/B00BAXTUN4.jpg,7:13169,11582,5723,11905,gme_qwen2vl_retriever_2,qwen3vl2b_vllm,gemini_embedding_2,0,0,0,0
2342,7:2343,unresolved,unresolved,multimodal_needed,Has less design and is maroon and more simple.,mbeir_images/fashioniq_images/B00BWDCPUW.jpg,7:66460,154,306,7351,rzen_embed,e5_omni,qwen3vl8b_vllm,0,0,0,0
2343,7:2344,unresolved,unresolved,multimodal_needed,Is lighter and less colorful and is lighter in color.,mbeir_images/fashioniq_images/B005FS7LEK.jpg,7:43544,47,1015,1279,gemini_embedding_2,qwen3vl2b_vllm,,0,0,0,0
2344,7:2345,composition_required,composition_required,multimodal_needed,Is light colored and multicolored and has lighter colors.,mbeir_images/fashioniq_images/B004RRB10U.jpg,7:70475,1,5347,3202,voyage_multimodal_35,e5_omni,,1,0,0,0
2345,7:2346,unresolved,unresolved,multimodal_needed,Is blue and has a more complex logo and is light blue in color.,mbeir_images/fashioniq_images/B00CXMYX2E.jpg,7:38177,22,94,1557,lamra_qwen25vl,lamra,qwen3vl2b_vllm,0,0,0,0
2346,7:2347,composition_required,composition_required,multimodal_needed,Is sleeveless and plain white and is sleeveless and white.,mbeir_images/fashioniq_images/B0013FJWT6.jpg,7:62259,2,11,946,lamra_qwen25vl,rzen_embed,qwen3vl8b_vllm,5,0,0,0
2347,7:2348,unresolved,unresolved,multimodal_needed,Is black in color and is darker in color.,mbeir_images/fashioniq_images/B009QR8VNQ.jpg,7:25337,12,1337,21,gme_qwen2vl_retriever_2,lamra,gme_qwen2vl_retriever_2,0,0,0,0
2348,7:2349,composition_required,composition_required,multimodal_needed,Is a white color and is more formal.,mbeir_images/fashioniq_images/B008447TR6.jpg,7:44034,2,213,31,qwen3vl8b_vllm,vlm2vec_v2,gemini_embedding_2,3,0,0,0
2349,7:2350,unresolved,unresolved,multimodal_needed,Is blue and has stripes and is blue colored with purple stripes.,mbeir_images/fashioniq_images/B00B4WT108.jpg,7:51155,86,65,1790,mmembed,mmembed,mmembed,0,0,0,0
2351,7:2352,unresolved,unresolved,multimodal_needed,Long sleeved and more grey and is light blue.,mbeir_images/fashioniq_images/B00DE1BDLC.jpg,7:62388,150,5156,138,gemini_embedding_2,vlm2vec_v2,lamra,0,0,0,0
2352,7:2353,unresolved,unresolved,multimodal_needed,Is brighter in color and is brighter.,mbeir_images/fashioniq_images/B00CXMYX2E.jpg,7:31405,430,26832,196,rzen_embed,e5_omni,gme_qwen2vl_retriever_2,0,0,0,0
2353,7:2354,unresolved,unresolved,multimodal_needed,Has a darker color and a different print and is black with rock theme.,mbeir_images/fashioniq_images/B0073PSC3M.jpg,7:36643,20,190,2369,e5_omni,e5_omni,rzen_embed,0,0,0,0
2355,7:2356,unresolved,unresolved,multimodal_needed,Is a black t shirt with white lettering and has no horizontal stripes.,mbeir_images/fashioniq_images/B003JZCDFS.jpg,7:11673,317,134,37158,lamra_qwen25vl,mmembed,mmembed,0,0,0,0
2357,7:2358,unresolved,unresolved,multimodal_needed,Is shinier and has a different graphic.,mbeir_images/fashioniq_images/B00BL5C9FM.jpg,7:40333,65,8661,34,qwen3vl2b_vllm,vlm2vec_v2,mmembed,0,0,0,0
2359,7:2360,unresolved,unresolved,multimodal_needed,Has tan button and is denim colored and is blue with buttons and a collar.,mbeir_images/fashioniq_images/B0042RUEJY.jpg,7:71997,13,123,196,qwen3vl2b_vllm,qwen3vl2b_vllm,vlm2vec_v2,0,0,0,0
2362,7:2363,unresolved,unresolved,multimodal_needed,Has short sleeves and is lighter in color and has short sleeves.,mbeir_images/fashioniq_images/B0085O4Q7Q.jpg,7:2684,16,9268,472,rzen_embed,voyage_multimodal_35,e5_omni,0,0,0,0
2365,7:2366,composition_required,composition_required,multimodal_needed,Is grey and is lighter colored.,mbeir_images/fashioniq_images/B0085UCF3M.jpg,7:63873,6,983,87,gemini_embedding_2,mmembed,gemini_embedding_2,1,0,0,0
2366,7:2367,unresolved,unresolved,multimodal_needed,Is black with a positive self-image text and is black with different writing.,mbeir_images/fashioniq_images/B000KHDKJQ.jpg,7:63579,36,55,123,lamra,lamra,mmembed,0,0,0,0
2367,7:2368,unresolved,unresolved,multimodal_needed,Is grey with shorter sleeves and is grey with short sleeves.,mbeir_images/fashioniq_images/B00GA1Q00M.jpg,7:52219,46,522,8789,mmembed,lamra,vlm2vec_v2,0,0,0,0
2368,7:2369,unresolved,unresolved,multimodal_needed,The black shirt has white writing and is darker.,mbeir_images/fashioniq_images/B004J1HDHE.jpg,7:33517,140,352,98,gemini_embedding_2,lamra_qwen25vl,gemini_embedding_2,0,0,0,0
2370,7:2371,unresolved,unresolved,multimodal_needed,Is black and has a more colourful graphic and is a darker color.,mbeir_images/fashioniq_images/B0083Z6QDO.jpg,7:70765,21,188,4848,mmembed,mmembed,mmembed,0,0,0,0
2371,7:2372,composition_required,composition_required,multimodal_needed,Is white with longer sleeves and is white colored.,mbeir_images/fashioniq_images/B003TYLO3G.jpg,7:6522,2,1295,47,lamra_qwen25vl,mmembed,,3,0,0,0
2373,7:2374,unresolved,unresolved,multimodal_needed,Is a white short sleeved button down shirt with collar and light colored short sleeve button up shirt with collar.,mbeir_images/fashioniq_images/B005344CDE.jpg,7:13343,302,24,35424,gemini_embedding_2,gemini_embedding_2,e5_omni,0,0,0,0
2375,7:2376,composition_required,composition_required,multimodal_needed,Is gray with different words and has more grey.,mbeir_images/fashioniq_images/B009R8P6QO.jpg,7:42720,4,580,116,lamra,rzen_embed,qwen3vl8b_vllm,2,0,0,0
2376,7:2377,unresolved,unresolved,multimodal_needed,Is black with yellow designs and has brighter colors in it.,mbeir_images/fashioniq_images/B0001TP9FG.jpg,7:66419,152,342,813,mmembed,mmembed,mmembed,0,0,0,0
2377,7:2378,unresolved,unresolved,multimodal_needed,Is blue with a collar and is navy in color.,mbeir_images/fashioniq_images/B007TB59A4.jpg,7:19628,78,73,3982,vlm2vec_v2,vlm2vec_v2,e5_omni,0,0,0,0
2380,7:2381,unresolved,unresolved,multimodal_needed,Has shorter sleeves and deeply black and is a red on the decal.,mbeir_images/fashioniq_images/B004D39JI4.jpg,7:72637,19,327,144,mmembed,mmembed,mmembed,0,0,0,0
2381,7:2382,composition_required,composition_required,multimodal_needed,Is more colorful with short sleeves and has shorter sleeves and less athletic.,mbeir_images/fashioniq_images/B000LUIBH8.jpg,7:33549,7,2525,1051,gme_qwen2vl_retriever_2,e5_omni,e5_omni,2,0,0,0
2382,7:2383,unresolved,unresolved,multimodal_needed,Is cream colored with a different logo and is darker.,mbeir_images/fashioniq_images/B0059DQYU8.jpg,7:55467,184,14414,59,gme_qwen2vl_retriever_2,lamra_qwen25vl,gme_qwen2vl_retriever_2,0,0,0,0
2383,7:2384,unresolved,unresolved,multimodal_needed,Is green with red and white designs and is green with no buttons.,mbeir_images/fashioniq_images/B007VHEYAM.jpg,7:70471,27,87,18493,lamra,mmembed,gme_qwen2vl_retriever_2,0,0,0,0
2384,7:2385,composition_required,composition_required,multimodal_needed,This tshirt looks more loose and is long sleeved and white buttoned.,mbeir_images/fashioniq_images/B0012FNHIO.jpg,7:14188,10,642,150,gemini_embedding_2,vlm2vec_v2,lamra,1,0,0,0
2387,7:2388,unresolved,unresolved,multimodal_needed,Is more sexual and is darker.,mbeir_images/fashioniq_images/B007DJ3EYA.jpg,7:43420,87,16,1910,lamra,gme_qwen2vl_retriever_2,e5_omni,0,0,0,0
2388,7:2389,composition_required,composition_required,multimodal_needed,Is yellow and is yellow color.,mbeir_images/fashioniq_images/B0016LURJ6.jpg,7:57502,3,15,216,lamra,lamra,,4,0,0,0
2390,7:2391,unresolved,unresolved,multimodal_needed,Is more plain and fitted and black tank top.,mbeir_images/fashioniq_images/B00AN9K6DE.jpg,7:61596,53,67,12756,qwen3vl2b_vllm,qwen3vl2b_vllm,qwen3vl2b_vllm,0,0,0,0
2392,7:2393,unresolved,unresolved,multimodal_needed,Has front pockets and is light blue with pockets.,mbeir_images/fashioniq_images/B00G5N5VPK.jpg,7:47193,40,37,1648,lamra_qwen25vl,mmembed,,0,0,0,0
2393,7:2394,composition_required,composition_required,multimodal_needed,Has less colors and is dark blue with white lettering.,mbeir_images/fashioniq_images/B006C6XSFA.jpg,7:18136,1,114,19,lamra_qwen25vl,qwen3vl8b_vllm,qwen3vl8b_vllm,10,0,0,0
2394,7:2395,unresolved,unresolved,multimodal_needed,Is lighter and is lighter colored.,mbeir_images/fashioniq_images/B005O76TKE.jpg,7:7725,13,32319,54,gemini_embedding_2,,gme_qwen2vl_retriever_2,0,0,0,0
2395,7:2396,unresolved,unresolved,multimodal_needed,Is darker with more earth tones and has scull and cross bones and is more black.,mbeir_images/fashioniq_images/B000L7G8OY.jpg,7:72484,95,23295,58,,,mmembed,0,0,0,0
2396,7:2397,unresolved,unresolved,multimodal_needed,Is green without buttons and collar and is neon green with no buttons or collar.,mbeir_images/fashioniq_images/B009NBSZOU.jpg,7:52461,60,45,14269,lamra_qwen25vl,lamra,lamra,0,0,0,0
2397,7:2398,unresolved,unresolved,multimodal_needed,Is grey colored and is lighter colored and more adolescent.,mbeir_images/fashioniq_images/B0091RIIRA.jpg,7:38168,209,59,9937,voyage_multimodal_35,lamra,voyage_multimodal_35,0,0,0,0
2398,7:2399,unresolved,unresolved,multimodal_needed,Has a graphical design and is darker.,mbeir_images/fashioniq_images/B00501BIXW.jpg,7:8562,28,717,310,lamra_qwen25vl,lamra,gme_qwen2vl_retriever_2,0,0,0,0
2399,7:2400,unresolved,unresolved,multimodal_needed,Is warmer and has a hood and it has hood and it is long sleeved.,mbeir_images/fashioniq_images/B002EEP43I.jpg,7:6979,50,218,15988,gme_qwen2vl_retriever_2,mmembed,lamra,0,0,0,0
2400,7:2401,unresolved,unresolved,multimodal_needed,Is more formal and lighter colored and is more formal and white with stripes.,mbeir_images/fashioniq_images/B009WVA51M.jpg,7:21392,11,67,3770,voyage_multimodal_35,voyage_multimodal_35,vlm2vec_v2,0,0,0,0
2401,7:2402,composition_required,composition_required,multimodal_needed,Has longer sleeves and horizontal lines and has longer sleeves and is stripe coloured.,mbeir_images/fashioniq_images/B00EKT8ASG.jpg,7:51730,3,17,5345,lamra,e5_omni,vlm2vec_v2,3,0,0,0
2402,7:2403,unresolved,unresolved,multimodal_needed,Is lighter with shorter sleeves and is less striped.,mbeir_images/fashioniq_images/B00B31W2TC.jpg,7:44409,90,4543,504,mmembed,qwen3vl2b_vllm,rzen_embed,0,0,0,0
2405,7:2406,unresolved,unresolved,multimodal_needed,Is darker with no collar or buttons and is less formal.,mbeir_images/fashioniq_images/B0013HB3KK.jpg,7:53662,4892,6018,13922,lamra,mmembed,lamra,0,0,0,0
2406,7:2407,unresolved,unresolved,multimodal_needed,Has short sleeves and some writings and has no leggings.,mbeir_images/fashioniq_images/B00BW5K82C.jpg,7:36817,8155,7829,9994,mmembed,lamra,voyage_multimodal_35,0,0,0,0
2407,7:2408,unresolved,unresolved,multimodal_needed,More pattern and less bright and has palm tree patterns.,mbeir_images/fashioniq_images/B00AOJG2QS.jpg,7:5893,20,102,17,gme_qwen2vl_retriever_2,voyage_multimodal_35,gme_qwen2vl_retriever_2,0,0,0,0
2408,7:2409,unresolved,unresolved,multimodal_needed,The blue tshirt is  light color & more reveling and has no buttons and collar and has stripes.,mbeir_images/fashioniq_images/B0081SF8AU.jpg,7:47705,77,71,4482,qwen3vl8b_vllm,vlm2vec_v2,qwen3vl2b_vllm,0,0,0,0
2410,7:2411,unresolved,unresolved,multimodal_needed,Has shorter sleeves and centered lettering and is lighter and has shorter sleeves.,mbeir_images/fashioniq_images/B009RVTT4G.jpg,7:73388,27,3135,259,lamra,qwen3vl2b_vllm,gemini_embedding_2,0,0,0,0
2411,7:2412,unresolved,unresolved,multimodal_needed,Is more blue with a different graphic and is blue with a cool logo.,mbeir_images/fashioniq_images/B000PNTVAC.jpg,7:54410,26,134,1885,lamra,lamra,,0,0,0,0
2413,7:2414,composition_required,composition_required,multimodal_needed,Is blue in color and is blue and more athletic.,mbeir_images/fashioniq_images/B006XD31RC.jpg,7:68224,2,121,11,lamra,qwen3vl8b_vllm,qwen3vl2b_vllm,8,0,0,0
2415,7:2416,unresolved,unresolved,multimodal_needed,Has long sleeves and a lighter color and is black.,mbeir_images/fashioniq_images/B00AZIN2P2.jpg,7:54670,132,11896,18,,voyage_multimodal_35,vlm2vec_v2,0,0,0,0
2416,7:2417,unresolved,unresolved,multimodal_needed,Is yellow and long-sleeved and is lighter in color and has more buttons.,mbeir_images/fashioniq_images/B004OYVAIY.jpg,7:38664,29,166,2190,lamra,rzen_embed,vlm2vec_v2,0,0,0,0
2420,7:2421,unresolved,unresolved,multimodal_needed,Has a larger more colorful graphic and is darker.,mbeir_images/fashioniq_images/B007R1OJ7A.jpg,7:11801,180,229,686,qwen3vl8b_vllm,qwen3vl8b_vllm,qwen3vl2b_vllm,0,0,0,0
2421,7:2422,composition_required,composition_required,multimodal_needed,Is lighter with different graphics and a white shirt with black/blue letters on front.,mbeir_images/fashioniq_images/B004GGUA9U.jpg,7:17927,8,213,4560,lamra,gemini_embedding_2,voyage_multimodal_35,1,0,0,0
2423,7:2424,unresolved,unresolved,multimodal_needed,Is ethnic and is darker.,mbeir_images/fashioniq_images/B00DEO56HQ.jpg,7:42675,14,24,564,lamra,e5_omni,gemini_embedding_2,0,0,0,0
2424,7:2425,composition_required,composition_required,multimodal_needed,Is a short sleeved black T-Shirt and is more solid colored.,mbeir_images/fashioniq_images/B00EZLD1NI.jpg,7:9135,4,596,6211,lamra_qwen25vl,gemini_embedding_2,mmembed,1,0,0,0
2426,7:2427,unresolved,unresolved,multimodal_needed,Is black and more whimsical and is black.,mbeir_images/fashioniq_images/B003I86JVK.jpg,7:22844,1981,5571,6324,gme_qwen2vl_retriever_2,mmembed,gme_qwen2vl_retriever_2,0,0,0,0
2427,7:2428,unresolved,unresolved,multimodal_needed,Is blue in color and is blue and has a different graphic.,mbeir_images/fashioniq_images/B003ITZNYS.jpg,7:14867,37,24,533,gemini_embedding_2,mmembed,lamra,0,0,0,0
2428,7:2429,composition_required,composition_required,multimodal_needed,Is blue with no stripes and is more colorful.,mbeir_images/fashioniq_images/B007IF36VA.jpg,7:56942,6,749,75,lamra_qwen25vl,lamra,,1,0,0,0
2430,7:2431,unresolved,unresolved,multimodal_needed,Is black with a woman on it and is darker and shorter.,mbeir_images/fashioniq_images/B000BO1R2K.jpg,7:60500,93,478,91,mmembed,e5_omni,qwen3vl2b_vllm,0,0,0,0
2431,7:2432,unresolved,unresolved,multimodal_needed,Has less colors and less pockets.,mbeir_images/fashioniq_images/B00CWJ5K16.jpg,7:48315,27,437,458,lamra,lamra_qwen25vl,lamra,0,0,0,0
2433,7:2434,unresolved,unresolved,multimodal_needed,Has shorter sleeves and is darker colored and is darker.,mbeir_images/fashioniq_images/B00EZAK902.jpg,7:33702,314,5160,6034,gme_qwen2vl_retriever_2,qwen3vl2b_vllm,vlm2vec_v2,0,0,0,0
2434,7:2435,unresolved,unresolved,multimodal_needed,Is dark green in color and is shorter.,mbeir_images/fashioniq_images/B0094KCP96.jpg,7:72842,18,481,465,mmembed,lamra,mmembed,0,0,0,0
2435,7:2436,unresolved,unresolved,multimodal_needed,Is longer in length and is lighter.,mbeir_images/fashioniq_images/B008CP95LA.jpg,7:42674,150,611,73,gemini_embedding_2,,gemini_embedding_2,0,0,0,0
2436,7:2437,unresolved,unresolved,multimodal_needed,Is black with a white star on it and a black shirt with white star on front.,mbeir_images/fashioniq_images/B00CL0541M.jpg,7:40194,44,23,6400,qwen3vl8b_vllm,gemini_embedding_2,qwen3vl8b_vllm,0,0,0,0
2437,7:2438,unresolved,unresolved,multimodal_needed,Is black with short sleeves and is black with iamge.,mbeir_images/fashioniq_images/B007VHEYAM.jpg,7:56133,397,98,18247,lamra,mmembed,rzen_embed,0,0,0,0
2438,7:2439,unresolved,unresolved,multimodal_needed,Is gray with a different pattern and has longer sleeves.,mbeir_images/fashioniq_images/B008TOOBWW.jpg,7:9308,28,219,1787,qwen3vl8b_vllm,mmembed,qwen3vl8b_vllm,0,0,0,0
2440,7:2441,unresolved,unresolved,multimodal_needed,Has shorter sleeves and is more casual and is less formal.,mbeir_images/fashioniq_images/B0006SCZRM.jpg,7:65208,1446,2855,10039,lamra,qwen3vl2b_vllm,gme_qwen2vl_retriever_2,0,0,0,0
2442,7:2443,unresolved,unresolved,multimodal_needed,Is black with a collar and is darker in color.,mbeir_images/fashioniq_images/B006QSYMFO.jpg,7:3568,120,713,1951,qwen3vl2b_vllm,e5_omni,qwen3vl8b_vllm,0,0,0,0
2443,7:2444,unresolved,unresolved,multimodal_needed,The shirt is blue in color with short sleeves and has smaller sleeves.,mbeir_images/fashioniq_images/B0006SCZRM.jpg,7:8493,31,111,429,gme_qwen2vl_retriever_2,qwen3vl2b_vllm,,0,0,0,0
2444,7:2445,composition_required,composition_required,multimodal_needed,Has stripes and is more multi colored.,mbeir_images/fashioniq_images/B00DV4AIL8.jpg,7:12598,6,868,29,lamra_qwen25vl,qwen3vl2b_vllm,gemini_embedding_2,2,0,0,0
2445,7:2446,unresolved,unresolved,multimodal_needed,Is less casual and less patterned and is pink with long sleeves.,mbeir_images/fashioniq_images/B007POLATE.jpg,7:31489,82,2418,1065,mmembed,gme_qwen2vl_retriever_2,mmembed,0,0,0,0
2446,7:2447,unresolved,unresolved,multimodal_needed,Is more formal and is lighter in shade and comes with a tie.,mbeir_images/fashioniq_images/B00BJO34NG.jpg,7:65896,48,36,462,qwen3vl8b_vllm,vlm2vec_v2,,0,0,0,0
2447,7:2448,composition_required,composition_required,multimodal_needed,Has no sleeves and is black and has shorter sleeves.,mbeir_images/fashioniq_images/B0002X4R18.jpg,7:57433,2,183,896,gemini_embedding_2,qwen3vl2b_vllm,vlm2vec_v2,4,0,0,0
2448,7:2449,composition_required,composition_required,multimodal_needed,Has more color and is red.,mbeir_images/fashioniq_images/B00468PEQC.jpg,7:38416,1,177,37,e5_omni,vlm2vec_v2,,9,0,0,0
2450,7:2451,unresolved,unresolved,multimodal_needed,Is blue and not patterned and it is plain and has a longer sleeve.,mbeir_images/fashioniq_images/B00AFR24ZW.jpg,7:34926,45,3365,701,lamra,voyage_multimodal_35,,0,0,0,0
2451,7:2452,unresolved,unresolved,multimodal_needed,Is a checked shirt and white with one brown stripe going down each side.,mbeir_images/fashioniq_images/B00ARF686S.jpg,7:47285,2217,2368,5730,qwen3vl8b_vllm,lamra,qwen3vl2b_vllm,0,0,0,0
2454,7:2455,composition_required,composition_required,multimodal_needed,Checked and more brighter and is lighter.,mbeir_images/fashioniq_images/B008BSWH22.jpg,7:63194,4,1211,18,e5_omni,e5_omni,qwen3vl2b_vllm,3,0,0,0
2455,7:2456,unresolved,unresolved,multimodal_needed,Is darker and less sporty and a black shirt with buttons on front.,mbeir_images/fashioniq_images/B00597L3W8.jpg,7:24121,22,379,2472,lamra,rzen_embed,qwen3vl2b_vllm,0,0,0,0
2456,7:2457,unresolved,unresolved,multimodal_needed,Has larger graphics and has smaller lettering on it.,mbeir_images/fashioniq_images/B0089ODSU8.jpg,7:45635,31,3162,33,gme_qwen2vl_retriever_2,mmembed,lamra,0,0,0,0
2457,7:2458,composition_required,composition_required,multimodal_needed,Has longer sleeves and is greyer and is grey with long sleeves.,mbeir_images/fashioniq_images/B0026GQET2.jpg,7:48667,4,11,220,mmembed,mmembed,vlm2vec_v2,3,0,0,0
2458,7:2459,unresolved,unresolved,multimodal_needed,Is black and has shorter sleeves and is black and shorter sleeves.,mbeir_images/fashioniq_images/B0090OIMUW.jpg,7:61991,842,6663,12805,gme_qwen2vl_retriever_2,qwen3vl2b_vllm,mmembed,0,0,0,0
2460,7:2461,unresolved,unresolved,multimodal_needed,Is white colored and is lighter.,mbeir_images/fashioniq_images/B00CMQ8ZXO.jpg,7:38599,5318,11919,5261,qwen3vl2b_vllm,,,0,0,0,0
2462,7:2463,unresolved,unresolved,multimodal_needed,Is white with shorter sleeves and is short sleeved and white.,mbeir_images/fashioniq_images/B00GGR9BSS.jpg,7:66126,64,1497,10981,lamra,qwen3vl2b_vllm,gemini_embedding_2,0,0,0,0
2463,7:2464,unresolved,unresolved,multimodal_needed,Has long sleeves and brighter in color and is white and long-sleeve.,mbeir_images/fashioniq_images/B005BN2YN2.jpg,7:49066,102,2422,817,e5_omni,e5_omni,,0,0,0,0
2464,7:2465,composition_required,composition_required,multimodal_needed,Is a darker blue print and is darker in color.,mbeir_images/fashioniq_images/B005EJDQ0S.jpg,7:37397,1,96,16,lamra_qwen25vl,e5_omni,,9,0,0,0
2465,7:2466,unresolved,unresolved,multimodal_needed,Is less wordy and is darker.,mbeir_images/fashioniq_images/B005LBXRWQ.jpg,7:21527,114,4298,146,lamra,mmembed,lamra,0,0,0,0
2466,7:2467,unresolved,unresolved,multimodal_needed,Is plain and is solid color and has round logo.,mbeir_images/fashioniq_images/B00DOYXAVA.jpg,7:67056,16,8669,51,lamra_qwen25vl,gemini_embedding_2,gme_qwen2vl_retriever_2,0,0,0,0
2467,7:2468,unresolved,unresolved,multimodal_needed,Is a tshirt and is not socks.,mbeir_images/fashioniq_images/B008V2JXTS.jpg,7:68007,15,863,28,gme_qwen2vl_retriever_2,gemini_embedding_2,,0,0,0,0
2468,7:2469,composition_required,composition_required,multimodal_needed,Is striped long sleeves and less black and has longer sleeves.,mbeir_images/fashioniq_images/B00AOCAUEK.jpg,7:35972,10,42,8995,mmembed,mmembed,e5_omni,1,0,0,0
2469,7:2470,composition_required,composition_required,multimodal_needed,Is more pastel and more embroidered and is darker.,mbeir_images/fashioniq_images/B001FO5LAY.jpg,7:67011,1,910,38,gemini_embedding_2,vlm2vec_v2,,5,0,0,0
2470,7:2471,unresolved,unresolved,multimodal_needed,Is more formal and lighter and is a light colored button up.,mbeir_images/fashioniq_images/B00B92J932.jpg,7:5658,432,212,14386,gemini_embedding_2,gemini_embedding_2,lamra,0,0,0,0
2474,7:2475,unresolved,unresolved,multimodal_needed,Is a striped shirt with long sleeves and has buttons.,mbeir_images/fashioniq_images/B00AKOIQDE.jpg,7:59862,33,29,3389,voyage_multimodal_35,voyage_multimodal_35,qwen3vl2b_vllm,0,0,0,0
2476,7:2477,composition_required,composition_required,multimodal_needed,Is black with white words and has more words on it.,mbeir_images/fashioniq_images/B00A4770HK.jpg,7:58380,2,81,1331,mmembed,mmembed,qwen3vl8b_vllm,5,0,0,0
2477,7:2478,unresolved,unresolved,multimodal_needed,Has a different graphic and is a brighter green.,mbeir_images/fashioniq_images/B00DX7Q8O4.jpg,7:17868,54,89,224,qwen3vl8b_vllm,gemini_embedding_2,voyage_multimodal_35,0,0,0,0
2478,7:2479,composition_required,composition_required,multimodal_needed,Has horizontal striped pattern and has long sleeves and no buttons.,mbeir_images/fashioniq_images/B004YO7CFY.jpg,7:61153,1,42,830,qwen3vl8b_vllm,mmembed,gemini_embedding_2,7,0,0,0
2479,7:2480,unresolved,unresolved,multimodal_needed,Is more blue and striped and is more outdoorsy and less casual.,mbeir_images/fashioniq_images/B003AU61WI.jpg,7:23681,299,698,1264,lamra_qwen25vl,vlm2vec_v2,,0,0,0,0
2480,7:2481,unresolved,unresolved,multimodal_needed,Has collar and buttons and no zipper and has shorter sleeves and buttons.,mbeir_images/fashioniq_images/B0046IB5PQ.jpg,7:50463,219,2016,208,qwen3vl2b_vllm,mmembed,voyage_multimodal_35,0,0,0,0
2484,7:2485,unresolved,unresolved,multimodal_needed,Is a jersey and is red with shorter sleeves and has short sleeves and no hoodie.,mbeir_images/fashioniq_images/B0096LL2W4.jpg,7:32958,155,886,629,qwen3vl8b_vllm,lamra,gemini_embedding_2,0,0,0,0
2485,7:2486,unresolved,unresolved,multimodal_needed,Has writing on front and is more black and is darker in color.,mbeir_images/fashioniq_images/B006VJXGAU.jpg,7:65160,76,180,742,lamra,lamra,gemini_embedding_2,0,0,0,0
2486,7:2487,unresolved,unresolved,multimodal_needed,Is a t-shirt with green writing on it and is lighter in color and is more green.,mbeir_images/fashioniq_images/B005HWY12E.jpg,7:48872,42,58,19365,e5_omni,rzen_embed,qwen3vl2b_vllm,0,0,0,0
2487,7:2488,composition_required,composition_required,multimodal_needed,Is a darker green and smaller logo and is a darker green.,mbeir_images/fashioniq_images/B00BHKFFAW.jpg,7:233,5,44,38,lamra,gme_qwen2vl_retriever_2,lamra,2,0,0,0
2488,7:2489,composition_required,composition_required,multimodal_needed,Is darker and more manly and black with a green graphic on the front.,mbeir_images/fashioniq_images/B002NCIAU0.jpg,7:1443,5,20,25,qwen3vl8b_vllm,lamra_qwen25vl,qwen3vl8b_vllm,10,0,0,0
2490,7:2491,composition_required,composition_required,multimodal_needed,Black in color and is darker.,mbeir_images/fashioniq_images/B00AO1FBBS.jpg,7:30336,4,305,25,e5_omni,vlm2vec_v2,e5_omni,1,0,0,0
2492,7:2493,unresolved,unresolved,multimodal_needed,Is red with no stripes and has no pockets.,mbeir_images/fashioniq_images/B009MMPFOS.jpg,7:27600,164,215,8326,vlm2vec_v2,e5_omni,lamra_qwen25vl,0,0,0,0
2495,7:2496,composition_required,composition_required,multimodal_needed,Has longer sleeves and is white and is only white and longer sleeves.,mbeir_images/fashioniq_images/B008GXHZ7O.jpg,7:3767,5,26,1748,lamra,e5_omni,,2,0,0,0
2496,7:2497,unresolved,unresolved,multimodal_needed,Is darker and more manly and is darker.,mbeir_images/fashioniq_images/B00BMR73SC.jpg,7:60192,2648,873,7422,rzen_embed,mmembed,rzen_embed,0,0,0,0
2501,7:2502,composition_required,composition_required,multimodal_needed,Is lighter and is white.,mbeir_images/fashioniq_images/B003T70M3G.jpg,7:74051,5,4090,71,gemini_embedding_2,qwen3vl2b_vllm,qwen3vl8b_vllm,3,0,0,0
2502,7:2503,unresolved,unresolved,multimodal_needed,Is blue and short sleeved with a logo and is blue.,mbeir_images/fashioniq_images/B004QMA13O.jpg,7:29382,152,215,3939,e5_omni,qwen3vl2b_vllm,e5_omni,0,0,0,0
2503,7:2504,unresolved,unresolved,multimodal_needed,Is a t-shirt with short sleeves and a dark color and is black with shorter sleeves.,mbeir_images/fashioniq_images/B004QZ9T9I.jpg,7:19407,3396,2046,43220,vlm2vec_v2,e5_omni,mmembed,0,0,0,0
2504,7:2505,unresolved,unresolved,multimodal_needed,Buttons and checkered print and is lighter blue.,mbeir_images/fashioniq_images/B00ELPU4J2.jpg,7:66581,29,60,26,gemini_embedding_2,e5_omni,,0,0,0,0
2505,7:2506,composition_required,composition_required,multimodal_needed,Is more blue and has shorter sleaves and has shorter sleeves and blue.,mbeir_images/fashioniq_images/B003TP2GXM.jpg,7:50629,2,153,349,lamra,rzen_embed,qwen3vl8b_vllm,3,0,0,0
2507,7:2508,unresolved,unresolved,multimodal_needed,A short sleeve solid color shirt with a few buttons and has shorter slleves.,mbeir_images/fashioniq_images/B001DDPIKA.jpg,7:45275,106,387,391,gme_qwen2vl_retriever_2,gme_qwen2vl_retriever_2,vlm2vec_v2,0,0,0,0
2510,7:2511,unresolved,unresolved,multimodal_needed,Is darker colored and is black with a different logo on it.,mbeir_images/fashioniq_images/B007OXEFOI.jpg,7:49212,586,1425,194,e5_omni,qwen3vl8b_vllm,lamra_qwen25vl,0,0,0,0
2511,7:2512,unresolved,unresolved,multimodal_needed,Is a solid color and solid white.,mbeir_images/fashioniq_images/B007G2OMP4.jpg,7:17513,14,8001,64,lamra_qwen25vl,gme_qwen2vl_retriever_2,qwen3vl2b_vllm,0,0,0,0
2512,7:2513,unresolved,unresolved,multimodal_needed,Is lighter and has more strips.,mbeir_images/fashioniq_images/B0083FXVDC.jpg,7:14110,737,5345,1192,lamra_qwen25vl,voyage_multimodal_35,qwen3vl8b_vllm,0,0,0,0
2513,7:2514,composition_required,composition_required,multimodal_needed,Is more black and longer and is darker and has a cityscape.,mbeir_images/fashioniq_images/B00CN6W5YI.jpg,7:34179,2,15,3598,mmembed,rzen_embed,qwen3vl8b_vllm,7,0,0,0
2514,7:2515,composition_required,composition_required,multimodal_needed,Is sleeveless and has contrast trim and is lighter and is a tank top.,mbeir_images/fashioniq_images/B007PCKWDQ.jpg,7:69907,1,618,250,gme_qwen2vl_retriever_2,gemini_embedding_2,vlm2vec_v2,4,0,0,0
2515,7:2516,unresolved,unresolved,multimodal_needed,Is green with a horse on it and is more colourfull.,mbeir_images/fashioniq_images/B000LQVB9W.jpg,7:49862,14,57,1014,lamra_qwen25vl,rzen_embed,gemini_embedding_2,0,0,0,0
2518,7:2519,unresolved,unresolved,multimodal_needed,Is black with white designs and is more emo.,mbeir_images/fashioniq_images/B00337XRJS.jpg,7:20615,57,83,1497,rzen_embed,rzen_embed,gemini_embedding_2,0,0,0,0
2520,7:2521,unresolved,unresolved,multimodal_needed,Has shorter sleeves and lighter in color and is white with red image.,mbeir_images/fashioniq_images/B0099694TE.jpg,7:1629,194,329,15499,qwen3vl2b_vllm,qwen3vl2b_vllm,qwen3vl8b_vllm,0,0,0,0
2522,7:2523,composition_required,composition_required,multimodal_needed,Is a collared shirt and is more formal.,mbeir_images/fashioniq_images/B00686R8MS.jpg,7:10699,3,334,18,lamra,lamra,gme_qwen2vl_retriever_2,2,0,0,0
2525,7:2526,unresolved,unresolved,multimodal_needed,Is lighter with different graphics and it is less red and more designed.,mbeir_images/fashioniq_images/B0081D7C7W.jpg,7:36914,152,4000,959,gemini_embedding_2,,e5_omni,0,0,0,0
2526,7:2527,composition_required,composition_required,multimodal_needed,Is more pink and less wordy and is pink.,mbeir_images/fashioniq_images/B002U4LDZK.jpg,7:42625,1,90,562,voyage_multimodal_35,qwen3vl2b_vllm,vlm2vec_v2,2,0,0,0
2527,7:2528,unresolved,unresolved,multimodal_needed,Not words and striped polo shirt of woven material with buttons.,mbeir_images/fashioniq_images/B005K7SZGO.jpg,7:13110,51,39,18381,voyage_multimodal_35,rzen_embed,voyage_multimodal_35,0,0,0,0
2529,7:2530,unresolved,unresolved,multimodal_needed,Is more colorful and is darker.,mbeir_images/fashioniq_images/B00D6KCEI2.jpg,7:10420,411,1517,811,lamra,,qwen3vl2b_vllm,0,0,0,0
2531,7:2532,unresolved,unresolved,multimodal_needed,Is short sleeved polo and shirt with short sleeves.,mbeir_images/fashioniq_images/B007XX6790.jpg,7:53594,38,150,312,lamra_qwen25vl,gemini_embedding_2,qwen3vl2b_vllm,0,0,0,0
2532,7:2533,composition_required,composition_required,multimodal_needed,Is more whimsical and black and is black with picture of a woman.,mbeir_images/fashioniq_images/B006Y5SM2I.jpg,7:45001,5,30,1693,lamra,qwen3vl2b_vllm,gemini_embedding_2,4,0,0,0
2533,7:2534,unresolved,unresolved,multimodal_needed,Is solid black without a collar and is matt black and has no buttons.,mbeir_images/fashioniq_images/B0012O8DC0.jpg,7:38007,17,379,664,gme_qwen2vl_retriever_2,gme_qwen2vl_retriever_2,lamra,0,0,0,0
2535,7:2536,composition_required,composition_required,multimodal_needed,The shirt is dingy white and has a button up collar and has longer sleeves.,mbeir_images/fashioniq_images/B000OM3WSQ.jpg,7:9095,1,126,751,vlm2vec_v2,gemini_embedding_2,gme_qwen2vl_retriever_2,1,0,0,0
2538,7:2539,composition_required,composition_required,multimodal_needed,Is more red and not long-sleeved and is shorter sleeved and is plaid.,mbeir_images/fashioniq_images/B009G0S8CM.jpg,7:9561,8,21,7832,voyage_multimodal_35,voyage_multimodal_35,vlm2vec_v2,1,0,0,0
2539,7:2540,composition_required,composition_required,multimodal_needed,Is blue with logo in the middle and has a larger font on it.,mbeir_images/fashioniq_images/B002HNSH80.jpg,7:34117,5,420,167,lamra,e5_omni,qwen3vl8b_vllm,1,0,0,0
2542,7:2543,unresolved,unresolved,multimodal_needed,Is black with gray designs and has blacker colors.,mbeir_images/fashioniq_images/B0060EYIU8.jpg,7:40292,126,1037,263,qwen3vl8b_vllm,qwen3vl2b_vllm,vlm2vec_v2,0,0,0,0
2543,7:2544,composition_required,composition_required,multimodal_needed,Is blue with stripes and buttons and has more buttons.,mbeir_images/fashioniq_images/B003BAEVJ2.jpg,7:4919,1,66,12105,gemini_embedding_2,mmembed,e5_omni,5,0,0,0
2544,7:2545,unresolved,unresolved,multimodal_needed,Is black and less wordy and has more red on it.,mbeir_images/fashioniq_images/B0001TOMJA.jpg,7:16,1407,2229,6703,qwen3vl8b_vllm,mmembed,qwen3vl2b_vllm,0,0,0,0
2548,7:2549,composition_required,composition_required,multimodal_needed,Is more blue and white and is more colorful and has more logos.,mbeir_images/fashioniq_images/B00DE1BDLC.jpg,7:22465,1,188,33,gme_qwen2vl_retriever_2,gemini_embedding_2,qwen3vl2b_vllm,6,0,0,0
2550,7:2551,unresolved,unresolved,multimodal_needed,Is black and has a larger graphic and is more colorful.,mbeir_images/fashioniq_images/B00AVMPTQM.jpg,7:14029,37,380,74,vlm2vec_v2,voyage_multimodal_35,rzen_embed,0,0,0,0
2552,7:2553,unresolved,unresolved,multimodal_needed,Is a shirt with bright checkers and is a red fleece with longer sleeves.,mbeir_images/fashioniq_images/B007VYS9I8.jpg,7:56757,20,75,13250,mmembed,rzen_embed,e5_omni,0,0,0,0
2553,7:2554,unresolved,unresolved,multimodal_needed,Is long sleeved and plaid and is more formal.,mbeir_images/fashioniq_images/B003GWWK7K.jpg,7:13139,79,489,11646,lamra,lamra,lamra,0,0,0,0
2554,7:2555,composition_required,composition_required,multimodal_needed,Has a different graphic and is darker and is darker with smaller words.,mbeir_images/fashioniq_images/B00CB3D1MS.jpg,7:28429,7,184,50,qwen3vl8b_vllm,rzen_embed,qwen3vl2b_vllm,1,0,0,0
2555,7:2556,composition_required,composition_required,multimodal_needed,Is solid black with green lettering and has a larger decal.,mbeir_images/fashioniq_images/B005CZM4XE.jpg,7:5222,1,341,20,qwen3vl2b_vllm,lamra,,7,0,0,0
2556,7:2557,unresolved,unresolved,multimodal_needed,The shirt is white and black in .color and has larger graphics and lighter color.,mbeir_images/fashioniq_images/B00E3OW73M.jpg,7:41242,13,184,82,qwen3vl8b_vllm,qwen3vl8b_vllm,gemini_embedding_2,0,0,0,0
2557,7:2558,unresolved,unresolved,multimodal_needed,Is more red and simple and with yellow stripes.,mbeir_images/fashioniq_images/B004XMVOPQ.jpg,7:4515,16,205,620,rzen_embed,gemini_embedding_2,voyage_multimodal_35,0,0,0,0
2560,7:2561,unresolved,unresolved,multimodal_needed,Is a white t-shirt with small writing on top chest and is a white t shirt and is much more plain.,mbeir_images/fashioniq_images/B006PGF5HQ.jpg,7:68945,15,48,6357,rzen_embed,gemini_embedding_2,,0,0,0,0
2561,7:2562,unresolved,unresolved,multimodal_needed,Is more photographic and less humorous and is dark blue with colourful picture.,mbeir_images/fashioniq_images/B0055KYMCW.jpg,7:56602,461,269,8709,qwen3vl2b_vllm,qwen3vl2b_vllm,,0,0,0,0
2562,7:2563,composition_required,composition_required,multimodal_needed,White and longer sleeves and is much lighter in color.,mbeir_images/fashioniq_images/B0083SDCOC.jpg,7:33545,3,1268,327,gme_qwen2vl_retriever_2,qwen3vl2b_vllm,,4,0,0,0
2563,7:2564,composition_required,composition_required,multimodal_needed,Has longer sleeves and a demin look and is a shirt and is more blue in colour.,mbeir_images/fashioniq_images/B00A353SXI.jpg,7:18209,1,28,232,gme_qwen2vl_retriever_2,vlm2vec_v2,gemini_embedding_2,8,0,0,0
2564,7:2565,unresolved,unresolved,multimodal_needed,The shirt is blue jean and longer sleeves.,mbeir_images/fashioniq_images/B00DSY5UOQ.jpg,7:54585,299,212,464,mmembed,mmembed,mmembed,0,0,0,0
2565,7:2566,unresolved,unresolved,multimodal_needed,Short sleeved and picture graphic and has longer sleeves and a different graphic.,mbeir_images/fashioniq_images/B00AJML1ZM.jpg,7:19592,352,270,3015,rzen_embed,,lamra_qwen25vl,0,0,0,0
2566,7:2567,unresolved,unresolved,multimodal_needed,Is darker gray and has a flag logo and darker color.,mbeir_images/fashioniq_images/B008B8NS0C.jpg,7:3919,13,122,33,gemini_embedding_2,lamra,qwen3vl2b_vllm,0,0,0,0
2567,7:2568,composition_required,composition_required,multimodal_needed,Is darker and is a darker purple with a design on the front.,mbeir_images/fashioniq_images/B000YDCP06.jpg,7:73988,4,85,61,qwen3vl2b_vllm,qwen3vl2b_vllm,qwen3vl2b_vllm,2,0,0,0
2568,7:2569,composition_required,composition_required,multimodal_needed,Is darker and is gray.,mbeir_images/fashioniq_images/B005MZ1V4C.jpg,7:40636,2,109,42,rzen_embed,gme_qwen2vl_retriever_2,,6,0,0,0
2571,7:2572,composition_required,composition_required,multimodal_needed,Has more color and is red and has human figure.,mbeir_images/fashioniq_images/B003SZXF3S.jpg,7:33195,7,126,8583,qwen3vl2b_vllm,qwen3vl2b_vllm,qwen3vl2b_vllm,1,0,0,0
2572,7:2573,unresolved,unresolved,multimodal_needed,Is darker and has short sleeves and has short sleeves and a logo.,mbeir_images/fashioniq_images/B0047HKIYU.jpg,7:6706,31,63,908,lamra,lamra,qwen3vl2b_vllm,0,0,0,0
2573,7:2574,unresolved,unresolved,multimodal_needed,Is darker colored and is grey.,mbeir_images/fashioniq_images/B009E9J5HC.jpg,7:12688,559,76,1948,e5_omni,rzen_embed,vlm2vec_v2,0,0,0,0
2574,7:2575,unresolved,unresolved,multimodal_needed,Is a black T shirt with a logo and is black with red circular motif.,mbeir_images/fashioniq_images/B0020Q11LE.jpg,7:72306,220,110,2377,e5_omni,e5_omni,qwen3vl8b_vllm,0,0,0,0
2578,7:2579,unresolved,unresolved,multimodal_needed,Is black with gray designs and is darker in color.,mbeir_images/fashioniq_images/B0012XKATA.jpg,7:39051,986,1990,1733,gemini_embedding_2,e5_omni,gemini_embedding_2,0,0,0,0
2580,7:2581,unresolved,unresolved,multimodal_needed,Has different graphics and has more colors.,mbeir_images/fashioniq_images/B005TON8VA.jpg,7:73850,167,5749,247,rzen_embed,gemini_embedding_2,mmembed,0,0,0,0
2581,7:2582,composition_required,composition_required,multimodal_needed,Is grey with a pocket and is slate grey.,mbeir_images/fashioniq_images/B007TXNXA0.jpg,7:59414,4,19,532,gme_qwen2vl_retriever_2,qwen3vl2b_vllm,,8,0,0,0
2584,7:2585,unresolved,unresolved,multimodal_needed,Is a fitted tee and has more text on it.,mbeir_images/fashioniq_images/B009P73OCK.jpg,7:53356,3611,2363,996,lamra,qwen3vl2b_vllm,lamra,0,0,0,0
2585,7:2586,unresolved,unresolved,multimodal_needed,Is a plain black and is darker.,mbeir_images/fashioniq_images/B005JQ5YBU.jpg,7:72005,11,242,94,lamra,gemini_embedding_2,,0,0,0,0
2587,7:2588,composition_required,composition_required,multimodal_needed,Is black in color and is darker.,mbeir_images/fashioniq_images/B003Z6Q7YY.jpg,7:63152,2,1394,56,vlm2vec_v2,qwen3vl2b_vllm,e5_omni,1,0,0,0
2588,7:2589,composition_required,composition_required,multimodal_needed,Has a short sleeve black color with a brand logo and has no collar and is black.,mbeir_images/fashioniq_images/B008LJZV0G.jpg,7:49846,2,65,5153,lamra,mmembed,qwen3vl2b_vllm,5,0,0,0
2591,7:2592,unresolved,unresolved,multimodal_needed,Is less formal and has short sleeves and is white with black lettering.,mbeir_images/fashioniq_images/B007VHEYAM.jpg,7:4032,267,197,5357,mmembed,gme_qwen2vl_retriever_2,gme_qwen2vl_retriever_2,0,0,0,0
2592,7:2593,composition_required,composition_required,multimodal_needed,Has a different picture and is black with a blue logo.,mbeir_images/fashioniq_images/B009L4NRSS.jpg,7:43961,6,557,26,lamra,qwen3vl8b_vllm,lamra_qwen25vl,4,0,0,0
2593,7:2594,unresolved,unresolved,multimodal_needed,Is darker and has a graphic and different graphic shirt.,mbeir_images/fashioniq_images/B001SN7NRQ.jpg,7:41684,6633,735,3680,gme_qwen2vl_retriever_2,gme_qwen2vl_retriever_2,gemini_embedding_2,0,0,0,0
2594,7:2595,unresolved,unresolved,multimodal_needed,Is black in color and is less humorous and more goth.,mbeir_images/fashioniq_images/B0061S0348.jpg,7:13431,39,458,8924,lamra_qwen25vl,qwen3vl8b_vllm,,0,0,0,0
2595,7:2596,unresolved,unresolved,multimodal_needed,Is more whimsical and black and is a dark t-shirt with a graphic.,mbeir_images/fashioniq_images/B00AZIAZK2.jpg,7:39380,2407,2076,51902,lamra,lamra,gme_qwen2vl_retriever_2,0,0,0,0
2597,7:2598,unresolved,unresolved,multimodal_needed,Has shorter sleeves and is wordy and is cream with short sleeves and no collar.,mbeir_images/fashioniq_images/B003ZAH3AM.jpg,7:71943,30,300,4885,rzen_embed,rzen_embed,gme_qwen2vl_retriever_2,0,0,0,0
2601,7:2602,composition_required,composition_required,multimodal_needed,Is gray and has a picture on the front and is lighter colored.,mbeir_images/fashioniq_images/B00CIYDP94.jpg,7:38650,5,122,97,gemini_embedding_2,gme_qwen2vl_retriever_2,,1,0,0,0
2602,7:2603,unresolved,unresolved,multimodal_needed,Is black in color and is black and has image logo.,mbeir_images/fashioniq_images/B005MKSBAE.jpg,7:11142,2188,1678,15094,voyage_multimodal_35,e5_omni,voyage_multimodal_35,0,0,0,0
2603,7:2604,composition_required,composition_required,multimodal_needed,Has a different pattern and is less colorful and is grey with white spots.,mbeir_images/fashioniq_images/B00AX0SS24.jpg,7:61704,1,11,510,mmembed,mmembed,gemini_embedding_2,9,0,0,0
2604,7:2605,unresolved,unresolved,multimodal_needed,Is white and has has no buttons and completely different shirts. Desired is white and designed. The other is a dress shirt.,mbeir_images/fashioniq_images/B001DYFD6S.jpg,7:17436,35,121,9016,lamra,lamra,voyage_multimodal_35,0,0,0,0
2605,7:2606,unresolved,unresolved,multimodal_needed,Is lighter and has longer sleeves and is white and long sleeves.,mbeir_images/fashioniq_images/B004NIZR44.jpg,7:51607,118,283,17232,mmembed,mmembed,,0,0,0,0
2606,7:2607,unresolved,unresolved,multimodal_needed,Has yellow words on it and has more graphics on it.,mbeir_images/fashioniq_images/B00509BTHY.jpg,7:27961,417,1057,1346,lamra_qwen25vl,gemini_embedding_2,lamra_qwen25vl,0,0,0,0
2608,7:2609,composition_required,composition_required,multimodal_needed,Is white with black background logo and is white and more graphic design.,mbeir_images/fashioniq_images/B00AZ020X0.jpg,7:46273,1,1139,40,lamra,gme_qwen2vl_retriever_2,voyage_multimodal_35,7,0,0,0
2609,7:2610,unresolved,unresolved,multimodal_needed,Pointing hand on the front and darker plaid long sleeve shirt.,mbeir_images/fashioniq_images/B004W75SW2.jpg,7:4166,11,66,332,mmembed,mmembed,e5_omni,0,0,0,0
2612,7:2613,unresolved,unresolved,multimodal_needed,Is more casual and darker and is plain and has short sleeves.,mbeir_images/fashioniq_images/B00AQR2JM4.jpg,7:65445,21,42,7868,lamra,lamra_qwen25vl,vlm2vec_v2,0,0,0,0
2613,7:2614,unresolved,unresolved,multimodal_needed,Is a gray tshirt and different color and phrase. The other could be offensive.,mbeir_images/fashioniq_images/B004JJVF48.jpg,7:6725,427,1220,333,,qwen3vl8b_vllm,,0,0,0,0
2614,7:2615,composition_required,composition_required,multimodal_needed,Is lighter blue with white stripes and is pale blue with white stripes.,mbeir_images/fashioniq_images/B009T6010U.jpg,7:36530,2,62,148,lamra,lamra_qwen25vl,,7,0,0,0
2618,7:2619,unresolved,unresolved,multimodal_needed,Is whiter and has short sleeves and is lighter and has shorter sleeves.,mbeir_images/fashioniq_images/B00A74AOSM.jpg,7:2343,1050,356,6575,gme_qwen2vl_retriever_2,mmembed,gemini_embedding_2,0,0,0,0
2619,7:2620,unresolved,unresolved,multimodal_needed,Is a pink shade and is pink with a larger graphic.,mbeir_images/fashioniq_images/B0089SVHFW.jpg,7:42848,52,26,11347,rzen_embed,rzen_embed,,0,0,0,0
2620,7:2621,composition_required,composition_required,multimodal_needed,Has longer sleeves and is brown and is long sleeved.,mbeir_images/fashioniq_images/B00AYU2QZ8.jpg,7:63300,1,147,2025,qwen3vl8b_vllm,mmembed,rzen_embed,5,0,0,0
2622,7:2623,unresolved,unresolved,multimodal_needed,Is a darker blue with long sleeves and is blue and less casual.,mbeir_images/fashioniq_images/B00D3DB5KU.jpg,7:64466,122,654,9163,rzen_embed,voyage_multimodal_35,gemini_embedding_2,0,0,0,0
2623,7:2624,unresolved,unresolved,multimodal_needed,Has text written in green and is more faded.,mbeir_images/fashioniq_images/B00542QOFE.jpg,7:40318,19,84,654,vlm2vec_v2,qwen3vl2b_vllm,vlm2vec_v2,0,0,0,0
2624,7:2625,unresolved,unresolved,multimodal_needed,Is darker blue and is darker.,mbeir_images/fashioniq_images/B002EQ9C8O.jpg,7:71880,151,1043,725,qwen3vl2b_vllm,e5_omni,qwen3vl8b_vllm,0,0,0,0
2625,7:2626,composition_required,composition_required,multimodal_needed,Is different colors and two tone color.,mbeir_images/fashioniq_images/B002M11IU6.jpg,7:35611,3,228,688,gemini_embedding_2,e5_omni,gemini_embedding_2,1,0,0,0
2626,7:2627,composition_required,composition_required,multimodal_needed,Is white with a woman on it without a collar and is lighter.,mbeir_images/fashioniq_images/B00BRB2H8O.jpg,7:8946,2,626,15166,lamra,qwen3vl8b_vllm,,2,0,0,0
2627,7:2628,composition_required,composition_required,multimodal_needed,Is a green colored shirt with an image and is army green and has less animated graphics.,mbeir_images/fashioniq_images/B00AH7QE2Y.jpg,7:19197,5,38,3839,qwen3vl2b_vllm,qwen3vl2b_vllm,vlm2vec_v2,1,0,0,0
2628,7:2629,unresolved,unresolved,multimodal_needed,Has longer sleeves and a collar and less casual with longer sleever.,mbeir_images/fashioniq_images/B0057XC4P4.jpg,7:46972,1050,3316,2584,lamra,e5_omni,vlm2vec_v2,0,0,0,0
2630,7:2631,unresolved,unresolved,multimodal_needed,Is black with words and is darker and less stylish.,mbeir_images/fashioniq_images/B004VG7H4G.jpg,7:26444,337,259,8519,gme_qwen2vl_retriever_2,gme_qwen2vl_retriever_2,qwen3vl8b_vllm,0,0,0,0
2631,7:2632,unresolved,unresolved,multimodal_needed,The shirt is a orange hibiscus shirt and button up orange tropical print.,mbeir_images/fashioniq_images/B00164GQDY.jpg,7:67508,23,109,6203,gemini_embedding_2,lamra_qwen25vl,gme_qwen2vl_retriever_2,0,0,0,0
2632,7:2633,unresolved,unresolved,multimodal_needed,Has no stripes and is black and has finer vertical striping.,mbeir_images/fashioniq_images/B0091GJHGW.jpg,7:69193,29,524,116,vlm2vec_v2,lamra_qwen25vl,gemini_embedding_2,0,0,0,0
2634,7:2635,unresolved,unresolved,multimodal_needed,A lighter color and is white with a photo of a person.,mbeir_images/fashioniq_images/B003HM7PT2.jpg,7:27268,37,79,4244,vlm2vec_v2,lamra,,0,0,0,0
2635,7:2636,unresolved,unresolved,multimodal_needed,Is light colored with a huge image and is white and has full grey logo.,mbeir_images/fashioniq_images/B004VUFJK6.jpg,7:1188,33,776,1082,lamra,rzen_embed,qwen3vl8b_vllm,0,0,0,0
2637,7:2638,unresolved,unresolved,multimodal_needed,Is more graphic and pocketless and is black with image.,mbeir_images/fashioniq_images/B006C25WGM.jpg,7:62967,18,1040,441,gemini_embedding_2,gemini_embedding_2,gme_qwen2vl_retriever_2,0,0,0,0
2638,7:2639,unresolved,unresolved,multimodal_needed,Has a smaller logo and is longer.,mbeir_images/fashioniq_images/B00B7SA29S.jpg,7:61184,95,8085,262,mmembed,e5_omni,mmembed,0,0,0,0
2640,7:2641,unresolved,unresolved,multimodal_needed,Has a different logo and has larger graphics on it.,mbeir_images/fashioniq_images/B001F23NH4.jpg,7:46560,1230,2251,1965,rzen_embed,e5_omni,rzen_embed,0,0,0,0
2641,7:2642,unresolved,unresolved,multimodal_needed,Has a black color with a decent size image and has a rectangle graphic design.,mbeir_images/fashioniq_images/B000297JN0.jpg,7:51308,276,339,83,qwen3vl8b_vllm,qwen3vl8b_vllm,vlm2vec_v2,0,0,0,0
2642,7:2643,unresolved,unresolved,multimodal_needed,Is more casual and has shorter sleeves and is a dark blue T shirt.,mbeir_images/fashioniq_images/B009EUI4G4.jpg,7:72856,917,327,11895,lamra,qwen3vl8b_vllm,lamra_qwen25vl,0,0,0,0
2644,7:2645,unresolved,unresolved,multimodal_needed,Is a blue collared shirt and it is blue and has collar.,mbeir_images/fashioniq_images/B00BCWHW2E.jpg,7:61254,28,470,686,rzen_embed,voyage_multimodal_35,qwen3vl2b_vllm,0,0,0,0
2645,7:2646,unresolved,unresolved,multimodal_needed,Brighter and checked and has a lighter color.,mbeir_images/fashioniq_images/B0059BG2SE.jpg,7:25429,25,1297,76,vlm2vec_v2,rzen_embed,qwen3vl2b_vllm,0,0,0,0
2646,7:2647,composition_required,composition_required,multimodal_needed,Is maroon and more plain and is black with bright blue detailing.,mbeir_images/fashioniq_images/B0041D811M.jpg,7:23596,1,56,123,mmembed,qwen3vl8b_vllm,qwen3vl2b_vllm,5,0,0,0
2647,7:2648,unresolved,unresolved,multimodal_needed,Is more whimsical and colorful and different larger graphic.,mbeir_images/fashioniq_images/B00BY6SGZA.jpg,7:25229,12,4828,14,e5_omni,,gme_qwen2vl_retriever_2,0,0,0,0
2648,7:2649,composition_required,composition_required,multimodal_needed,Is black in color and is darker colored.,mbeir_images/fashioniq_images/B005TVEOKW.jpg,7:36943,4,2050,42,mmembed,e5_omni,gemini_embedding_2,1,0,0,0
2649,7:2650,unresolved,unresolved,multimodal_needed,Is green and is green with a yellow motif.,mbeir_images/fashioniq_images/B008JVJI00.jpg,7:167,293,255,10616,qwen3vl8b_vllm,qwen3vl8b_vllm,voyage_multimodal_35,0,0,0,0
2652,7:2653,unresolved,unresolved,multimodal_needed,Is a green t shirt and is green with sleeves.,mbeir_images/fashioniq_images/B00AJML1ZM.jpg,7:48352,65,562,4411,rzen_embed,e5_omni,e5_omni,0,0,0,0
2654,7:2655,unresolved,unresolved,multimodal_needed,Is black and more casual and is less formal.,mbeir_images/fashioniq_images/B00AZLZ8UQ.jpg,7:56472,30,1131,1705,rzen_embed,voyage_multimodal_35,gemini_embedding_2,0,0,0,0
2655,7:2656,unresolved,unresolved,multimodal_needed,Has a different font and is a red short sleeved collared tee.,mbeir_images/fashioniq_images/B00BGVUTBC.jpg,7:54953,370,4757,68,,qwen3vl2b_vllm,qwen3vl2b_vllm,0,0,0,0
2657,7:2658,unresolved,unresolved,multimodal_needed,Is a darker color and has longer sleeves and has longer sleeves and is darker.,mbeir_images/fashioniq_images/B000GA5YPK.jpg,7:59345,390,409,2384,lamra_qwen25vl,e5_omni,vlm2vec_v2,0,0,0,0
2658,7:2659,composition_required,composition_required,multimodal_needed,Is short sleeve and plaid and is striped with short sleeves.,mbeir_images/fashioniq_images/B00AZIB77W.jpg,7:42340,1,12,1328,lamra,mmembed,vlm2vec_v2,2,0,0,0
2660,7:2661,composition_required,composition_required,multimodal_needed,Has shorter sleeves and is darker and is gray with shorter sleeves.,mbeir_images/fashioniq_images/B00G37DN5S.jpg,7:47289,1,170,118,rzen_embed,gemini_embedding_2,vlm2vec_v2,4,0,0,0
2661,7:2662,unresolved,unresolved,multimodal_needed,Is grey colored and has a smaller graphic to it.,mbeir_images/fashioniq_images/B0061SL9LO.jpg,7:12108,218,11,9227,lamra_qwen25vl,lamra_qwen25vl,lamra_qwen25vl,0,0,0,0
2662,7:2663,unresolved,unresolved,multimodal_needed,Is white color with red text and is shorter sleeved and has no buttons or collar.,mbeir_images/fashioniq_images/B00AZUNPNE.jpg,7:58811,16,431,3003,lamra_qwen25vl,gemini_embedding_2,gemini_embedding_2,0,0,0,0
2663,7:2664,unresolved,unresolved,multimodal_needed,Is black and is darker.,mbeir_images/fashioniq_images/B006Y8Q79U.jpg,7:68484,67,1081,930,voyage_multimodal_35,mmembed,,0,0,0,0
2664,7:2665,composition_required,composition_required,multimodal_needed,Is white with blue strips and is white with blue and yellow stripes.,mbeir_images/fashioniq_images/B004QL7B9C.jpg,7:53218,1,70,27,lamra_qwen25vl,lamra_qwen25vl,qwen3vl2b_vllm,1,0,0,0
2666,7:2667,composition_required,composition_required,multimodal_needed,Orange green and blue pattern with more buttons and is more formal.,mbeir_images/fashioniq_images/B000LQVB9W.jpg,7:6338,1,95,261,gme_qwen2vl_retriever_2,rzen_embed,gme_qwen2vl_retriever_2,6,0,0,0
2667,7:2668,unresolved,unresolved,multimodal_needed,Is gray with figures on it and is more vogue.,mbeir_images/fashioniq_images/B000S3P946.jpg,7:13330,17,261,593,lamra_qwen25vl,lamra_qwen25vl,mmembed,0,0,0,0
2670,7:2671,unresolved,unresolved,multimodal_needed,Is more monochromatic and is more of a navy blue.,mbeir_images/fashioniq_images/B004VFHTL8.jpg,7:39967,33,735,125,gme_qwen2vl_retriever_2,rzen_embed,qwen3vl2b_vllm,0,0,0,0
2671,7:2672,unresolved,unresolved,multimodal_needed,Is black with a different logo and a black shirt with large print on front.,mbeir_images/fashioniq_images/B008X6WIBC.jpg,7:28320,3100,388,5107,qwen3vl8b_vllm,rzen_embed,voyage_multimodal_35,0,0,0,0
2672,7:2673,unresolved,unresolved,multimodal_needed,Is a checked shirt and has more of a plaid pattern.,mbeir_images/fashioniq_images/B005JQ4FEM.jpg,7:22106,38,291,494,lamra,rzen_embed,qwen3vl2b_vllm,0,0,0,0
2673,7:2674,unresolved,unresolved,multimodal_needed,Looks more fashionable and is black.,mbeir_images/fashioniq_images/B0083Z6QDO.jpg,7:55525,319,3816,408,lamra,qwen3vl2b_vllm,lamra_qwen25vl,0,0,0,0
2674,7:2675,unresolved,unresolved,multimodal_needed,Is more buttoned and less casual and is a darker blue.,mbeir_images/fashioniq_images/B001JTDJZY.jpg,7:30816,3974,3890,30947,voyage_multimodal_35,voyage_multimodal_35,voyage_multimodal_35,0,0,0,0
2677,7:2678,composition_required,composition_required,multimodal_needed,Is white and green plaid and desired product is lighter in color.,mbeir_images/fashioniq_images/B004R1RB3M.jpg,7:61478,1,16,45,gemini_embedding_2,qwen3vl2b_vllm,,7,0,0,0
2680,7:2681,composition_required,composition_required,multimodal_needed,A simple light colored tee with a small logo and has more yellow and less graphics.,mbeir_images/fashioniq_images/B005HGTEPY.jpg,7:10857,3,60,202,lamra,gme_qwen2vl_retriever_2,qwen3vl8b_vllm,5,0,0,0
2682,7:2683,unresolved,unresolved,multimodal_needed,Is black color with art and is dark blue with green logo.,mbeir_images/fashioniq_images/B009DEGOSG.jpg,7:62149,52,41,4987,qwen3vl8b_vllm,e5_omni,mmembed,0,0,0,0
2683,7:2684,unresolved,unresolved,multimodal_needed,Is darker with a different logo and has sentences on the front.,mbeir_images/fashioniq_images/B0081V2U6C.jpg,7:2224,276,369,1411,gme_qwen2vl_retriever_2,gme_qwen2vl_retriever_2,gemini_embedding_2,0,0,0,0
2685,7:2686,composition_required,composition_required,multimodal_needed,Has a different graphic and a foreign language and has a black & white graphic.,mbeir_images/fashioniq_images/B00AFEOREQ.jpg,7:59454,8,717,49,mmembed,gme_qwen2vl_retriever_2,lamra_qwen25vl,1,0,0,0
2686,7:2687,unresolved,unresolved,multimodal_needed,Is more colorful and bright and is more wordy.,mbeir_images/fashioniq_images/B004KF9LM4.jpg,7:9167,338,1282,403,lamra,rzen_embed,qwen3vl8b_vllm,0,0,0,0
2688,7:2689,unresolved,unresolved,multimodal_needed,Darker and not button up and is a plain black tshirt with writing.,mbeir_images/fashioniq_images/B006QMKAUQ.jpg,7:49889,185,116,7169,lamra_qwen25vl,lamra_qwen25vl,qwen3vl2b_vllm,0,0,0,0
2690,7:2691,unresolved,unresolved,multimodal_needed,Has longer sleeves and is more formal.,mbeir_images/fashioniq_images/B008HO2HZ2.jpg,7:62282,75,4239,337,lamra,voyage_multimodal_35,e5_omni,0,0,0,0
2691,7:2692,unresolved,unresolved,multimodal_needed,Is a solid black t-shirt and is a darker and a t shirt.,mbeir_images/fashioniq_images/B0032CO7IO.jpg,7:71234,15,173,216,lamra_qwen25vl,lamra_qwen25vl,lamra,0,0,0,0
2693,7:2694,unresolved,unresolved,multimodal_needed,Is a grey shirt with black stripes on the sides and is lighter.,mbeir_images/fashioniq_images/B001JP5KAA.jpg,7:53314,92,369,57,gme_qwen2vl_retriever_2,gme_qwen2vl_retriever_2,gme_qwen2vl_retriever_2,0,0,0,0
2694,7:2695,unresolved,unresolved,multimodal_needed,Is gray with blue designs and is simpler.,mbeir_images/fashioniq_images/B000BQ09GS.jpg,7:53747,86,664,1247,voyage_multimodal_35,qwen3vl8b_vllm,voyage_multimodal_35,0,0,0,0
2695,7:2696,unresolved,unresolved,multimodal_needed,Is darker and has different graphics and is black with a white advertising logo.,mbeir_images/fashioniq_images/B009E5ZBBU.jpg,7:47514,157,54,1449,vlm2vec_v2,lamra,vlm2vec_v2,0,0,0,0
2696,7:2697,unresolved,unresolved,multimodal_needed,Is short sleeves and has shorter sleeves.,mbeir_images/fashioniq_images/B006Z8HHGQ.jpg,7:28514,20,3044,134,gme_qwen2vl_retriever_2,voyage_multimodal_35,gemini_embedding_2,0,0,0,0
2697,7:2698,unresolved,unresolved,multimodal_needed,Has more print work and is darker.,mbeir_images/fashioniq_images/B007RGHP1W.jpg,7:25539,53,3959,239,gemini_embedding_2,qwen3vl2b_vllm,gemini_embedding_2,0,0,0,0
2699,7:2700,unresolved,unresolved,multimodal_needed,Has plain pattern and has more colors to it.,mbeir_images/fashioniq_images/B00FFKQ3LK.jpg,7:12927,1911,304,7788,gemini_embedding_2,mmembed,lamra,0,0,0,0
2701,7:2702,unresolved,unresolved,multimodal_needed,Is more whimsical and has shorter sleeves and has more pattern to it.,mbeir_images/fashioniq_images/B00D3T6XG0.jpg,7:23938,22,251,12829,lamra,lamra_qwen25vl,voyage_multimodal_35,0,0,0,0
2702,7:2703,composition_required,composition_required,multimodal_needed,Is more white and simple and is more white and has shorter sleeves.,mbeir_images/fashioniq_images/B00G3ZMAJU.jpg,7:30299,3,2953,79,gme_qwen2vl_retriever_2,gemini_embedding_2,qwen3vl8b_vllm,2,0,0,0
2707,7:2708,unresolved,unresolved,multimodal_needed,Is black with a skull on it and is darker.,mbeir_images/fashioniq_images/B008075ZCS.jpg,7:14298,11,22,18012,lamra,lamra,gemini_embedding_2,0,0,0,0
2708,7:2709,unresolved,unresolved,multimodal_needed,Is button-up and plaid and is t shirts with no buttons.,mbeir_images/fashioniq_images/B007UNXLB0.jpg,7:28978,9841,2921,37103,vlm2vec_v2,mmembed,gemini_embedding_2,0,0,0,0
2709,7:2710,composition_required,composition_required,multimodal_needed,Has no sleeves and has a more colourful graphic with no sleeves.,mbeir_images/fashioniq_images/B00642IYH4.jpg,7:62276,2,392,17,gemini_embedding_2,lamra_qwen25vl,gme_qwen2vl_retriever_2,5,0,0,0
2711,7:2712,composition_required,composition_required,multimodal_needed,Is blue in color and is solid blue.,mbeir_images/fashioniq_images/B006ID8WAI.jpg,7:45439,3,338,88,e5_omni,e5_omni,e5_omni,2,0,0,0
2714,7:2715,unresolved,unresolved,multimodal_needed,The shirt is white with long sleeves and is a white button down.,mbeir_images/fashioniq_images/B009ZYQ8RQ.jpg,7:20912,111,234,23548,gme_qwen2vl_retriever_2,qwen3vl2b_vllm,vlm2vec_v2,0,0,0,0
2715,7:2716,composition_required,composition_required,multimodal_needed,Has longer sleeves and buttons and is denim material and is a button down top.,mbeir_images/fashioniq_images/B00C4RULCE.jpg,7:26848,1,18,8705,gme_qwen2vl_retriever_2,voyage_multimodal_35,rzen_embed,4,0,0,0
2716,7:2717,unresolved,unresolved,multimodal_needed,Is short sleeved and has a larger design on it.,mbeir_images/fashioniq_images/B00B92J932.jpg,7:70253,1680,221,7162,gemini_embedding_2,gemini_embedding_2,mmembed,0,0,0,0
2718,7:2719,composition_required,composition_required,multimodal_needed,Is violet colored and is dark purple color.,mbeir_images/fashioniq_images/B006Y5SM2I.jpg,7:16660,1,1277,12,gme_qwen2vl_retriever_2,mmembed,gemini_embedding_2,10,0,0,0
2719,7:2720,unresolved,unresolved,multimodal_needed,Is darker and a black shirt with white design on front.,mbeir_images/fashioniq_images/B0045MS86W.jpg,7:28171,340,85,7036,qwen3vl2b_vllm,gemini_embedding_2,,0,0,0,0
2720,7:2721,composition_required,composition_required,multimodal_needed,Is long sleeved and dark and a solid grey shirt with stripes across the chest.,mbeir_images/fashioniq_images/B00E80PTRC.jpg,7:71013,1,19,73,gme_qwen2vl_retriever_2,gemini_embedding_2,e5_omni,10,0,0,0
2721,7:2722,composition_required,composition_required,multimodal_needed,Is a solid light purple color and is purple and is more plain.,mbeir_images/fashioniq_images/B00ELPU4J2.jpg,7:70053,1,50,705,gemini_embedding_2,gemini_embedding_2,,5,0,0,0
2723,7:2724,composition_required,composition_required,multimodal_needed,A light blue long sleeve tee shirt and is lighter and has longer sleeves.,mbeir_images/fashioniq_images/B0053DV6AW.jpg,7:41446,9,28,5795,voyage_multimodal_35,mmembed,voyage_multimodal_35,1,0,0,0
2724,7:2725,unresolved,unresolved,multimodal_needed,Is plain white with short sleeves and is white and not button down.,mbeir_images/fashioniq_images/B009X6CURI.jpg,7:58465,144,639,4272,gme_qwen2vl_retriever_2,vlm2vec_v2,,0,0,0,0
2725,7:2726,composition_required,composition_required,multimodal_needed,Has no sleeves and is navy blue and has no sleeves.,mbeir_images/fashioniq_images/B0014C09VI.jpg,7:57982,1,28,4648,lamra_qwen25vl,voyage_multimodal_35,,3,0,0,0
2726,7:2727,unresolved,unresolved,multimodal_needed,Is plaid with pockets on the front and has a flannel pattern.,mbeir_images/fashioniq_images/B0046RDF00.jpg,7:69538,38,239,783,mmembed,qwen3vl2b_vllm,lamra_qwen25vl,0,0,0,0
2728,7:2729,composition_required,composition_required,multimodal_needed,Has shorter sleeves with brand text and it is white and it is not plain.,mbeir_images/fashioniq_images/B00DOV9UJY.jpg,7:27061,7,156,8399,vlm2vec_v2,rzen_embed,vlm2vec_v2,1,0,0,0
2729,7:2730,unresolved,unresolved,multimodal_needed,Is vacation themed and has a different graphic.,mbeir_images/fashioniq_images/B003IBGLN8.jpg,7:49631,23,34,120,lamra,mmembed,lamra,0,0,0,0
2730,7:2731,composition_required,composition_required,multimodal_needed,Has more buttons and a different pattern and has a striped pattern and buttons down the front.,mbeir_images/fashioniq_images/B00AAQT6ZY.jpg,7:35121,2,30,317,vlm2vec_v2,e5_omni,qwen3vl8b_vllm,1,0,0,0
2731,7:2732,unresolved,unresolved,multimodal_needed,Is green with brown designs and is less colorful.,mbeir_images/fashioniq_images/B004UIOL3K.jpg,7:69902,16,90,148,lamra_qwen25vl,e5_omni,qwen3vl2b_vllm,0,0,0,0
2732,7:2733,unresolved,unresolved,multimodal_needed,Has sleeves and is darker and has longer sleeves.,mbeir_images/fashioniq_images/B005LLE270.jpg,7:20783,25,13744,83,rzen_embed,qwen3vl2b_vllm,e5_omni,0,0,0,0
2733,7:2734,composition_required,composition_required,multimodal_needed,Has short sleeves and is silver and is grey and more casual.,mbeir_images/fashioniq_images/B007PIYT8O.jpg,7:41290,5,213,4018,lamra,rzen_embed,qwen3vl2b_vllm,1,0,0,0
2736,7:2737,composition_required,composition_required,multimodal_needed,Plaid long sleeve turquoise shirt and has a plaid pattern and longer sleeves.,mbeir_images/fashioniq_images/B005LA76RO.jpg,7:58622,1,21,961,vlm2vec_v2,gemini_embedding_2,vlm2vec_v2,3,0,0,0
2737,7:2738,composition_required,composition_required,multimodal_needed,Is a shirt with long sleeves and has a pocket and has longer sleeves.,mbeir_images/fashioniq_images/B0080F3536.jpg,7:67594,4,12,5359,lamra,lamra,gemini_embedding_2,2,0,0,0
2738,7:2739,unresolved,unresolved,multimodal_needed,Is dark colored and longer and has a bigger graphic and is more black.,mbeir_images/fashioniq_images/B005E7KJPK.jpg,7:70677,649,792,8815,e5_omni,e5_omni,lamra,0,0,0,0
2739,7:2740,unresolved,unresolved,multimodal_needed,Is brighter and is yellow with a black logo.,mbeir_images/fashioniq_images/B000E22CFA.jpg,7:4753,419,1881,799,lamra,lamra,qwen3vl8b_vllm,0,0,0,0
2742,7:2743,composition_required,composition_required,multimodal_needed,Is a lighter colored and has a larger graphic and is closer to orange and a different design.,mbeir_images/fashioniq_images/B00B28FJ1E.jpg,7:35567,3,53,605,qwen3vl8b_vllm,qwen3vl8b_vllm,,7,0,0,0
2743,7:2744,unresolved,unresolved,multimodal_needed,Has a graphic design and is black with text.,mbeir_images/fashioniq_images/B007DJ3436.jpg,7:28332,195,1413,1214,qwen3vl2b_vllm,qwen3vl2b_vllm,qwen3vl2b_vllm,0,0,0,0
2744,7:2745,composition_required,composition_required,multimodal_needed,Is yellow and is more formal.,mbeir_images/fashioniq_images/B0089681FI.jpg,7:17621,3,286,439,gme_qwen2vl_retriever_2,mmembed,gemini_embedding_2,5,0,0,0
2745,7:2746,composition_required,composition_required,multimodal_needed,Is longer sleeved and long sleeved blue.,mbeir_images/fashioniq_images/B00305G3QC.jpg,7:62327,8,496,222,qwen3vl2b_vllm,e5_omni,,2,0,0,0
2747,7:2748,composition_required,composition_required,multimodal_needed,The shirt is long sleeve and blue in color and desired item is solid navy blue.,mbeir_images/fashioniq_images/B00CDL2BX8.jpg,7:23459,1,25,196,gemini_embedding_2,gemini_embedding_2,gme_qwen2vl_retriever_2,6,0,0,0
2748,7:2749,unresolved,unresolved,multimodal_needed,Is more masculine and it has collar and pocket.,mbeir_images/fashioniq_images/B0017ZBREA.jpg,7:15301,1049,757,23906,lamra,lamra_qwen25vl,qwen3vl2b_vllm,0,0,0,0
2749,7:2750,composition_required,composition_required,multimodal_needed,Has shorter sleeves and is blue and has short sleeves and plaid and other is long sleeves and black.,mbeir_images/fashioniq_images/B003MU9OB6.jpg,7:71884,3,39,4607,gme_qwen2vl_retriever_2,gme_qwen2vl_retriever_2,e5_omni,2,0,0,0
2750,7:2751,unresolved,unresolved,multimodal_needed,Is a black checkered shirt and has plaid pattern.,mbeir_images/fashioniq_images/B001M0MYCE.jpg,7:46738,20,673,338,gemini_embedding_2,voyage_multimodal_35,mmembed,0,0,0,0
2751,7:2752,composition_required,composition_required,multimodal_needed,Is less colorful and has longer sleeves.,mbeir_images/fashioniq_images/B00BMPMJ6U.jpg,7:18275,4,919,86,lamra_qwen25vl,vlm2vec_v2,qwen3vl2b_vllm,5,0,0,0
2752,7:2753,composition_required,composition_required,multimodal_needed,Is grey with a tiger on it and is gray with colorful graphic and more casual.,mbeir_images/fashioniq_images/B00AWDQ1P8.jpg,7:1117,1,22,875,gme_qwen2vl_retriever_2,rzen_embed,qwen3vl8b_vllm,8,0,0,0
2753,7:2754,unresolved,unresolved,multimodal_needed,Is a black t shirt and is black with shorter sleeves.,mbeir_images/fashioniq_images/B0083F5810.jpg,7:2662,17,217,997,gme_qwen2vl_retriever_2,vlm2vec_v2,e5_omni,0,0,0,0
2754,7:2755,unresolved,unresolved,multimodal_needed,Has a shorter sleeve with four different colors and is short sleeved black and gray color.,mbeir_images/fashioniq_images/B009A87P9W.jpg,7:42820,11,11,6910,lamra,qwen3vl2b_vllm,qwen3vl2b_vllm,0,0,0,0
2756,7:2757,unresolved,unresolved,multimodal_needed,More long-sleeved and patterned and is a button up with a collar.,mbeir_images/fashioniq_images/B00BD2XFGK.jpg,7:58904,789,597,25560,lamra_qwen25vl,lamra_qwen25vl,,0,0,0,0
2758,7:2759,unresolved,unresolved,multimodal_needed,Is white with green designs and and has less buttons.,mbeir_images/fashioniq_images/B0016LURJ6.jpg,7:41004,13,32,276,e5_omni,e5_omni,voyage_multimodal_35,0,0,0,0
2759,7:2760,unresolved,unresolved,multimodal_needed,The shirt is white with black writing and is lighter.,mbeir_images/fashioniq_images/B0094IWPZM.jpg,7:12522,3098,3324,25944,mmembed,lamra_qwen25vl,mmembed,0,0,0,0
2761,7:2762,composition_required,composition_required,multimodal_needed,Is grey and writing on it and is lighter and less colorful.,mbeir_images/fashioniq_images/B004KSSKXW.jpg,7:33405,1,22,164,rzen_embed,gme_qwen2vl_retriever_2,qwen3vl2b_vllm,8,0,0,0
2762,7:2763,composition_required,composition_required,multimodal_needed,Has a red white and blue graphic and a union jack graphic on front.,mbeir_images/fashioniq_images/B00D2VY082.jpg,7:42659,1,14,12,lamra,qwen3vl2b_vllm,gme_qwen2vl_retriever_2,5,0,0,0
2763,7:2764,unresolved,unresolved,multimodal_needed,Is gray with red designs and is lighter in color.,mbeir_images/fashioniq_images/B000JVKHLW.jpg,7:71153,238,126,849,qwen3vl8b_vllm,qwen3vl2b_vllm,,0,0,0,0
2765,7:2766,composition_required,composition_required,multimodal_needed,The shirt is green and white in color and collared.,mbeir_images/fashioniq_images/B006R1IWZQ.jpg,7:66832,4,223,60,mmembed,qwen3vl2b_vllm,qwen3vl8b_vllm,2,0,0,0
2766,7:2767,unresolved,unresolved,multimodal_needed,Sleeveless and much more plain and is a graphic t-shirt.,mbeir_images/fashioniq_images/B0098YLOJK.jpg,7:31203,4042,8267,15942,qwen3vl8b_vllm,voyage_multimodal_35,mmembed,0,0,0,0
2767,7:2768,unresolved,unresolved,multimodal_needed,Is a dark colored t-shirt with short sleeves and darker in color.,mbeir_images/fashioniq_images/B004QQ5IMO.jpg,7:69004,36,362,746,rzen_embed,voyage_multimodal_35,gemini_embedding_2,0,0,0,0
2769,7:2770,unresolved,unresolved,multimodal_needed,Is lighter and less casual and is slightly lighter.,mbeir_images/fashioniq_images/B009GFMPIU.jpg,7:59932,67,9977,250,qwen3vl8b_vllm,lamra,gme_qwen2vl_retriever_2,0,0,0,0
2771,7:2772,unresolved,unresolved,multimodal_needed,Black and not as exotic looking and is black and shirt sleeved.,mbeir_images/fashioniq_images/B00D2VC7VY.jpg,7:49292,16,351,285,voyage_multimodal_35,qwen3vl8b_vllm,qwen3vl2b_vllm,0,0,0,0
2772,7:2773,unresolved,unresolved,multimodal_needed,Has short sleeves with a small image and is heathered light gray design.,mbeir_images/fashioniq_images/B007JSCBD0.jpg,7:50829,71,147,904,mmembed,lamra_qwen25vl,mmembed,0,0,0,0
2774,7:2775,composition_required,composition_required,multimodal_needed,Has more buttons and is blue and is lighter.,mbeir_images/fashioniq_images/B0036XOP54.jpg,7:33270,4,38,550,lamra,mmembed,lamra,4,0,0,0
2775,7:2776,unresolved,unresolved,multimodal_needed,Is darker and more relaxed fit and is black with white text.,mbeir_images/fashioniq_images/B003E6UMPK.jpg,7:55503,294,17,10000,lamra,mmembed,gemini_embedding_2,0,0,0,0
2776,7:2777,unresolved,unresolved,multimodal_needed,Has shorter sleeves and without buttons and collar and short sleeves black face logo.,mbeir_images/fashioniq_images/B00CBU9L4I.jpg,7:53488,108,14,18636,lamra_qwen25vl,gemini_embedding_2,lamra_qwen25vl,0,0,0,0
2777,7:2778,unresolved,unresolved,multimodal_needed,Is green with red designs and is lighter and has shorter sleeves.,mbeir_images/fashioniq_images/B009RQPIQ4.jpg,7:39275,141,489,45883,lamra,lamra,lamra,0,0,0,0
2778,7:2779,unresolved,unresolved,multimodal_needed,The shirt is short sleeve and is orange in color and is orange and has no logo.,mbeir_images/fashioniq_images/B008CLE0RI.jpg,7:35728,257,365,2341,lamra_qwen25vl,e5_omni,gme_qwen2vl_retriever_2,0,0,0,0
2780,7:2781,composition_required,composition_required,multimodal_needed,Is a cornflower blue and is darker.,mbeir_images/fashioniq_images/B0051GDT4M.jpg,7:20637,3,599,30,gme_qwen2vl_retriever_2,rzen_embed,gemini_embedding_2,4,0,0,0
2781,7:2782,composition_required,composition_required,multimodal_needed,Has only two colors and buttons and is white colored.,mbeir_images/fashioniq_images/B00EFZ786K.jpg,7:55169,1,96,84,gme_qwen2vl_retriever_2,e5_omni,,7,0,0,0
2784,7:2785,unresolved,unresolved,multimodal_needed,Is longer and lighter and is gray with a logo.,mbeir_images/fashioniq_images/B007SYAVNC.jpg,7:63087,695,2686,4808,gme_qwen2vl_retriever_2,mmembed,rzen_embed,0,0,0,0
2785,7:2786,composition_required,composition_required,multimodal_needed,The shirt is long sleeve and white and is grey.,mbeir_images/fashioniq_images/B003HNA8WW.jpg,7:36498,7,200,140,gme_qwen2vl_retriever_2,mmembed,gme_qwen2vl_retriever_2,2,0,0,0
2786,7:2787,unresolved,unresolved,multimodal_needed,Has a logo behind lettering and has a green motif.,mbeir_images/fashioniq_images/B00018A9XO.jpg,7:5076,11,240,16,lamra_qwen25vl,mmembed,lamra_qwen25vl,0,0,0,0
2788,7:2789,unresolved,unresolved,multimodal_needed,Is more formal with buttons and a print and is plaid button-up.,mbeir_images/fashioniq_images/B005FS7LEK.jpg,7:37134,174,1179,2539,lamra,e5_omni,gme_qwen2vl_retriever_2,0,0,0,0
2790,7:2791,unresolved,unresolved,multimodal_needed,Has a round neckline and has a white text logo.,mbeir_images/fashioniq_images/B007KDGECS.jpg,7:47785,153,335,641,rzen_embed,gemini_embedding_2,e5_omni,0,0,0,0
2792,7:2793,unresolved,unresolved,multimodal_needed,Is red with words and is a red t-shirt.,mbeir_images/fashioniq_images/B00EYGE7X2.jpg,7:2145,11,48,1540,lamra_qwen25vl,lamra,gemini_embedding_2,0,0,0,0
2793,7:2794,unresolved,unresolved,multimodal_needed,Is a white button down dress shirt and is lighter.,mbeir_images/fashioniq_images/B000JILAW0.jpg,7:10473,33,91,208,lamra,lamra_qwen25vl,gemini_embedding_2,0,0,0,0
2794,7:2795,composition_required,composition_required,multimodal_needed,Is darker in color and is blue and has logo.,mbeir_images/fashioniq_images/B00C6AOL2K.jpg,7:26408,2,37,177,lamra,mmembed,vlm2vec_v2,2,0,0,0
2796,7:2797,unresolved,unresolved,multimodal_needed,Is more light colored with a huge image and is lighter.,mbeir_images/fashioniq_images/B0087VDBP0.jpg,7:69903,29,8867,27,qwen3vl8b_vllm,lamra_qwen25vl,qwen3vl8b_vllm,0,0,0,0
2797,7:2798,unresolved,unresolved,multimodal_needed,Is a black shirt with a man on it and is black with logo.,mbeir_images/fashioniq_images/B00CMI6PSY.jpg,7:20053,21,50,1093,lamra_qwen25vl,mmembed,,0,0,0,0
2799,7:2800,composition_required,composition_required,multimodal_needed,Is red with white floral designs and red shirt with white Hawaiian flowers.,mbeir_images/fashioniq_images/B008ES82T6.jpg,7:3830,6,27,1296,e5_omni,qwen3vl2b_vllm,rzen_embed,2,0,0,0
2800,7:2801,unresolved,unresolved,multimodal_needed,Has shorter sleeves with buttons and a collar and desired item is black with short sleeves.,mbeir_images/fashioniq_images/B0041EIXIM.jpg,7:37487,34,189,2408,mmembed,mmembed,mmembed,0,0,0,0
2801,7:2802,unresolved,unresolved,multimodal_needed,Is plainly blue and is blue and not as colorful.,mbeir_images/fashioniq_images/B0016BI1P8.jpg,7:40859,33,2747,145,qwen3vl8b_vllm,qwen3vl8b_vllm,vlm2vec_v2,0,0,0,0
2802,7:2803,unresolved,unresolved,multimodal_needed,With a symbol on the left side and has a pattern and is pink.,mbeir_images/fashioniq_images/B001LQG1N2.jpg,7:40048,859,10829,2843,lamra,lamra,voyage_multimodal_35,0,0,0,0
2803,7:2804,unresolved,unresolved,multimodal_needed,Is blue in color with longer sleeves and has long sleeve and is light blue color.,mbeir_images/fashioniq_images/B0089681FI.jpg,7:15611,298,2323,2575,gemini_embedding_2,e5_omni,gemini_embedding_2,0,0,0,0
2804,7:2805,unresolved,unresolved,multimodal_needed,Has a graphic design and navy blue and has shorter sleeves.,mbeir_images/fashioniq_images/B003V1W8G4.jpg,7:10985,2937,769,27516,qwen3vl8b_vllm,,rzen_embed,0,0,0,0
2805,7:2806,unresolved,unresolved,multimodal_needed,Is short sleved and is grey with a car motif.,mbeir_images/fashioniq_images/B004M5I1R8.jpg,7:74312,1228,21501,983,,voyage_multimodal_35,lamra,0,0,0,0
2806,7:2807,composition_required,composition_required,multimodal_needed,Is white colored and is a white tshirt.,mbeir_images/fashioniq_images/B00CIA7QKW.jpg,7:23694,4,286,56,mmembed,qwen3vl2b_vllm,gemini_embedding_2,1,0,0,0
2807,7:2808,unresolved,unresolved,multimodal_needed,Is a black short sleeved shirt with minimal art and solid black shirt with white pattern on chest.,mbeir_images/fashioniq_images/B004Q3PSU4.jpg,7:73560,93,81,3451,mmembed,gemini_embedding_2,gemini_embedding_2,0,0,0,0
2808,7:2809,unresolved,unresolved,multimodal_needed,Is larger and darker and is darker.,mbeir_images/fashioniq_images/B0083I6W08.jpg,7:68297,42,17797,44,,lamra_qwen25vl,,0,0,0,0
2809,7:2810,unresolved,unresolved,multimodal_needed,Has shorter sleeves and larger print and has shorter sleeves and is blue and white.,mbeir_images/fashioniq_images/B007T4JJCK.jpg,7:69418,22,464,331,qwen3vl8b_vllm,rzen_embed,qwen3vl2b_vllm,0,0,0,0
2810,7:2811,composition_required,composition_required,multimodal_needed,Is a red shirt with printed words and is red with white text.,mbeir_images/fashioniq_images/B003I86JVK.jpg,7:32034,5,29,3030,gme_qwen2vl_retriever_2,gme_qwen2vl_retriever_2,gemini_embedding_2,4,0,0,0
2811,7:2812,unresolved,unresolved,multimodal_needed,Is a sleeved sports wear and is a long sleeved green tee.,mbeir_images/fashioniq_images/B000JI5NY6.jpg,7:39788,11,13,21666,mmembed,mmembed,gemini_embedding_2,0,0,0,0
2812,7:2813,unresolved,unresolved,multimodal_needed,Is a darker grey and is darker.,mbeir_images/fashioniq_images/B009UWZ8H4.jpg,7:20841,132,11930,188,lamra_qwen25vl,lamra_qwen25vl,lamra_qwen25vl,0,0,0,0
2813,7:2814,unresolved,unresolved,multimodal_needed,Is darker and not a horror movie character and is darker.,mbeir_images/fashioniq_images/B009P8QMWS.jpg,7:38769,3816,8803,7242,lamra,mmembed,lamra,0,0,0,0
2814,7:2815,unresolved,unresolved,multimodal_needed,Has a logo on the pocket and has a simpler graphic.,mbeir_images/fashioniq_images/B006VJXGAU.jpg,7:5597,57,1270,391,qwen3vl8b_vllm,gemini_embedding_2,mmembed,0,0,0,0
2815,7:2816,composition_required,composition_required,multimodal_needed,Has a collar and is more preppy and is collared.,mbeir_images/fashioniq_images/B004B2XMPI.jpg,7:19862,1,3360,19,lamra,lamra,mmembed,4,0,0,0
2817,7:2818,unresolved,unresolved,multimodal_needed,The shirt is green in color with white writing and has more green.,mbeir_images/fashioniq_images/B007IDFV9M.jpg,7:6746,11,20,224,lamra_qwen25vl,lamra_qwen25vl,e5_omni,0,0,0,0
2818,7:2819,unresolved,unresolved,multimodal_needed,Is a different shade and is blue.,mbeir_images/fashioniq_images/B004VFHTL8.jpg,7:70250,475,1262,515,gemini_embedding_2,mmembed,gemini_embedding_2,0,0,0,0
2819,7:2820,unresolved,unresolved,multimodal_needed,Is lighter with different graphics and has a smaller design.,mbeir_images/fashioniq_images/B000HEC75U.jpg,7:1416,95,5842,238,gemini_embedding_2,lamra,gemini_embedding_2,0,0,0,0
2821,7:2822,composition_required,composition_required,multimodal_needed,Has a v shaped neckline and has longer sleeves and slim fit.,mbeir_images/fashioniq_images/B004RL9ZEU.jpg,7:52890,1,592,461,lamra,lamra_qwen25vl,gme_qwen2vl_retriever_2,4,0,0,0
2822,7:2823,unresolved,unresolved,multimodal_needed,Is more lighter and patterned and a green/white plaid with long sleeves.,mbeir_images/fashioniq_images/B0028TS5X0.jpg,7:44064,33,22,1951,rzen_embed,gemini_embedding_2,lamra_qwen25vl,0,0,0,0
2823,7:2824,unresolved,unresolved,multimodal_needed,Is green and is less formal.,mbeir_images/fashioniq_images/B001M0MWSK.jpg,7:62576,505,576,5688,mmembed,mmembed,mmembed,0,0,0,0
2824,7:2825,unresolved,unresolved,multimodal_needed,Is more charcoal and simple and is black and white.,mbeir_images/fashioniq_images/B00C4YRJKO.jpg,7:9566,11,1413,60,lamra_qwen25vl,vlm2vec_v2,qwen3vl8b_vllm,0,0,0,0
2825,7:2826,unresolved,unresolved,multimodal_needed,Blue colored with small print and is more colorful.,mbeir_images/fashioniq_images/B002RADJQS.jpg,7:48575,50,17,364,vlm2vec_v2,e5_omni,qwen3vl2b_vllm,0,0,0,0
2828,7:2829,composition_required,composition_required,multimodal_needed,Is white with blue sleeves and has buttons.,mbeir_images/fashioniq_images/B004UJ14RU.jpg,7:44164,1,47,24,lamra_qwen25vl,qwen3vl8b_vllm,mmembed,8,0,0,0
2829,7:2830,unresolved,unresolved,multimodal_needed,Is darker and has motorcycle graphic and has black background.,mbeir_images/fashioniq_images/B005967P9Y.jpg,7:21973,25,25,9134,qwen3vl2b_vllm,gme_qwen2vl_retriever_2,lamra_qwen25vl,0,0,0,0
2831,7:2832,unresolved,unresolved,multimodal_needed,With a striped tie and has more busy looking graphics.,mbeir_images/fashioniq_images/B001713ND2.jpg,7:46279,337,242,19278,mmembed,lamra,mmembed,0,0,0,0
2833,7:2834,unresolved,unresolved,multimodal_needed,Has longer sleeves with a minimal line pattern and is solid white.,mbeir_images/fashioniq_images/B003INE18S.jpg,7:7692,55,242,1606,lamra_qwen25vl,lamra_qwen25vl,lamra_qwen25vl,0,0,0,0
2835,7:2836,composition_required,composition_required,multimodal_needed,Is a blue no collared shirt with short sleeves and it is darker blue and shorter sleeve.,mbeir_images/fashioniq_images/B007Y2VXGW.jpg,7:64940,2,29,111,mmembed,vlm2vec_v2,vlm2vec_v2,1,0,0,0
2836,7:2837,unresolved,unresolved,multimodal_needed,Is bright white colored with an image and is lighter.,mbeir_images/fashioniq_images/B00CQ3O38Y.jpg,7:15999,71,356,1854,rzen_embed,e5_omni,vlm2vec_v2,0,0,0,0
2837,7:2838,composition_required,composition_required,multimodal_needed,Is solid black with long sleeves and is black with longer sleeves.,mbeir_images/fashioniq_images/B008LWT8L6.jpg,7:17642,4,810,3083,lamra,rzen_embed,qwen3vl2b_vllm,4,0,0,0
2838,7:2839,composition_required,composition_required,multimodal_needed,Is dark blue and plain and has longer sleeves and a crew neck.,mbeir_images/fashioniq_images/B005FSPIQS.jpg,7:37442,1,49,185,gemini_embedding_2,gemini_embedding_2,,2,0,0,0
2846,7:2847,composition_required,composition_required,multimodal_needed,Is more striped and has longer sleeves and is striped in pattern.,mbeir_images/fashioniq_images/B003TMYVMO.jpg,7:53525,7,179,1570,gemini_embedding_2,mmembed,gemini_embedding_2,1,0,0,0
2848,7:2849,unresolved,unresolved,multimodal_needed,Is white and with lighter.,mbeir_images/fashioniq_images/B00AREH9TO.jpg,7:47005,19,12006,18,gemini_embedding_2,voyage_multimodal_35,,0,0,0,0
2849,7:2850,unresolved,unresolved,multimodal_needed,Black and no graphics and is darker with smaller font.,mbeir_images/fashioniq_images/B000QGPYP4.jpg,7:27271,90,44,1252,qwen3vl8b_vllm,gemini_embedding_2,e5_omni,0,0,0,0
2850,7:2851,unresolved,unresolved,multimodal_needed,Is red with a checker pattern and has more red.,mbeir_images/fashioniq_images/B0042RUEJY.jpg,7:63829,27,11,2120,voyage_multimodal_35,vlm2vec_v2,,0,0,0,0
2853,7:2854,unresolved,unresolved,multimodal_needed,Is black colored and is darker.,mbeir_images/fashioniq_images/B00B02JOHM.jpg,7:39171,819,5177,1031,rzen_embed,qwen3vl2b_vllm,gemini_embedding_2,0,0,0,0
2854,7:2855,composition_required,composition_required,multimodal_needed,Is red and black striped and is darker.,mbeir_images/fashioniq_images/B008QU0HJ0.jpg,7:42068,1,12,435,voyage_multimodal_35,lamra_qwen25vl,voyage_multimodal_35,9,0,0,0
2855,7:2856,composition_required,composition_required,multimodal_needed,The shirt is blue in color with long sleeves and is darker and has long sleeves.,mbeir_images/fashioniq_images/B008MATL6Y.jpg,7:51598,10,67,875,lamra,gemini_embedding_2,,1,0,0,0
2856,7:2857,unresolved,unresolved,multimodal_needed,Has bigger letters and has more red.,mbeir_images/fashioniq_images/B00542QOFE.jpg,7:69266,116,130,1097,e5_omni,mmembed,mmembed,0,0,0,0
2857,7:2858,unresolved,unresolved,multimodal_needed,Is more blue and striped and is navy and white striped.,mbeir_images/fashioniq_images/B006YOPUME.jpg,7:16133,15,1767,138,lamra,lamra,lamra,0,0,0,0
2858,7:2859,unresolved,unresolved,multimodal_needed,Ligher colored and is more vibrant a color.,mbeir_images/fashioniq_images/B008P4ZQMU.jpg,7:3297,40,5256,118,qwen3vl8b_vllm,rzen_embed,e5_omni,0,0,0,0
2859,7:2860,composition_required,composition_required,multimodal_needed,Has short sleeved and darker colored and has no stripes and is shorter sleeved.,mbeir_images/fashioniq_images/B001B14H6K.jpg,7:71676,7,760,266,lamra_qwen25vl,gemini_embedding_2,mmembed,1,0,0,0
2860,7:2861,composition_required,composition_required,multimodal_needed,Has a gun and has larger text and and more animated.,mbeir_images/fashioniq_images/B005XS00E0.jpg,7:16789,1,52,30,lamra_qwen25vl,e5_omni,rzen_embed,10,0,0,0
2861,7:2862,unresolved,unresolved,multimodal_needed,Is white and is of lighter color.,mbeir_images/fashioniq_images/B00DEO56HQ.jpg,7:74132,39,1572,106,e5_omni,lamra_qwen25vl,,0,0,0,0
2862,7:2863,composition_required,composition_required,multimodal_needed,Is grey and is gray with red circle.,mbeir_images/fashioniq_images/B003CMJKGI.jpg,7:28967,1,87,11,gemini_embedding_2,lamra,,11,0,0,0
2863,7:2864,unresolved,unresolved,multimodal_needed,Not blue and is fancier.,mbeir_images/fashioniq_images/B008J8MLD4.jpg,7:4696,63,8224,115,rzen_embed,gemini_embedding_2,lamra,0,0,0,0
2865,7:2866,unresolved,unresolved,multimodal_needed,Has a darker color and is short sleeved and is dark blue short sleeved.,mbeir_images/fashioniq_images/B007I6HU02.jpg,7:5728,178,1608,10548,lamra,rzen_embed,vlm2vec_v2,0,0,0,0
2866,7:2867,unresolved,unresolved,multimodal_needed,Is bigger with a bright color and is white with writing at the very top.,mbeir_images/fashioniq_images/B004Q8J39Q.jpg,7:20550,28,64,5082,voyage_multimodal_35,vlm2vec_v2,,0,0,0,0
2870,7:2871,composition_required,composition_required,multimodal_needed,Has shorter sleeves and blue in color and short sleeve darker in color.,mbeir_images/fashioniq_images/B00C2WTGEU.jpg,7:52614,1,87,25,gemini_embedding_2,e5_omni,e5_omni,9,0,0,0
2871,7:2872,unresolved,unresolved,multimodal_needed,Is browner and simpler and has more words on it.,mbeir_images/fashioniq_images/B001G2AEEI.jpg,7:45763,229,29,18164,lamra,gme_qwen2vl_retriever_2,gemini_embedding_2,0,0,0,0
2876,7:2877,unresolved,unresolved,multimodal_needed,Has more words on it and white and green striped.,mbeir_images/fashioniq_images/B005KXL6TQ.jpg,7:61310,54,2073,377,lamra,lamra_qwen25vl,gme_qwen2vl_retriever_2,0,0,0,0
2877,7:2878,unresolved,unresolved,multimodal_needed,Has a logo and is more casual and is ess formal.,mbeir_images/fashioniq_images/B007W4YUFI.jpg,7:34831,366,569,2590,qwen3vl8b_vllm,vlm2vec_v2,gme_qwen2vl_retriever_2,0,0,0,0
2878,7:2879,composition_required,composition_required,multimodal_needed,Is a large white and black plaid and is lighter with larger plaid pattern.,mbeir_images/fashioniq_images/B009XDKZ3M.jpg,7:9401,1,25,70,gme_qwen2vl_retriever_2,mmembed,voyage_multimodal_35,9,0,0,0
2881,7:2882,unresolved,unresolved,multimodal_needed,Is fitted and black and is darker and more casual.,mbeir_images/fashioniq_images/B0051PMW8W.jpg,7:72331,1447,1303,20719,lamra,gme_qwen2vl_retriever_2,rzen_embed,0,0,0,0
2883,7:2884,composition_required,composition_required,multimodal_needed,Is dark colored with contrasting colored art and is more detailed and less colorful.,mbeir_images/fashioniq_images/B00AHEZ29I.jpg,7:8885,4,1469,13,gme_qwen2vl_retriever_2,gme_qwen2vl_retriever_2,gme_qwen2vl_retriever_2,1,0,0,0
2884,7:2885,composition_required,composition_required,multimodal_needed,Has an open front with side pockets and is white with collar.,mbeir_images/fashioniq_images/B004F9QDFS.jpg,7:67842,1,30,5722,qwen3vl8b_vllm,vlm2vec_v2,e5_omni,9,0,0,0
2885,7:2886,unresolved,unresolved,multimodal_needed,Has short sleeves and has shorter sleeves and is black.,mbeir_images/fashioniq_images/B0085IFWRA.jpg,7:22076,2610,4942,5784,rzen_embed,mmembed,gemini_embedding_2,0,0,0,0
2886,7:2887,unresolved,unresolved,multimodal_needed,Is plaid and a grey and white plaid with pockets on front.,mbeir_images/fashioniq_images/B005XXYY2O.jpg,7:58929,231,53,9593,rzen_embed,e5_omni,e5_omni,0,0,0,0
2888,7:2889,composition_required,composition_required,multimodal_needed,Is a v shaped neck and black and has blue rectangular motif.,mbeir_images/fashioniq_images/B005TG0JTW.jpg,7:69042,1,12,419,qwen3vl2b_vllm,gemini_embedding_2,e5_omni,7,0,0,0
2893,7:2894,unresolved,unresolved,multimodal_needed,Is more casual and nont patterned and it is more casual and has a short sleeve.,mbeir_images/fashioniq_images/B00ELPU4J2.jpg,7:31064,15727,3058,31067,mmembed,gme_qwen2vl_retriever_2,mmembed,0,0,0,0
2894,7:2895,composition_required,composition_required,multimodal_needed,Is more graphic and less gamer and is more gothic.,mbeir_images/fashioniq_images/B003RW8XFW.jpg,7:44971,7,34,1899,lamra_qwen25vl,lamra_qwen25vl,lamra_qwen25vl,1,0,0,0
2895,7:2896,unresolved,unresolved,multimodal_needed,Is floral long sleeved and is lighter.,mbeir_images/fashioniq_images/B007907Y6W.jpg,7:28734,52,3700,1354,rzen_embed,rzen_embed,vlm2vec_v2,0,0,0,0
2896,7:2897,unresolved,unresolved,multimodal_needed,Is yellow and more casual with no buttons and is yellow with short sleeves and is more casual.,mbeir_images/fashioniq_images/B0085X1RZQ.jpg,7:41841,13,83,9886,lamra,voyage_multimodal_35,e5_omni,0,0,0,0
2897,7:2898,unresolved,unresolved,multimodal_needed,Has words on it and is black with white lettering.,mbeir_images/fashioniq_images/B002WE9S7I.jpg,7:12938,36,179,564,lamra,lamra,qwen3vl8b_vllm,0,0,0,0
2899,7:2900,unresolved,unresolved,multimodal_needed,Is dark striped shirt and has more colors in it.,mbeir_images/fashioniq_images/B007IGKR52.jpg,7:72864,24,207,208,lamra_qwen25vl,e5_omni,vlm2vec_v2,0,0,0,0
2900,7:2901,composition_required,composition_required,multimodal_needed,Has a cartoon graphic and has a red and white graphic.,mbeir_images/fashioniq_images/B005C91IGE.jpg,7:47016,5,34,214,lamra_qwen25vl,gemini_embedding_2,e5_omni,2,0,0,0
2901,7:2902,unresolved,unresolved,multimodal_needed,Is a long sleeve blue button down shirt and is much lighter in color.,mbeir_images/fashioniq_images/B00EKT8ASG.jpg,7:54068,46,80,22682,gemini_embedding_2,vlm2vec_v2,gemini_embedding_2,0,0,0,0
2902,7:2903,unresolved,unresolved,multimodal_needed,Has a different design and is black and has large painting.,mbeir_images/fashioniq_images/B009XE4MIA.jpg,7:10299,2079,494,2844,rzen_embed,rzen_embed,lamra,0,0,0,0
2903,7:2904,unresolved,unresolved,multimodal_needed,Is white and more graphic and is white with black logo.,mbeir_images/fashioniq_images/B00AKR3VPO.jpg,7:45086,372,170,18502,lamra_qwen25vl,lamra,lamra,0,0,0,0
2904,7:2905,unresolved,unresolved,multimodal_needed,Is blue with long sleeves and is less fitted and has longer sleeves.,mbeir_images/fashioniq_images/B00E3MZ286.jpg,7:59571,328,218,3064,lamra,qwen3vl2b_vllm,e5_omni,0,0,0,0
2905,7:2906,unresolved,unresolved,multimodal_needed,Is red colored without collar and is orange.,mbeir_images/fashioniq_images/B00B7P6FBK.jpg,7:38261,567,938,13736,qwen3vl2b_vllm,lamra,qwen3vl2b_vllm,0,0,0,0
2907,7:2908,composition_required,composition_required,multimodal_needed,Is yellow colored with more stripes and has stripes.,mbeir_images/fashioniq_images/B00BP4RT2C.jpg,7:8066,3,22,83,qwen3vl2b_vllm,e5_omni,gme_qwen2vl_retriever_2,5,0,0,0
2908,7:2909,unresolved,unresolved,multimodal_needed,Is long sleeved and is lighter in color and more words.,mbeir_images/fashioniq_images/B008K1QJ5G.jpg,7:68146,41,82,281,qwen3vl2b_vllm,e5_omni,qwen3vl8b_vllm,0,0,0,0
2910,7:2911,composition_required,composition_required,multimodal_needed,Is lighter with a different logo and is greenish grey colored.,mbeir_images/fashioniq_images/B008K1QJ5G.jpg,7:32769,3,765,41,qwen3vl2b_vllm,lamra_qwen25vl,qwen3vl2b_vllm,6,0,0,0
2911,7:2912,composition_required,composition_required,multimodal_needed,Has a lightning symbol and has white logo.,mbeir_images/fashioniq_images/B00BSY0YQC.jpg,7:44526,3,12,383,lamra,lamra_qwen25vl,qwen3vl8b_vllm,5,0,0,0
2912,7:2913,composition_required,composition_required,multimodal_needed,Is more blue and fun and is more colourfull.,mbeir_images/fashioniq_images/B00517ABLA.jpg,7:19306,1,2793,804,lamra,lamra,lamra_qwen25vl,2,0,0,0
2915,7:2916,unresolved,unresolved,multimodal_needed,Is a darker color and is darker.,mbeir_images/fashioniq_images/B0065ZE500.jpg,7:17722,13,176,128,gme_qwen2vl_retriever_2,e5_omni,gme_qwen2vl_retriever_2,0,0,0,0
2917,7:2918,unresolved,unresolved,multimodal_needed,Is white and is a lighter color and has a looser fit.,mbeir_images/fashioniq_images/B004YWBYNW.jpg,7:2318,21,639,179,rzen_embed,vlm2vec_v2,gemini_embedding_2,0,0,0,0
2918,7:2919,composition_required,composition_required,multimodal_needed,Is black colored and is a darker black color.,mbeir_images/fashioniq_images/B0012GILRK.jpg,7:25162,7,1006,58,gme_qwen2vl_retriever_2,gemini_embedding_2,lamra,1,0,0,0
2919,7:2920,unresolved,unresolved,multimodal_needed,Is red and more bright and is lighter.,mbeir_images/fashioniq_images/B00ABU0V4Y.jpg,7:41173,1146,2002,17115,qwen3vl8b_vllm,lamra,gemini_embedding_2,0,0,0,0
2920,7:2921,composition_required,composition_required,multimodal_needed,Longer Sleeves and different style and it is checked and has a long sleeve.,mbeir_images/fashioniq_images/B00BIFZU4C.jpg,7:72736,8,54,6870,voyage_multimodal_35,voyage_multimodal_35,,1,0,0,0
2921,7:2922,unresolved,unresolved,multimodal_needed,Is more plain and has no graphic on it.,mbeir_images/fashioniq_images/B00A4LJAG0.jpg,7:3696,709,9570,2039,voyage_multimodal_35,lamra_qwen25vl,,0,0,0,0
2923,7:2924,composition_required,composition_required,multimodal_needed,Is white and is primarily white with less prominent logo.,mbeir_images/fashioniq_images/B008RMD8M0.jpg,7:25869,7,478,59,lamra_qwen25vl,qwen3vl2b_vllm,,4,0,0,0
2924,7:2925,unresolved,unresolved,multimodal_needed,Is more of a shirt and is a gray t-shirt.,mbeir_images/fashioniq_images/B000V999DY.jpg,7:22707,343,1186,3275,lamra_qwen25vl,,gme_qwen2vl_retriever_2,0,0,0,0
2927,7:2928,unresolved,unresolved,multimodal_needed,Has green color with an amusing image and is bright green colored with white graphic.,mbeir_images/fashioniq_images/B00FEET2J2.jpg,7:25685,12,44,189,gme_qwen2vl_retriever_2,lamra,gme_qwen2vl_retriever_2,0,0,0,0
2928,7:2929,unresolved,unresolved,multimodal_needed,Is for a female and fitted and is lighter grey.,mbeir_images/fashioniq_images/B009N29AO8.jpg,7:32077,152,394,1657,qwen3vl2b_vllm,lamra,qwen3vl2b_vllm,0,0,0,0
2929,7:2930,composition_required,composition_required,multimodal_needed,Is black with white and yellow stripes and it is black and has stripped print.,mbeir_images/fashioniq_images/B008VTKSMM.jpg,7:21279,2,54,3443,qwen3vl8b_vllm,mmembed,voyage_multimodal_35,4,0,0,0
2930,7:2931,unresolved,unresolved,multimodal_needed,Is checked and collar.,mbeir_images/fashioniq_images/B0058YVMDM.jpg,7:39645,103,394,640,voyage_multimodal_35,mmembed,voyage_multimodal_35,0,0,0,0
2931,7:2932,unresolved,unresolved,multimodal_needed,Is more colorful and is blue with a design on the entire front.,mbeir_images/fashioniq_images/B0081365S4.jpg,7:11703,67,290,514,qwen3vl8b_vllm,e5_omni,gemini_embedding_2,0,0,0,0
2932,7:2933,unresolved,unresolved,multimodal_needed,Is blue and is striped and more colorful.,mbeir_images/fashioniq_images/B0050TB14K.jpg,7:65822,668,6293,1621,lamra_qwen25vl,vlm2vec_v2,,0,0,0,0
2933,7:2934,unresolved,unresolved,multimodal_needed,Is more casual with shorter sleeves and has shorter sleeves.,mbeir_images/fashioniq_images/B0085428H6.jpg,7:44732,20612,4949,23729,gemini_embedding_2,,gme_qwen2vl_retriever_2,0,0,0,0
2934,7:2935,unresolved,unresolved,multimodal_needed,Is sleeveless and white and is lighter.,mbeir_images/fashioniq_images/B004HEX7WI.jpg,7:73636,17,133,13495,qwen3vl2b_vllm,qwen3vl2b_vllm,qwen3vl2b_vllm,0,0,0,0
2935,7:2936,unresolved,unresolved,multimodal_needed,Has a different logo and is baggy and plain.,mbeir_images/fashioniq_images/B0086F6HIK.jpg,7:28394,107,3850,1118,lamra_qwen25vl,e5_omni,lamra,0,0,0,0
2936,7:2937,unresolved,unresolved,multimodal_needed,Is more formal and plain and is more plain.,mbeir_images/fashioniq_images/B007E9SJSU.jpg,7:9985,298,12069,730,lamra_qwen25vl,vlm2vec_v2,vlm2vec_v2,0,0,0,0
2937,7:2938,composition_required,composition_required,multimodal_needed,The shirt is black in color with the Virgin Mary and has a black background.,mbeir_images/fashioniq_images/B003OBAWTG.jpg,7:43702,6,2681,14,gemini_embedding_2,gme_qwen2vl_retriever_2,gemini_embedding_2,1,0,0,0
2938,7:2939,unresolved,unresolved,multimodal_needed,Is more casual and is less tropical.,mbeir_images/fashioniq_images/B005KQX65U.jpg,7:32973,359,1812,2375,lamra,,rzen_embed,0,0,0,0
2940,7:2941,composition_required,composition_required,multimodal_needed,Is black in color with a red strioe and is black red and logos on it.,mbeir_images/fashioniq_images/B001O883VU.jpg,7:18362,1,12,32,lamra,gemini_embedding_2,lamra,4,0,0,0
2942,7:2943,unresolved,unresolved,multimodal_needed,Is darker and more striped and is black and has longer sleeves.,mbeir_images/fashioniq_images/B0098ZHBY6.jpg,7:12672,13,66,13481,qwen3vl2b_vllm,qwen3vl2b_vllm,vlm2vec_v2,0,0,0,0
2943,7:2944,composition_required,composition_required,multimodal_needed,Is a polo and is black with a collar.,mbeir_images/fashioniq_images/B002HEWWVW.jpg,7:53169,1,21,27,qwen3vl2b_vllm,lamra,qwen3vl2b_vllm,11,0,0,0
2947,7:2948,unresolved,unresolved,multimodal_needed,Is more grey and casual and is much lighter in color.,mbeir_images/fashioniq_images/B005HJPL0I.jpg,7:49595,103,911,2025,lamra,mmembed,gme_qwen2vl_retriever_2,0,0,0,0
2948,7:2949,unresolved,unresolved,multimodal_needed,Is a blue tshirt and is more colorful.,mbeir_images/fashioniq_images/B0081GBULS.jpg,7:3964,116,147,9328,vlm2vec_v2,vlm2vec_v2,gemini_embedding_2,0,0,0,0
2949,7:2950,unresolved,unresolved,multimodal_needed,Is more black and edgy and it is black and has a white print.,mbeir_images/fashioniq_images/B005F0JPDI.jpg,7:45500,119,1888,97,gemini_embedding_2,gemini_embedding_2,e5_omni,0,0,0,0
2950,7:2951,composition_required,composition_required,multimodal_needed,Is gray colored with dirty humor and has a grey background.,mbeir_images/fashioniq_images/B00BHKFFAW.jpg,7:8708,2,41,219,qwen3vl2b_vllm,lamra_qwen25vl,,3,0,0,0
2951,7:2952,unresolved,unresolved,multimodal_needed,Is darker and more blue and has sleeves and is darker in colour.,mbeir_images/fashioniq_images/B00AQAZA68.jpg,7:35647,17,7609,618,mmembed,qwen3vl2b_vllm,mmembed,0,0,0,0
2952,7:2953,unresolved,unresolved,multimodal_needed,Is a striped button down and have more vertical striping.,mbeir_images/fashioniq_images/B0095BJB1Y.jpg,7:16424,84,15,383,qwen3vl2b_vllm,lamra,qwen3vl2b_vllm,0,0,0,0
2953,7:2954,composition_required,composition_required,multimodal_needed,Has longer sleeves and white short sleeved shirt with grey letter across the shirt.,mbeir_images/fashioniq_images/B00C9T2MEW.jpg,7:68084,1,51,37,lamra,rzen_embed,gemini_embedding_2,6,0,0,0
2955,7:2956,unresolved,unresolved,multimodal_needed,Is checked and has checkered pattern.,mbeir_images/fashioniq_images/B00C6A28O8.jpg,7:59994,29,224,445,qwen3vl2b_vllm,lamra_qwen25vl,vlm2vec_v2,0,0,0,0
2957,7:2958,unresolved,unresolved,multimodal_needed,Is gray with red and has a larger graphic and is darker in colour.,mbeir_images/fashioniq_images/B00CBDH8EA.jpg,7:51059,1444,1262,9508,qwen3vl8b_vllm,qwen3vl8b_vllm,vlm2vec_v2,0,0,0,0
2959,7:2960,composition_required,composition_required,multimodal_needed,Flag graphic print detail and has a different logo printed on the front.,mbeir_images/fashioniq_images/B00BSJZ7HS.jpg,7:3184,2,98,11,gemini_embedding_2,gemini_embedding_2,e5_omni,9,0,0,0
2960,7:2961,unresolved,unresolved,multimodal_needed,Has longer sleeves and is for humans and is made for humans and has buttons and long sleeves.,mbeir_images/fashioniq_images/B0002I5T5G.jpg,7:64987,147,906,4608,mmembed,mmembed,mmembed,0,0,0,0
2962,7:2963,unresolved,unresolved,multimodal_needed,Different graphic and has a completely different name.,mbeir_images/fashioniq_images/B00DVMMVTW.jpg,7:26498,703,911,1715,qwen3vl8b_vllm,qwen3vl2b_vllm,qwen3vl2b_vllm,0,0,0,0
2964,7:2965,unresolved,unresolved,multimodal_needed,Is white in color and is white and has a graphic.,mbeir_images/fashioniq_images/B00A78V6NU.jpg,7:49483,198,142,8549,lamra_qwen25vl,lamra,qwen3vl8b_vllm,0,0,0,0
2965,7:2966,unresolved,unresolved,multimodal_needed,Has more of an animal graphic on it and is mainly black.,mbeir_images/fashioniq_images/B0032FPQ86.jpg,7:48302,1048,7480,36,e5_omni,voyage_multimodal_35,qwen3vl8b_vllm,0,0,0,0
2966,7:2967,unresolved,unresolved,multimodal_needed,Is blue and not striped and is blue colored and has no buttons.,mbeir_images/fashioniq_images/B009ZOJX3W.jpg,7:65801,31,1065,4883,lamra,lamra,,0,0,0,0
2967,7:2968,unresolved,unresolved,multimodal_needed,White graphic and is darker.,mbeir_images/fashioniq_images/B005518UFQ.jpg,7:63295,587,1099,265,gemini_embedding_2,gemini_embedding_2,gemini_embedding_2,0,0,0,0
2969,7:2970,unresolved,unresolved,multimodal_needed,Is black with blue designs and has longer sleeves.,mbeir_images/fashioniq_images/B0037KMEPO.jpg,7:73903,131,58,23613,lamra,gemini_embedding_2,qwen3vl2b_vllm,0,0,0,0
2970,7:2971,unresolved,unresolved,multimodal_needed,Has yellow on it and is black with a man on it.,mbeir_images/fashioniq_images/B00DQDA9HC.jpg,7:6362,438,1133,1895,lamra,lamra_qwen25vl,qwen3vl2b_vllm,0,0,0,0
2972,7:2973,unresolved,unresolved,multimodal_needed,Has a simpler graphic of a face with one color and is a darker shade of black.,mbeir_images/fashioniq_images/B0052U6EBC.jpg,7:54177,42,50,171,gme_qwen2vl_retriever_2,e5_omni,rzen_embed,0,0,0,0
2975,7:2976,unresolved,unresolved,multimodal_needed,Is lighter colored and has a larger print and shiner and lighter blue with white stripes.,mbeir_images/fashioniq_images/B008YCX5DK.jpg,7:10165,91,1548,205,lamra,vlm2vec_v2,lamra,0,0,0,0
2976,7:2977,unresolved,unresolved,multimodal_needed,Has a green and white logo and has more color.,mbeir_images/fashioniq_images/B005GFHSI6.jpg,7:70497,204,532,4144,e5_omni,e5_omni,lamra,0,0,0,0
2977,7:2978,unresolved,unresolved,multimodal_needed,Its a white tight fitting t shirt and white.,mbeir_images/fashioniq_images/B004VSEBNY.jpg,7:72874,88,28,23091,qwen3vl8b_vllm,voyage_multimodal_35,voyage_multimodal_35,0,0,0,0
2978,7:2979,unresolved,unresolved,multimodal_needed,Is black in color and is darker coloured.,mbeir_images/fashioniq_images/B0081ME1GI.jpg,7:11486,36,1674,244,lamra,lamra,e5_omni,0,0,0,0
2979,7:2980,unresolved,unresolved,multimodal_needed,Has a shorter sleeve with art and is a crew neck with short sleeve and a print.,mbeir_images/fashioniq_images/B008YCX5DK.jpg,7:61930,171,1575,4660,lamra_qwen25vl,vlm2vec_v2,rzen_embed,0,0,0,0
2982,7:2983,unresolved,unresolved,multimodal_needed,Is warmer  and stripped and is more multi colored.,mbeir_images/fashioniq_images/B007ENCGTY.jpg,7:64559,65,624,352,lamra,voyage_multimodal_35,rzen_embed,0,0,0,0
2983,7:2984,composition_required,composition_required,multimodal_needed,Is maroon with sports graphic and is red with different logo.,mbeir_images/fashioniq_images/B006RI34ZC.jpg,7:39085,9,34,6017,lamra_qwen25vl,gme_qwen2vl_retriever_2,,1,0,0,0
2985,7:2986,unresolved,unresolved,multimodal_needed,Is a lighter color and has shorter sleeves and is white with shorter sleeves.,mbeir_images/fashioniq_images/B005CQAIYK.jpg,7:6592,33,1800,791,vlm2vec_v2,vlm2vec_v2,voyage_multimodal_35,0,0,0,0
2987,7:2988,unresolved,unresolved,multimodal_needed,Has a lighter color and a different print and it is more gray.,mbeir_images/fashioniq_images/B0045EY35K.jpg,7:27244,63,713,3341,mmembed,vlm2vec_v2,gemini_embedding_2,0,0,0,0
2988,7:2989,unresolved,unresolved,multimodal_needed,Is more darker with less art and is darker.,mbeir_images/fashioniq_images/B00A0KOAUG.jpg,7:39232,1958,26186,314,vlm2vec_v2,vlm2vec_v2,rzen_embed,0,0,0,0
2989,7:2990,unresolved,unresolved,multimodal_needed,Has an image of a person and shorter sleeves and has graphic on front and no buttons.,mbeir_images/fashioniq_images/B0094IWPZM.jpg,7:45069,1422,1909,17189,lamra,rzen_embed,gme_qwen2vl_retriever_2,0,0,0,0
2990,7:2991,unresolved,unresolved,multimodal_needed,Is grey in color without buttons and collar and has no collar and has a graphic.,mbeir_images/fashioniq_images/B002YE8R28.jpg,7:14267,98,116,10563,qwen3vl8b_vllm,qwen3vl8b_vllm,gme_qwen2vl_retriever_2,0,0,0,0
2991,7:2992,unresolved,unresolved,multimodal_needed,Is black colored and is black with white text.,mbeir_images/fashioniq_images/B00AB9E3FI.jpg,7:71041,222,769,165,gemini_embedding_2,qwen3vl8b_vllm,gemini_embedding_2,0,0,0,0
2992,7:2993,unresolved,unresolved,multimodal_needed,Is darker and more feminine and is darker and has less graphics.,mbeir_images/fashioniq_images/B007YHY634.jpg,7:29924,891,1647,2445,voyage_multimodal_35,lamra,gemini_embedding_2,0,0,0,0
2994,7:2995,composition_required,composition_required,multimodal_needed,Has no sleeves and black color and has no sleeves.,mbeir_images/fashioniq_images/B008BT8HRU.jpg,7:7434,2,600,38,lamra,qwen3vl2b_vllm,vlm2vec_v2,7,0,0,0
2995,7:2996,unresolved,unresolved,multimodal_needed,Is black and is solid color and has flap pockets.,mbeir_images/fashioniq_images/B003YUBTBM.jpg,7:73026,533,264,3021,mmembed,mmembed,qwen3vl8b_vllm,0,0,0,0
2996,7:2997,unresolved,unresolved,multimodal_needed,Is more bold and is brown colored and has no buttons and pocket.,mbeir_images/fashioniq_images/B004W75SW2.jpg,7:31579,291,87,22840,lamra,vlm2vec_v2,gme_qwen2vl_retriever_2,0,0,0,0
2998,7:2999,unresolved,unresolved,multimodal_needed,Is more black and has longer sleeves and is long sleeved.,mbeir_images/fashioniq_images/B00ER9PWY4.jpg,7:7579,81,513,18539,lamra_qwen25vl,mmembed,lamra_qwen25vl,0,0,0,0
2999,7:3000,composition_required,composition_required,multimodal_needed,Black and has a non-fictional character and is black.,mbeir_images/fashioniq_images/B00BPETZV0.jpg,7:50267,1,472,74,qwen3vl8b_vllm,lamra_qwen25vl,,1,0,0,0
3002,7:3003,unresolved,unresolved,multimodal_needed,Is a black short sleeve tshirt and has slightly longer sleeves.,mbeir_images/fashioniq_images/B005LLE270.jpg,7:14934,20,317,36,mmembed,e5_omni,vlm2vec_v2,0,0,0,0
3003,7:3004,composition_required,composition_required,multimodal_needed,White and has black text and is lighter colored with text.,mbeir_images/fashioniq_images/B007JQKWGU.jpg,7:52479,2,57,235,lamra,qwen3vl8b_vllm,gemini_embedding_2,8,0,0,0
3007,7:3008,unresolved,unresolved,multimodal_needed,Is black with green designs and is black with green logos.,mbeir_images/fashioniq_images/B000NZW3JI.jpg,7:23951,16,109,256,vlm2vec_v2,e5_omni,gemini_embedding_2,0,0,0,0
3010,7:3011,unresolved,unresolved,multimodal_needed,The shirt is black with a skeleton and is red.,mbeir_images/fashioniq_images/B00018A8ZI.jpg,7:43471,244,244,1428,mmembed,mmembed,lamra,0,0,0,0
3011,7:3012,unresolved,unresolved,multimodal_needed,Has no sleeves and has no sleeves.,mbeir_images/fashioniq_images/B000WS6I56.jpg,7:16671,15,2290,3399,lamra,mmembed,mmembed,0,0,0,0
3012,7:3013,unresolved,unresolved,multimodal_needed,Is white and has a slightly smaller  graphic and it is white.,mbeir_images/fashioniq_images/B00BQ9SMYU.jpg,7:8351,14,508,127,vlm2vec_v2,rzen_embed,,0,0,0,0
3013,7:3014,composition_required,composition_required,multimodal_needed,Is a brighter color and is bright blue.,mbeir_images/fashioniq_images/B004VPW5Y4.jpg,7:37248,1,238,54,qwen3vl8b_vllm,gme_qwen2vl_retriever_2,gemini_embedding_2,9,0,0,0
3015,7:3016,composition_required,composition_required,multimodal_needed,Is a black T shirt with green and white logo and has more green.,mbeir_images/fashioniq_images/B002AH1PSC.jpg,7:28220,1,35,11,lamra_qwen25vl,qwen3vl2b_vllm,mmembed,10,0,0,0
3016,7:3017,composition_required,composition_required,multimodal_needed,Has collar and mini prints and is more busy and has a collar.,mbeir_images/fashioniq_images/B00BWZI9M8.jpg,7:21248,1,16,445,qwen3vl8b_vllm,mmembed,gme_qwen2vl_retriever_2,6,0,0,0
3020,7:3021,unresolved,unresolved,multimodal_needed,Is dark colored and plain and a solid black buttoned shirt.,mbeir_images/fashioniq_images/B008BSWH22.jpg,7:41812,55,125,505,gme_qwen2vl_retriever_2,gme_qwen2vl_retriever_2,lamra,0,0,0,0
3021,7:3022,unresolved,unresolved,multimodal_needed,Is black with white designs and is more emo.,mbeir_images/fashioniq_images/B005MKSBAE.jpg,7:19577,156,55,14621,qwen3vl8b_vllm,qwen3vl8b_vllm,,0,0,0,0
3022,7:3023,unresolved,unresolved,multimodal_needed,Is a long sleeved shirt and is long-sleeved with buttons and more color.,mbeir_images/fashioniq_images/B005VF6TK4.jpg,7:12339,89,1193,5895,rzen_embed,rzen_embed,e5_omni,0,0,0,0
3023,7:3024,unresolved,unresolved,multimodal_needed,Is lighter colored and is more masculine and is white with large design on the back.,mbeir_images/fashioniq_images/B009XPC5GA.jpg,7:8785,23,22,5939,e5_omni,gme_qwen2vl_retriever_2,qwen3vl2b_vllm,0,0,0,0
3024,7:3025,unresolved,unresolved,multimodal_needed,Is a black color with a logo slightly above the center and is black colored.,mbeir_images/fashioniq_images/B008BZANP8.jpg,7:60624,170,2695,613,gme_qwen2vl_retriever_2,gme_qwen2vl_retriever_2,e5_omni,0,0,0,0
3025,7:3026,unresolved,unresolved,multimodal_needed,Is white and is white with buttons and longer sleeves.,mbeir_images/fashioniq_images/B003UPUYIA.jpg,7:32166,61,225,164,lamra_qwen25vl,qwen3vl2b_vllm,lamra_qwen25vl,0,0,0,0
3026,7:3027,composition_required,composition_required,multimodal_needed,Is light colored and has horizontal stripes and is grey and pink stripes.,mbeir_images/fashioniq_images/B003TWOPKW.jpg,7:21538,1,18,3325,gme_qwen2vl_retriever_2,mmembed,gme_qwen2vl_retriever_2,10,0,0,0
3027,7:3028,unresolved,unresolved,multimodal_needed,Is more formal with longer sleeves and is a white shirt with pocket.,mbeir_images/fashioniq_images/B004PEMI7U.jpg,7:30079,142,58,4116,voyage_multimodal_35,voyage_multimodal_35,gme_qwen2vl_retriever_2,0,0,0,0
3029,7:3030,composition_required,composition_required,multimodal_needed,Red and is a novelty shirt and is red.,mbeir_images/fashioniq_images/B000CS0UGY.jpg,7:56296,6,85,3395,lamra_qwen25vl,qwen3vl2b_vllm,gemini_embedding_2,1,0,0,0
3031,7:3032,composition_required,composition_required,multimodal_needed,Is a darker blue and larger and is darker blue.,mbeir_images/fashioniq_images/B008KGWOHS.jpg,7:38281,3,1848,12,gemini_embedding_2,voyage_multimodal_35,vlm2vec_v2,3,0,0,0
3035,7:3036,composition_required,composition_required,multimodal_needed,Is red with subtle white pattern and is red.,mbeir_images/fashioniq_images/B00DS3DXJQ.jpg,7:44659,1,53,174,mmembed,qwen3vl2b_vllm,e5_omni,7,0,0,0
3036,7:3037,unresolved,unresolved,multimodal_needed,Is plain and more formal and the item has long sleeves and is grey.,mbeir_images/fashioniq_images/B003IWBTOS.jpg,7:16294,22,55,40803,lamra_qwen25vl,gme_qwen2vl_retriever_2,lamra_qwen25vl,0,0,0,0
3038,7:3039,unresolved,unresolved,multimodal_needed,Is darker in color and is more of a dark gray color.,mbeir_images/fashioniq_images/B0032HJXKG.jpg,7:50782,585,325,718,mmembed,mmembed,rzen_embed,0,0,0,0
3039,7:3040,unresolved,unresolved,multimodal_needed,Is a darker color and has no collar and is darker.,mbeir_images/fashioniq_images/B005GN4ATS.jpg,7:31371,300,1063,2574,gemini_embedding_2,e5_omni,mmembed,0,0,0,0
3040,7:3041,unresolved,unresolved,multimodal_needed,Is larger and is orange and wider.,mbeir_images/fashioniq_images/B009DLYLS4.jpg,7:43029,32,14,1102,lamra_qwen25vl,lamra_qwen25vl,lamra_qwen25vl,0,0,0,0
3041,7:3042,composition_required,composition_required,multimodal_needed,Is light shade of red without print and is more purple.,mbeir_images/fashioniq_images/B007X22KSI.jpg,7:18902,3,1405,2996,lamra_qwen25vl,qwen3vl8b_vllm,e5_omni,5,0,0,0
3044,7:3045,unresolved,unresolved,multimodal_needed,Bright red with a larger and is darker.,mbeir_images/fashioniq_images/B003NUSB6O.jpg,7:27562,22126,15217,28730,mmembed,qwen3vl2b_vllm,qwen3vl2b_vllm,0,0,0,0
3045,7:3046,composition_required,composition_required,multimodal_needed,The shirt is green in color with short sleeves and is shorter sleeved.,mbeir_images/fashioniq_images/B00EASVUOI.jpg,7:71019,1,51,15,e5_omni,vlm2vec_v2,,11,0,0,0
3046,7:3047,composition_required,composition_required,multimodal_needed,Is grey and oval neck and gray with larger graphic on front.,mbeir_images/fashioniq_images/B006GJTLSG.jpg,7:55079,1,165,17,gme_qwen2vl_retriever_2,qwen3vl2b_vllm,qwen3vl8b_vllm,9,0,0,0
3048,7:3049,unresolved,unresolved,multimodal_needed,Has a different graphic and is darker.,mbeir_images/fashioniq_images/B002HNSH80.jpg,7:49864,56,319,111,voyage_multimodal_35,e5_omni,voyage_multimodal_35,0,0,0,0
3050,7:3051,unresolved,unresolved,multimodal_needed,Is less patriotic and is blue with white stripes.,mbeir_images/fashioniq_images/B003QC9E24.jpg,7:68529,60,1732,460,gemini_embedding_2,gme_qwen2vl_retriever_2,gemini_embedding_2,0,0,0,0
3051,7:3052,composition_required,composition_required,multimodal_needed,Black and shorter and is darker colored black.,mbeir_images/fashioniq_images/B0085O4Q7Q.jpg,7:64277,3,1551,32,gme_qwen2vl_retriever_2,vlm2vec_v2,,2,0,0,0
3052,7:3053,unresolved,unresolved,multimodal_needed,A darker color with a design on front and is darker in color.,mbeir_images/fashioniq_images/B006IZI2H4.jpg,7:39562,586,2922,723,qwen3vl2b_vllm,lamra_qwen25vl,qwen3vl2b_vllm,0,0,0,0
3055,7:3056,unresolved,unresolved,multimodal_needed,Is black with graphics and is darker with a white graphic.,mbeir_images/fashioniq_images/B007CBS7OG.jpg,7:15983,225,565,5139,lamra,gemini_embedding_2,qwen3vl2b_vllm,0,0,0,0
3056,7:3057,unresolved,unresolved,multimodal_needed,Is dark colored and is darker.,mbeir_images/fashioniq_images/B009G0S8CM.jpg,7:19350,581,1378,1649,vlm2vec_v2,vlm2vec_v2,gemini_embedding_2,0,0,0,0
3058,7:3059,unresolved,unresolved,multimodal_needed,Is black and has a different logo and is darker.,mbeir_images/fashioniq_images/B002Y7ABEC.jpg,7:59744,22,4170,86,gme_qwen2vl_retriever_2,qwen3vl8b_vllm,mmembed,0,0,0,0
3060,7:3061,unresolved,unresolved,multimodal_needed,Has a scarier picture on it and is darker.,mbeir_images/fashioniq_images/B00A4LJAG0.jpg,7:61459,47,41,1389,mmembed,lamra_qwen25vl,lamra_qwen25vl,0,0,0,0
3061,7:3062,unresolved,unresolved,multimodal_needed,Is more wordy and is darker and has text.,mbeir_images/fashioniq_images/B0071BYF0M.jpg,7:56191,1004,431,13527,lamra,lamra,qwen3vl8b_vllm,0,0,0,0
3063,7:3064,unresolved,unresolved,multimodal_needed,Is a shirt and is a shirt.,mbeir_images/fashioniq_images/B007XX6790.jpg,7:39517,10218,2034,2075,lamra_qwen25vl,lamra_qwen25vl,qwen3vl8b_vllm,0,0,0,0
3064,7:3065,composition_required,composition_required,multimodal_needed,Is white and less colorful and is lighter.,mbeir_images/fashioniq_images/B005VM84X2.jpg,7:51632,1,4536,19,lamra_qwen25vl,vlm2vec_v2,gemini_embedding_2,11,0,0,0
3065,7:3066,unresolved,unresolved,multimodal_needed,Is a light pink short sleeved shirt and is much darker in color.,mbeir_images/fashioniq_images/B009QR9DT2.jpg,7:4259,139,34003,36,gemini_embedding_2,gemini_embedding_2,gemini_embedding_2,0,0,0,0
3066,7:3067,composition_required,composition_required,multimodal_needed,Has a short black sleeve with yellow art and it is black with yellow print.,mbeir_images/fashioniq_images/B00DQDA9HC.jpg,7:22432,9,31,4687,qwen3vl8b_vllm,qwen3vl8b_vllm,e5_omni,1,0,0,0
3067,7:3068,unresolved,unresolved,multimodal_needed,Has a red and blue pattern and is checkered.,mbeir_images/fashioniq_images/B008RJTPT8.jpg,7:72817,32,174,900,gemini_embedding_2,e5_omni,,0,0,0,0
3069,7:3070,unresolved,unresolved,multimodal_needed,Is a short sleeved checked shirt and has short sleeve and is stripe shirt.,mbeir_images/fashioniq_images/B004L627X2.jpg,7:23870,12,48,2778,qwen3vl2b_vllm,mmembed,e5_omni,0,0,0,0
3070,7:3071,composition_required,composition_required,multimodal_needed,Is white in color with red logo and is lighter colored.,mbeir_images/fashioniq_images/B008EJ0MMU.jpg,7:44733,1,21,34,lamra_qwen25vl,gme_qwen2vl_retriever_2,qwen3vl8b_vllm,4,0,0,0
3072,7:3073,composition_required,composition_required,multimodal_needed,Is black with red designs and is black with red motif.,mbeir_images/fashioniq_images/B0087J58OE.jpg,7:24314,1,149,95,gme_qwen2vl_retriever_2,mmembed,gme_qwen2vl_retriever_2,3,0,0,0
3073,7:3074,unresolved,unresolved,multimodal_needed,Is solid in color and has short sleeves and is grey and has short sleeves.,mbeir_images/fashioniq_images/B00BU12D0I.jpg,7:28362,97,2904,2043,gemini_embedding_2,voyage_multimodal_35,mmembed,0,0,0,0
3075,7:3076,unresolved,unresolved,multimodal_needed,Is white with shorter sleeves and buttons and is lighter and has shorter sleeves.,mbeir_images/fashioniq_images/B00AELH2JM.jpg,7:3264,420,508,10762,gemini_embedding_2,mmembed,,0,0,0,0
3076,7:3077,unresolved,unresolved,multimodal_needed,Is blue colored and a logo and has short sleeves.,mbeir_images/fashioniq_images/B000LUIBH8.jpg,7:65836,411,82,15257,lamra,gemini_embedding_2,qwen3vl8b_vllm,0,0,0,0
3077,7:3078,unresolved,unresolved,multimodal_needed,Is more colorful and blue and is lighter.,mbeir_images/fashioniq_images/B00DVX894M.jpg,7:55660,688,14784,5495,lamra_qwen25vl,gme_qwen2vl_retriever_2,lamra,0,0,0,0
3078,7:3079,unresolved,unresolved,multimodal_needed,Is a lighter color with no image just a slogan and is lighter.,mbeir_images/fashioniq_images/B004GBM6N8.jpg,7:40249,32,170,5232,mmembed,mmembed,qwen3vl8b_vllm,0,0,0,0
3079,7:3080,unresolved,unresolved,multimodal_needed,Has larger sleeves and is salmon colored.,mbeir_images/fashioniq_images/B0048KZ3FU.jpg,7:61063,1377,2067,16927,lamra_qwen25vl,rzen_embed,,0,0,0,0
3082,7:3083,unresolved,unresolved,multimodal_needed,Is darker and has an image of a person.,mbeir_images/fashioniq_images/B0064R5VW0.jpg,7:42829,393,209,2392,qwen3vl8b_vllm,rzen_embed,lamra,0,0,0,0
3084,7:3085,unresolved,unresolved,multimodal_needed,Is less animal-like and more wordy and has a white chest logo.,mbeir_images/fashioniq_images/B0095VZ8JI.jpg,7:45616,299,4047,232,,mmembed,qwen3vl2b_vllm,0,0,0,0
3085,7:3086,unresolved,unresolved,multimodal_needed,Is white colored and is t shirt and white.,mbeir_images/fashioniq_images/B000EJM6X6.jpg,7:72960,1189,679,25106,qwen3vl2b_vllm,gme_qwen2vl_retriever_2,voyage_multimodal_35,0,0,0,0
3086,7:3087,unresolved,unresolved,multimodal_needed,Is darker in color and is more colorful.,mbeir_images/fashioniq_images/B001FO5LAY.jpg,7:34739,8901,4363,33450,lamra_qwen25vl,vlm2vec_v2,mmembed,0,0,0,0
3087,7:3088,unresolved,unresolved,multimodal_needed,Has a different graphic and has more red.,mbeir_images/fashioniq_images/B001U9DJ0I.jpg,7:43026,208,417,161,mmembed,e5_omni,qwen3vl8b_vllm,0,0,0,0
3090,7:3091,unresolved,unresolved,multimodal_needed,Is a plaid button down shirt with a collar and is more flannel and pocketed.,mbeir_images/fashioniq_images/B00AZWLNV8.jpg,7:7680,24,894,821,gme_qwen2vl_retriever_2,voyage_multimodal_35,lamra,0,0,0,0
3091,7:3092,unresolved,unresolved,multimodal_needed,Has a smaller graphic and is lighter in color and has more subtle looking graphics.,mbeir_images/fashioniq_images/B001TB6OR2.jpg,7:44906,2678,14453,4916,gemini_embedding_2,lamra_qwen25vl,qwen3vl8b_vllm,0,0,0,0
3092,7:3093,unresolved,unresolved,multimodal_needed,Is less patterned and not long-sleeved and has shorter sleeves.,mbeir_images/fashioniq_images/B0078KLOH8.jpg,7:49308,85,2274,2029,qwen3vl2b_vllm,gemini_embedding_2,e5_omni,0,0,0,0
3094,7:3095,unresolved,unresolved,multimodal_needed,Is a green tee-shirt and a dark green shirt with black/white print.,mbeir_images/fashioniq_images/B002BOUBHK.jpg,7:49051,247,206,43246,mmembed,rzen_embed,voyage_multimodal_35,0,0,0,0
3096,7:3097,composition_required,composition_required,multimodal_needed,Is a sportswear and a black shirt.,mbeir_images/fashioniq_images/B000783TCQ.jpg,7:42596,5,85,514,lamra_qwen25vl,e5_omni,voyage_multimodal_35,2,0,0,0
3097,7:3098,composition_required,composition_required,multimodal_needed,Is more dark with visual patterns and is darker and floral printed.,mbeir_images/fashioniq_images/B00CC2O4PQ.jpg,7:22898,2,41,117,voyage_multimodal_35,vlm2vec_v2,vlm2vec_v2,3,0,0,0
3098,7:3099,unresolved,unresolved,multimodal_needed,Is more casual and green and is more faded.,mbeir_images/fashioniq_images/B00BSXLX9U.jpg,7:7052,27,168,2099,lamra,gemini_embedding_2,gemini_embedding_2,0,0,0,0
3099,7:3100,unresolved,unresolved,multimodal_needed,Has more simple graphics and has a smaller graphic on front.,mbeir_images/fashioniq_images/B008CP95LA.jpg,7:42362,29,798,42,lamra_qwen25vl,mmembed,lamra_qwen25vl,0,0,0,0
3104,7:3105,composition_required,composition_required,multimodal_needed,Is plaid and less bright green and darker.,mbeir_images/fashioniq_images/B000PW38Y8.jpg,7:55737,8,15,497,lamra,voyage_multimodal_35,lamra,1,0,0,0
3105,7:3106,composition_required,composition_required,multimodal_needed,Is lighter colored with a print and has a more white and gray stripped pattern.,mbeir_images/fashioniq_images/B00AREPLXK.jpg,7:5142,1,423,20,qwen3vl2b_vllm,qwen3vl2b_vllm,,8,0,0,0
3106,7:3107,composition_required,composition_required,multimodal_needed,Doesn't have a collar and fewer words.,mbeir_images/fashioniq_images/B000LQVB9W.jpg,7:28114,3,1634,72,gme_qwen2vl_retriever_2,mmembed,gme_qwen2vl_retriever_2,6,0,0,0
3107,7:3108,unresolved,unresolved,multimodal_needed,Is light colored plaid shirt with collar and short sleeves and has a collar.,mbeir_images/fashioniq_images/B0085428H6.jpg,7:10833,25,97,2844,lamra,e5_omni,,0,0,0,0
3109,7:3110,unresolved,unresolved,multimodal_needed,Is a shirt and is white with a small logo.,mbeir_images/fashioniq_images/B0042AOT8S.jpg,7:37258,295,92,27668,qwen3vl2b_vllm,gemini_embedding_2,e5_omni,0,0,0,0
3111,7:3112,unresolved,unresolved,multimodal_needed,Is black and slim and is black and has a different graphic.,mbeir_images/fashioniq_images/B004M488W2.jpg,7:15135,13,5269,68,qwen3vl2b_vllm,gme_qwen2vl_retriever_2,voyage_multimodal_35,0,0,0,0
3113,7:3114,composition_required,composition_required,multimodal_needed,Is multicolored and is lighter with dark horizontal stripes.,mbeir_images/fashioniq_images/B000UZCE2M.jpg,7:62604,2,92,11358,lamra,lamra,e5_omni,2,0,0,0
3114,7:3115,unresolved,unresolved,multimodal_needed,Has shorter sleeves and sleeveless.,mbeir_images/fashioniq_images/B0046JZMOK.jpg,7:30330,718,1915,3599,lamra,mmembed,mmembed,0,0,0,0
3115,7:3116,unresolved,unresolved,multimodal_needed,Is darker and is more formal.,mbeir_images/fashioniq_images/B007X6BEF4.jpg,7:62996,13444,10037,29584,lamra,,gemini_embedding_2,0,0,0,0
3116,7:3117,composition_required,composition_required,multimodal_needed,Is green and long sleeves and is grey only.,mbeir_images/fashioniq_images/B005JQ2IFK.jpg,7:3317,1,103,19,lamra_qwen25vl,rzen_embed,lamra_qwen25vl,3,0,0,0
3117,7:3118,composition_required,composition_required,multimodal_needed,Is pale yellow and is red  in color and buttoned.,mbeir_images/fashioniq_images/B00383INJQ.jpg,7:38647,7,134,5640,voyage_multimodal_35,rzen_embed,mmembed,1,0,0,0
3118,7:3119,composition_required,composition_required,multimodal_needed,Has long sleeves and is patterend and has longer sleeves and is button up plaid.,mbeir_images/fashioniq_images/B00BGLZK2K.jpg,7:13279,2,86,20627,lamra_qwen25vl,qwen3vl2b_vllm,mmembed,1,0,0,0
3119,7:3120,unresolved,unresolved,multimodal_needed,Is a long sleeve black tee and has longer sleeves.,mbeir_images/fashioniq_images/B004YO8QCC.jpg,7:33374,64,199,1857,gme_qwen2vl_retriever_2,mmembed,voyage_multimodal_35,0,0,0,0
3120,7:3121,composition_required,composition_required,multimodal_needed,Is purple and is purple and less formal.,mbeir_images/fashioniq_images/B000JIPI5U.jpg,7:26074,1,64,78,e5_omni,lamra_qwen25vl,vlm2vec_v2,11,0,0,0
3121,7:3122,composition_required,composition_required,multimodal_needed,Is less formal with less buttons and is gray with no collar.,mbeir_images/fashioniq_images/B00CGSITX4.jpg,7:59760,4,1137,21,gme_qwen2vl_retriever_2,e5_omni,gme_qwen2vl_retriever_2,4,0,0,0
3123,7:3124,unresolved,unresolved,multimodal_needed,Button-down in checkered print and is green.,mbeir_images/fashioniq_images/B00GOGK2SO.jpg,7:70538,424,1004,2952,lamra_qwen25vl,gemini_embedding_2,qwen3vl2b_vllm,0,0,0,0
3124,7:3125,unresolved,unresolved,multimodal_needed,Has vertical green stripes and is sold blue.,mbeir_images/fashioniq_images/B007T4JJ5W.jpg,7:39659,58,592,340,voyage_multimodal_35,vlm2vec_v2,qwen3vl2b_vllm,0,0,0,0
3128,7:3129,unresolved,unresolved,multimodal_needed,Is pink with white cuffs and neck collar and is more pink.,mbeir_images/fashioniq_images/B00DEKLOYO.jpg,7:39791,12,13,551,gemini_embedding_2,gemini_embedding_2,,0,0,0,0
3129,7:3130,unresolved,unresolved,multimodal_needed,Is lighter with smaller pinstripes and is white colored and plain pattern.,mbeir_images/fashioniq_images/B009M9PACI.jpg,7:5353,108,62,271,voyage_multimodal_35,voyage_multimodal_35,voyage_multimodal_35,0,0,0,0
3132,7:3133,unresolved,unresolved,multimodal_needed,Is white with a different pic and is white with a different image.,mbeir_images/fashioniq_images/B00C865HBQ.jpg,7:16520,124,3507,558,gme_qwen2vl_retriever_2,e5_omni,,0,0,0,0
3133,7:3134,unresolved,unresolved,multimodal_needed,Is a white button down shirt and is more formal.,mbeir_images/fashioniq_images/B00644P0N8.jpg,7:24938,165,439,13748,lamra,qwen3vl2b_vllm,voyage_multimodal_35,0,0,0,0
3134,7:3135,unresolved,unresolved,multimodal_needed,Has floral pattern and floral design.,mbeir_images/fashioniq_images/B00018A8ZI.jpg,7:57303,219,41,30971,gme_qwen2vl_retriever_2,gme_qwen2vl_retriever_2,,0,0,0,0
3136,7:3137,unresolved,unresolved,multimodal_needed,Is a blue t-shirt and has writing on it and is blue with colorful lettering.,mbeir_images/fashioniq_images/B00GUQOCLQ.jpg,7:33479,224,12,13839,gme_qwen2vl_retriever_2,qwen3vl2b_vllm,mmembed,0,0,0,0
3137,7:3138,composition_required,composition_required,multimodal_needed,Is blue with a more colourful picture and is blue and more graphic.,mbeir_images/fashioniq_images/B00B9DYVZC.jpg,7:6590,3,183,208,gme_qwen2vl_retriever_2,e5_omni,gemini_embedding_2,5,0,0,0
3138,7:3139,unresolved,unresolved,multimodal_needed,Is similar and is lighter.,mbeir_images/fashioniq_images/B009OMU5V4.jpg,7:332,13,18061,18,mmembed,lamra,mmembed,0,0,0,0
3142,7:3143,unresolved,unresolved,multimodal_needed,More colorful print and black and turquoise stripes.,mbeir_images/fashioniq_images/B002RL87FK.jpg,7:27192,16523,4606,54016,vlm2vec_v2,vlm2vec_v2,mmembed,0,0,0,0
3144,7:3145,unresolved,unresolved,multimodal_needed,Is more simple and has no red in it.,mbeir_images/fashioniq_images/B00CIYDP94.jpg,7:54199,1110,2577,2315,mmembed,mmembed,mmembed,0,0,0,0
3145,7:3146,unresolved,unresolved,multimodal_needed,Has a large movie quote graphic and profanity and is lighter.,mbeir_images/fashioniq_images/B00GOGK2SO.jpg,7:66276,19,595,34,gme_qwen2vl_retriever_2,rzen_embed,qwen3vl2b_vllm,0,0,0,0
3146,7:3147,composition_required,composition_required,multimodal_needed,Has a huge graphic and is darker colored and it is blue with a colorful print.,mbeir_images/fashioniq_images/B004LYG40Q.jpg,7:6411,2,633,35,mmembed,lamra,qwen3vl2b_vllm,7,0,0,0
3147,7:3148,unresolved,unresolved,multimodal_needed,Is a lighter color and has a round neck and is lighter.,mbeir_images/fashioniq_images/B0067PC8OS.jpg,7:47052,23,6856,67,qwen3vl2b_vllm,lamra,e5_omni,0,0,0,0
3148,7:3149,unresolved,unresolved,multimodal_needed,Is a black vest and has no sleeves.,mbeir_images/fashioniq_images/B00BCX4MWG.jpg,7:3691,19,1144,382,lamra_qwen25vl,lamra,voyage_multimodal_35,0,0,0,0
3149,7:3150,unresolved,unresolved,multimodal_needed,Is darker and is red.,mbeir_images/fashioniq_images/B00DAMLQKS.jpg,7:35036,50,533,4772,gme_qwen2vl_retriever_2,lamra,vlm2vec_v2,0,0,0,0
3151,7:3152,unresolved,unresolved,multimodal_needed,Has smaller picture and letters. Is darker and is black with red lettering.,mbeir_images/fashioniq_images/B002CJLUOW.jpg,7:31374,12,4102,13,gme_qwen2vl_retriever_2,lamra_qwen25vl,gme_qwen2vl_retriever_2,0,0,0,0
3155,7:3156,unresolved,unresolved,multimodal_needed,Has a photo on it not a character and is darker colored and has a larger graphic.,mbeir_images/fashioniq_images/B00DI5GTNG.jpg,7:13387,511,87,13487,qwen3vl8b_vllm,lamra,vlm2vec_v2,0,0,0,0
3156,7:3157,unresolved,unresolved,multimodal_needed,Is more minimal and visually stylistic and but does have a large print.,mbeir_images/fashioniq_images/B006MHJB1O.jpg,7:11160,81,84,371,gemini_embedding_2,qwen3vl2b_vllm,,0,0,0,0
3157,7:3158,unresolved,unresolved,multimodal_needed,Is a red and blue flannel shirt and lighter plaid with reds and blues.,mbeir_images/fashioniq_images/B003O0NXZ2.jpg,7:33877,167,35,361,lamra_qwen25vl,gme_qwen2vl_retriever_2,qwen3vl8b_vllm,0,0,0,0
3158,7:3159,unresolved,unresolved,multimodal_needed,Has a bright color and is lighter.,mbeir_images/fashioniq_images/B004UHPEU0.jpg,7:9694,624,12773,216,gemini_embedding_2,gme_qwen2vl_retriever_2,gemini_embedding_2,0,0,0,0
3159,7:3160,unresolved,unresolved,multimodal_needed,Has shorter sleeves and is more casual and is a t shirt.,mbeir_images/fashioniq_images/B008H1MLOW.jpg,7:14657,56,1618,5850,lamra,qwen3vl8b_vllm,mmembed,0,0,0,0
3160,7:3161,unresolved,unresolved,multimodal_needed,Has an image of a person and has a different graphic.,mbeir_images/fashioniq_images/B00F6S5GUK.jpg,7:68136,30,1628,36,rzen_embed,gemini_embedding_2,voyage_multimodal_35,0,0,0,0
3161,7:3162,unresolved,unresolved,multimodal_needed,Is black with words and a black shirt with white letters on front.,mbeir_images/fashioniq_images/B00CMAHVE4.jpg,7:69781,928,1283,3100,qwen3vl8b_vllm,voyage_multimodal_35,qwen3vl8b_vllm,0,0,0,0
3164,7:3165,unresolved,unresolved,multimodal_needed,Is a blue plaid button up shirt with long sleeves and has longer sleeves and is plaid.,mbeir_images/fashioniq_images/B00C4RULCE.jpg,7:17233,37,145,12512,mmembed,mmembed,qwen3vl2b_vllm,0,0,0,0
3165,7:3166,unresolved,unresolved,multimodal_needed,Is darker and has print on it and is a black t-shirt with a logo.,mbeir_images/fashioniq_images/B007VHEYAM.jpg,7:33822,1725,2944,16375,gemini_embedding_2,e5_omni,gemini_embedding_2,0,0,0,0
3166,7:3167,unresolved,unresolved,multimodal_needed,Is black with white words and is darker and has text on the front.,mbeir_images/fashioniq_images/B0058P5XHM.jpg,7:1450,179,44,2297,lamra_qwen25vl,mmembed,lamra,0,0,0,0
3167,7:3168,composition_required,composition_required,multimodal_needed,The shirt is tan and long sleeve and has buttons.,mbeir_images/fashioniq_images/B00383INJQ.jpg,7:5151,10,17,8698,qwen3vl8b_vllm,e5_omni,gme_qwen2vl_retriever_2,1,0,0,0
3168,7:3169,unresolved,unresolved,multimodal_needed,Is more cartoonish and darker-colored and is dark blue.,mbeir_images/fashioniq_images/B00BPIA3QW.jpg,7:14683,104,20,16288,qwen3vl8b_vllm,mmembed,qwen3vl8b_vllm,0,0,0,0
3169,7:3170,unresolved,unresolved,multimodal_needed,Is red in color and plain pattern and is red and less busy.,mbeir_images/fashioniq_images/B003TYLO3G.jpg,7:8301,134,202,2141,e5_omni,lamra_qwen25vl,,0,0,0,0
3170,7:3171,composition_required,composition_required,multimodal_needed,Darker colored and blue graphic print and it is black with blue print.,mbeir_images/fashioniq_images/B0002H6ZUU.jpg,7:64598,5,11,2364,qwen3vl2b_vllm,gemini_embedding_2,vlm2vec_v2,1,0,0,0
3171,7:3172,composition_required,composition_required,multimodal_needed,A solid color short sleeve top with a collar and a few buttons in red and is brighter blue and doesn't have stripes.,mbeir_images/fashioniq_images/B0044NVJEU.jpg,7:68840,1,69,183,vlm2vec_v2,mmembed,vlm2vec_v2,1,0,0,0
3172,7:3173,unresolved,unresolved,multimodal_needed,Is dark with red images in the middle and with no sleeves.,mbeir_images/fashioniq_images/B001S2PP5E.jpg,7:29326,16,20,958,rzen_embed,qwen3vl2b_vllm,voyage_multimodal_35,0,0,0,0
3176,7:3177,composition_required,composition_required,multimodal_needed,Is a black collared shirt and is black with wide sleeves.,mbeir_images/fashioniq_images/B000X74R7C.jpg,7:10582,5,159,10459,lamra,gme_qwen2vl_retriever_2,vlm2vec_v2,1,0,0,0
3179,7:3180,unresolved,unresolved,multimodal_needed,Has longer sleeves with more buttons and has longer sleeves and is completely button up.,mbeir_images/fashioniq_images/B00FZRK0YE.jpg,7:13713,1354,398,7932,lamra_qwen25vl,e5_omni,,0,0,0,0
3180,7:3181,composition_required,composition_required,multimodal_needed,Is tan and is beige color.,mbeir_images/fashioniq_images/B007DJ2UK4.jpg,7:61347,1,141,296,gemini_embedding_2,voyage_multimodal_35,,8,0,0,0
3181,7:3182,composition_required,composition_required,multimodal_needed,Has shorter sleeves and is short sleeved.,mbeir_images/fashioniq_images/B0041EIXIM.jpg,7:66868,5,13230,42,e5_omni,voyage_multimodal_35,e5_omni,1,0,0,0
3182,7:3183,composition_required,composition_required,multimodal_needed,Is black with red and yellow design and is darker and more masculine.,mbeir_images/fashioniq_images/B00DT5P9N6.jpg,7:11076,2,772,38,lamra_qwen25vl,qwen3vl8b_vllm,qwen3vl8b_vllm,4,0,0,0
3184,7:3185,unresolved,unresolved,multimodal_needed,Has longer sleeves and tightly blue squared long-sleeved shirt.,mbeir_images/fashioniq_images/B00B5FTHIK.jpg,7:6784,14,293,141,mmembed,rzen_embed,vlm2vec_v2,0,0,0,0
3189,7:3190,unresolved,unresolved,multimodal_needed,This is a black t-shirt with short sleeves and is elss formal.,mbeir_images/fashioniq_images/B0045Y0YKS.jpg,7:854,207,205,18971,lamra_qwen25vl,mmembed,voyage_multimodal_35,0,0,0,0
3190,7:3191,composition_required,composition_required,multimodal_needed,Is black with white designs and is black with a white design.,mbeir_images/fashioniq_images/B00DFJODD8.jpg,7:50603,3,102,305,lamra_qwen25vl,vlm2vec_v2,qwen3vl8b_vllm,3,0,0,0
3191,7:3192,unresolved,unresolved,multimodal_needed,Is more colorful and more solid and solid black shirt with green.,mbeir_images/fashioniq_images/B0041FZUL4.jpg,7:67238,275,64,7422,qwen3vl8b_vllm,qwen3vl2b_vllm,gme_qwen2vl_retriever_2,0,0,0,0
3192,7:3193,composition_required,composition_required,multimodal_needed,Has longer sleeves and is no collar and has longer sleeves and no collar.,mbeir_images/fashioniq_images/B0006MUZLG.jpg,7:16416,1,1037,103,lamra,rzen_embed,gme_qwen2vl_retriever_2,8,0,0,0
3194,7:3195,unresolved,unresolved,multimodal_needed,Has a different graphic and it has a lighter red and a white print.,mbeir_images/fashioniq_images/B009DLYLS4.jpg,7:55372,273,133,501,qwen3vl8b_vllm,vlm2vec_v2,lamra_qwen25vl,0,0,0,0
3195,7:3196,composition_required,composition_required,multimodal_needed,Is gray and is grey and not buttoned.,mbeir_images/fashioniq_images/B0058YVMDM.jpg,7:15784,6,1608,1503,qwen3vl2b_vllm,rzen_embed,qwen3vl2b_vllm,3,0,0,0
3196,7:3197,unresolved,unresolved,multimodal_needed,More black with a picture on front and has shorter sleeves and black stripes.,mbeir_images/fashioniq_images/B005GN4ATS.jpg,7:65768,980,17644,92,vlm2vec_v2,vlm2vec_v2,qwen3vl2b_vllm,0,0,0,0
3197,7:3198,composition_required,composition_required,multimodal_needed,Is blue striped and is blue in color with a different pattern.,mbeir_images/fashioniq_images/B005G4XMFK.jpg,7:40668,7,24,93,qwen3vl2b_vllm,voyage_multimodal_35,,2,0,0,0
3198,7:3199,composition_required,composition_required,multimodal_needed,Is a checked brighter shirt and is green and white checked.,mbeir_images/fashioniq_images/B004VZIML4.jpg,7:66579,6,32,7929,qwen3vl8b_vllm,mmembed,gme_qwen2vl_retriever_2,1,0,0,0
3199,7:3200,unresolved,unresolved,multimodal_needed,Has more active figure and earthier color and is a different color and has a different image.,mbeir_images/fashioniq_images/B009ADCOP2.jpg,7:51954,14,14,148,qwen3vl2b_vllm,rzen_embed,gemini_embedding_2,0,0,0,0
3200,7:3201,composition_required,composition_required,multimodal_needed,Is darker and is solid black with a tiny logo.,mbeir_images/fashioniq_images/B00CR90B0Q.jpg,7:3731,7,261,11,gemini_embedding_2,gemini_embedding_2,lamra_qwen25vl,4,0,0,0
3201,7:3202,unresolved,unresolved,multimodal_needed,Is more fitted and has more buttons and is more solid grey.,mbeir_images/fashioniq_images/B00DDXR4QO.jpg,7:20905,43,369,103,qwen3vl8b_vllm,qwen3vl8b_vllm,voyage_multimodal_35,0,0,0,0
3202,7:3203,composition_required,composition_required,multimodal_needed,Is more patriotic and grey and it is grey.,mbeir_images/fashioniq_images/B004LTR2XY.jpg,7:3559,7,605,194,gemini_embedding_2,gemini_embedding_2,gemini_embedding_2,1,0,0,0
3203,7:3204,unresolved,unresolved,multimodal_needed,Is black and is darker and more bold.,mbeir_images/fashioniq_images/B0027EBMU4.jpg,7:68137,62,1149,699,gme_qwen2vl_retriever_2,rzen_embed,voyage_multimodal_35,0,0,0,0
3204,7:3205,composition_required,composition_required,multimodal_needed,Is gray with buttons down and is grey and has buttons.,mbeir_images/fashioniq_images/B003XEFOQK.jpg,7:17819,1,71,6912,rzen_embed,e5_omni,e5_omni,3,0,0,0
3205,7:3206,composition_required,composition_required,multimodal_needed,Is yellow with small characters and is yellow in color.,mbeir_images/fashioniq_images/B006ZPQ0EY.jpg,7:67764,1,150,20,gme_qwen2vl_retriever_2,rzen_embed,qwen3vl8b_vllm,9,0,0,0
3206,7:3207,unresolved,unresolved,multimodal_needed,A khaki and long sleeved with buttons and is long sleeve beige colored.,mbeir_images/fashioniq_images/B001LY2U70.jpg,7:39338,76,76,18959,lamra_qwen25vl,lamra_qwen25vl,lamra,0,0,0,0
3207,7:3208,composition_required,composition_required,multimodal_needed,Is a tight fitness black long sleeved shirt and is a blue tshirt.,mbeir_images/fashioniq_images/B003YOPRJS.jpg,7:66378,3,21,93,lamra_qwen25vl,e5_omni,qwen3vl8b_vllm,6,0,0,0
3208,7:3209,unresolved,unresolved,multimodal_needed,Is brown with a different picture and is brown.,mbeir_images/fashioniq_images/B004UIOL3K.jpg,7:39614,27,221,401,qwen3vl8b_vllm,gemini_embedding_2,qwen3vl8b_vllm,0,0,0,0
3209,7:3210,unresolved,unresolved,multimodal_needed,Has a red and white image with text and has a image in red and white on it with text.,mbeir_images/fashioniq_images/B0051SN0LC.jpg,7:35825,79,301,935,qwen3vl2b_vllm,gemini_embedding_2,gemini_embedding_2,0,0,0,0
3211,7:3212,composition_required,composition_required,multimodal_needed,Has white words on it and has text present.,mbeir_images/fashioniq_images/B000NZW3JI.jpg,7:38207,7,551,46,vlm2vec_v2,lamra_qwen25vl,gme_qwen2vl_retriever_2,2,0,0,0
3212,7:3213,unresolved,unresolved,multimodal_needed,Is lighter with different graphics and is purple with a red logo.,mbeir_images/fashioniq_images/B00611XBS0.jpg,7:50133,12,47,11353,gemini_embedding_2,qwen3vl8b_vllm,lamra_qwen25vl,0,0,0,0
3213,7:3214,unresolved,unresolved,multimodal_needed,Is black with yellow designs and is darker.,mbeir_images/fashioniq_images/B0081V2U6C.jpg,7:20386,121,57,735,lamra,lamra,lamra,0,0,0,0
3214,7:3215,unresolved,unresolved,multimodal_needed,Button down with collar and has a larger graphic.,mbeir_images/fashioniq_images/B007XCSP9G.jpg,7:67361,266,2985,430,gemini_embedding_2,rzen_embed,gemini_embedding_2,0,0,0,0
3215,7:3216,composition_required,composition_required,multimodal_needed,Has no sleeves with a blue and white color and is a light blue tank.,mbeir_images/fashioniq_images/B004G09IXK.jpg,7:56680,2,247,167,gemini_embedding_2,rzen_embed,gemini_embedding_2,5,0,0,0
3216,7:3217,unresolved,unresolved,multimodal_needed,Is more casual and is darker.,mbeir_images/fashioniq_images/B00729P2UA.jpg,7:456,108,6882,176,gemini_embedding_2,vlm2vec_v2,qwen3vl2b_vllm,0,0,0,0
3217,7:3218,unresolved,unresolved,multimodal_needed,Is gray with different wording and is grey.,mbeir_images/fashioniq_images/B009ZZ7PYU.jpg,7:49139,33,22,117,lamra,qwen3vl2b_vllm,gemini_embedding_2,0,0,0,0
3218,7:3219,composition_required,composition_required,multimodal_needed,Is grey without sleeves and is darker and has shorter sleeves.,mbeir_images/fashioniq_images/B0050OFMB8.jpg,7:66867,3,29,785,lamra,gemini_embedding_2,vlm2vec_v2,6,0,0,0
3219,7:3220,composition_required,composition_required,multimodal_needed,A full rounded neckline and has a blue pattern across the front.,mbeir_images/fashioniq_images/B005KGF70M.jpg,7:33741,5,1105,87,lamra,gemini_embedding_2,e5_omni,2,0,0,0
3220,7:3221,composition_required,composition_required,multimodal_needed,Is black in color and black with picture graphic on front.,mbeir_images/fashioniq_images/B003OPUWH4.jpg,7:61335,5,127,223,qwen3vl2b_vllm,e5_omni,qwen3vl8b_vllm,2,0,0,0
3223,7:3224,unresolved,unresolved,multimodal_needed,Is more whimsical and vintage and has longer sleeves and more pattern.,mbeir_images/fashioniq_images/B005FS7LEK.jpg,7:59828,56,10315,1530,gme_qwen2vl_retriever_2,rzen_embed,,0,0,0,0
3224,7:3225,unresolved,unresolved,multimodal_needed,Is lighter colored and is more blue.,mbeir_images/fashioniq_images/B003HLWPOI.jpg,7:56194,82,2515,47,gemini_embedding_2,mmembed,gemini_embedding_2,0,0,0,0
3226,7:3227,composition_required,composition_required,multimodal_needed,Is a v-neck t-shirt with wide stripes and has more stripes.,mbeir_images/fashioniq_images/B009B5OVU0.jpg,7:51543,2,51,109,gemini_embedding_2,vlm2vec_v2,qwen3vl2b_vllm,2,0,0,0
3227,7:3228,unresolved,unresolved,multimodal_needed,The shirt is blue and long sleeve and has shorter sleeves.,mbeir_images/fashioniq_images/B001R1TYSA.jpg,7:61900,29,1599,438,qwen3vl2b_vllm,mmembed,qwen3vl2b_vllm,0,0,0,0
3228,7:3229,unresolved,unresolved,multimodal_needed,Has a large logo and darker and does not have a collar.,mbeir_images/fashioniq_images/B004XYGILO.jpg,7:49744,11265,6710,42288,lamra_qwen25vl,mmembed,lamra_qwen25vl,0,0,0,0
3229,7:3230,unresolved,unresolved,multimodal_needed,Has longer sleeves and has a pattern and is more formal.,mbeir_images/fashioniq_images/B009DLYLS4.jpg,7:73780,332,9917,9357,voyage_multimodal_35,rzen_embed,gme_qwen2vl_retriever_2,0,0,0,0
3230,7:3231,unresolved,unresolved,multimodal_needed,Is green and is brighter with shorter sleeves.,mbeir_images/fashioniq_images/B007G03S2Y.jpg,7:70653,1388,4587,12580,gemini_embedding_2,lamra_qwen25vl,lamra,0,0,0,0
3232,7:3233,unresolved,unresolved,multimodal_needed,Is a lighter color and is lighter in color.,mbeir_images/fashioniq_images/B004JQOLKG.jpg,7:53813,302,16182,87,gemini_embedding_2,,gemini_embedding_2,0,0,0,0
3233,7:3234,unresolved,unresolved,multimodal_needed,Is more lighter and plain and has long sleeves and is not a t-shirt.,mbeir_images/fashioniq_images/B001AYANYI.jpg,7:68188,230,76,40682,gme_qwen2vl_retriever_2,gme_qwen2vl_retriever_2,voyage_multimodal_35,0,0,0,0
3234,7:3235,unresolved,unresolved,multimodal_needed,Is more sexy and longer and is black in color.,mbeir_images/fashioniq_images/B004HTURAS.jpg,7:38698,832,519,26823,vlm2vec_v2,vlm2vec_v2,rzen_embed,0,0,0,0
3235,7:3236,composition_required,composition_required,multimodal_needed,Is white colored with stripes and is blue and has longer sleeves.,mbeir_images/fashioniq_images/B0085X1RZQ.jpg,7:66629,1,83,37,gme_qwen2vl_retriever_2,gme_qwen2vl_retriever_2,e5_omni,8,0,0,0
3236,7:3237,composition_required,composition_required,multimodal_needed,Is grey in color and a grey color with black print on front.,mbeir_images/fashioniq_images/B00ABDT1II.jpg,7:25861,10,38,1357,lamra_qwen25vl,lamra,qwen3vl8b_vllm,1,0,0,0
3238,7:3239,unresolved,unresolved,multimodal_needed,Is more casual and has shorter sleeves and is less formal.,mbeir_images/fashioniq_images/B002CWNJXY.jpg,7:70418,4617,5086,5573,lamra_qwen25vl,,gemini_embedding_2,0,0,0,0
3239,7:3240,unresolved,unresolved,multimodal_needed,Has a different pattern and is darker and is less formal.,mbeir_images/fashioniq_images/B0039228GK.jpg,7:34695,1636,669,27969,lamra_qwen25vl,,mmembed,0,0,0,0
3241,7:3242,unresolved,unresolved,multimodal_needed,The shirt is black and tan and is darker and has shorter sleeves.,mbeir_images/fashioniq_images/B00493VVOS.jpg,7:23553,193,594,4243,lamra_qwen25vl,lamra_qwen25vl,gme_qwen2vl_retriever_2,0,0,0,0
3243,7:3244,composition_required,composition_required,multimodal_needed,Is black and has white stripes on inner sleeve.,mbeir_images/fashioniq_images/B006VE8IQC.jpg,7:21986,4,24,46,rzen_embed,gemini_embedding_2,gemini_embedding_2,2,0,0,0
3244,7:3245,composition_required,composition_required,multimodal_needed,Is blue and brighter and is light blue with a yellow print.,mbeir_images/fashioniq_images/B00CL08O0A.jpg,7:57775,3,52,6433,qwen3vl8b_vllm,qwen3vl8b_vllm,,2,0,0,0
3247,7:3248,composition_required,composition_required,multimodal_needed,Has no sleeves and is ombre blue and is blue with no sleeves.,mbeir_images/fashioniq_images/B001B16GCS.jpg,7:26860,1,28,6605,gme_qwen2vl_retriever_2,lamra_qwen25vl,vlm2vec_v2,9,0,0,0
3248,7:3249,unresolved,unresolved,multimodal_needed,Is a white shirt and is more formal.,mbeir_images/fashioniq_images/B008B5HO2S.jpg,7:28321,72,167,1876,mmembed,voyage_multimodal_35,gme_qwen2vl_retriever_2,0,0,0,0
3251,7:3252,composition_required,composition_required,multimodal_needed,Has clear wording and is blue and white check.,mbeir_images/fashioniq_images/B00A00772O.jpg,7:4524,1,320,26,rzen_embed,rzen_embed,gemini_embedding_2,5,0,0,0
3252,7:3253,unresolved,unresolved,multimodal_needed,Is similar but blue with differnt picture on front and is lighter.,mbeir_images/fashioniq_images/B004UHP3IS.jpg,7:8985,123,457,2308,gemini_embedding_2,gemini_embedding_2,voyage_multimodal_35,0,0,0,0
3253,7:3254,unresolved,unresolved,multimodal_needed,Is official and with short sleeves and is more formal.,mbeir_images/fashioniq_images/B000EXU5VW.jpg,7:59180,3467,2124,11438,voyage_multimodal_35,gme_qwen2vl_retriever_2,e5_omni,0,0,0,0
3254,7:3255,unresolved,unresolved,multimodal_needed,Is a blue tee shirt and has short sleeves.,mbeir_images/fashioniq_images/B00APU4KE2.jpg,7:55706,835,288,39234,lamra,lamra,qwen3vl8b_vllm,0,0,0,0
3255,7:3256,unresolved,unresolved,multimodal_needed,Is solid black with shorter sleeves and is black with shorter sleeves.,mbeir_images/fashioniq_images/B000NRXXBS.jpg,7:40522,28,331,332,gme_qwen2vl_retriever_2,mmembed,,0,0,0,0
3256,7:3257,composition_required,composition_required,multimodal_needed,Has a logo and is black and is black with white lettering.,mbeir_images/fashioniq_images/B006NCQPYO.jpg,7:39364,1,49,318,gemini_embedding_2,qwen3vl8b_vllm,lamra,8,0,0,0
3257,7:3258,unresolved,unresolved,multimodal_needed,Is less tight and has short sleeves and shorter sleeves.,mbeir_images/fashioniq_images/B001B2LL2W.jpg,7:27944,421,5492,810,gemini_embedding_2,gemini_embedding_2,,0,0,0,0
3259,7:3260,composition_required,composition_required,multimodal_needed,Is red and has no stripes and is red without stripes.,mbeir_images/fashioniq_images/B00AY7XJSO.jpg,7:22317,4,330,1029,vlm2vec_v2,vlm2vec_v2,mmembed,3,0,0,0
3260,7:3261,composition_required,composition_required,multimodal_needed,Is more patriotic and is black with white and red and blue logo.,mbeir_images/fashioniq_images/B00CJRW0LO.jpg,7:17792,2,13,11,gemini_embedding_2,qwen3vl8b_vllm,gme_qwen2vl_retriever_2,2,0,0,0
3261,7:3262,composition_required,composition_required,multimodal_needed,Is striped black and white and is striped.,mbeir_images/fashioniq_images/B00A7EQAWG.jpg,7:29770,3,14,1785,gemini_embedding_2,voyage_multimodal_35,,4,0,0,0
3263,7:3264,composition_required,composition_required,multimodal_needed,Is solid blue and has long sleeve and is blue color.,mbeir_images/fashioniq_images/B007T4JJCK.jpg,7:2351,1,473,95,lamra,gme_qwen2vl_retriever_2,qwen3vl2b_vllm,6,0,0,0
3264,7:3265,composition_required,composition_required,multimodal_needed,Is a long sleeve and brown coloered and is less fitted in a darker color.,mbeir_images/fashioniq_images/B007VN04BO.jpg,7:18254,5,106,246,lamra_qwen25vl,e5_omni,gme_qwen2vl_retriever_2,2,0,0,0
3265,7:3266,unresolved,unresolved,multimodal_needed,Has a dark collar and is more athletic and has a ringed collar.,mbeir_images/fashioniq_images/B0016LURJ6.jpg,7:42751,19,811,119,e5_omni,qwen3vl8b_vllm,vlm2vec_v2,0,0,0,0
3267,7:3268,composition_required,composition_required,multimodal_needed,Grend and doesn't have logo and is more of a green color.,mbeir_images/fashioniq_images/B00D0XHGGA.jpg,7:31664,1,119,64,qwen3vl2b_vllm,gme_qwen2vl_retriever_2,,9,0,0,0
3268,7:3269,unresolved,unresolved,multimodal_needed,Is less casual and more striped and is red.,mbeir_images/fashioniq_images/B008UT67K0.jpg,7:31081,527,1899,33094,lamra_qwen25vl,voyage_multimodal_35,e5_omni,0,0,0,0
3271,7:3272,composition_required,composition_required,multimodal_needed,Has buttons and a collar and is darker with different image.,mbeir_images/fashioniq_images/B004K2NSGM.jpg,7:39262,7,13617,11,gme_qwen2vl_retriever_2,gme_qwen2vl_retriever_2,qwen3vl8b_vllm,1,0,0,0
3272,7:3273,unresolved,unresolved,multimodal_needed,Is black with green designs and has shorter sleeves.,mbeir_images/fashioniq_images/B008E7RDYW.jpg,7:71419,68,1557,7908,lamra_qwen25vl,lamra_qwen25vl,qwen3vl2b_vllm,0,0,0,0
3273,7:3274,unresolved,unresolved,multimodal_needed,Is black with a person and has more black and has a photo.,mbeir_images/fashioniq_images/B006PKHQTM.jpg,7:20158,170,66,4290,qwen3vl2b_vllm,lamra,rzen_embed,0,0,0,0
3274,7:3275,unresolved,unresolved,multimodal_needed,Is more wordy and is more wordy.,mbeir_images/fashioniq_images/B002S788KM.jpg,7:27773,416,2550,156,e5_omni,mmembed,rzen_embed,0,0,0,0
3278,7:3279,unresolved,unresolved,multimodal_needed,More western and pocketed and has a elaborate design.,mbeir_images/fashioniq_images/B00932CW0W.jpg,7:3450,712,348,2861,lamra_qwen25vl,gme_qwen2vl_retriever_2,,0,0,0,0
3279,7:3280,unresolved,unresolved,multimodal_needed,Is white handbag and is a bag.,mbeir_images/fashioniq_images/B006Z2HG0Y.jpg,7:3660,27,20,33931,lamra_qwen25vl,qwen3vl2b_vllm,lamra,0,0,0,0
3281,7:3282,composition_required,composition_required,multimodal_needed,Is brighter in color and is red.,mbeir_images/fashioniq_images/B003IWGZQA.jpg,7:44455,1,1160,198,lamra,vlm2vec_v2,lamra,5,0,0,0
3283,7:3284,unresolved,unresolved,multimodal_needed,Is black with a logo of american flag and has a lighter logo.,mbeir_images/fashioniq_images/B0071BYF0M.jpg,7:53684,128,119,940,lamra_qwen25vl,lamra_qwen25vl,,0,0,0,0
3284,7:3285,composition_required,composition_required,multimodal_needed,Is lighter with different graphics and is white with a green alien logo.,mbeir_images/fashioniq_images/B0001TOU74.jpg,7:6636,3,13,275,vlm2vec_v2,gemini_embedding_2,gemini_embedding_2,2,0,0,0
3287,7:3288,composition_required,composition_required,multimodal_needed,Is lighter and a grey color with white and orange design.,mbeir_images/fashioniq_images/B000EMUCTS.jpg,7:57606,4,2512,21,gemini_embedding_2,gemini_embedding_2,mmembed,2,0,0,0
3288,7:3289,composition_required,composition_required,multimodal_needed,Has longer sleeves and is more colorful and is more blue and red.,mbeir_images/fashioniq_images/B00680K0D8.jpg,7:4086,6,155,228,gme_qwen2vl_retriever_2,rzen_embed,vlm2vec_v2,4,0,0,0
3290,7:3291,unresolved,unresolved,multimodal_needed,Is darker and has a different graphic on the front.,mbeir_images/fashioniq_images/B00AHEZ29I.jpg,7:4605,1402,2508,1417,lamra,mmembed,lamra,0,0,0,0
3291,7:3292,composition_required,composition_required,multimodal_needed,Is black with white words and has a v neck.,mbeir_images/fashioniq_images/B007F85FQO.jpg,7:40482,1,93,13,gemini_embedding_2,qwen3vl2b_vllm,mmembed,11,0,0,0
3294,7:3295,composition_required,composition_required,multimodal_needed,Is more formal and light and is light blue.,mbeir_images/fashioniq_images/B004L6PSCO.jpg,7:34072,8,544,1693,qwen3vl8b_vllm,lamra,qwen3vl2b_vllm,1,0,0,0
3295,7:3296,unresolved,unresolved,multimodal_needed,Is more plain and is more solid colored.,mbeir_images/fashioniq_images/B007LIWE6C.jpg,7:62064,401,5882,1127,lamra_qwen25vl,,lamra_qwen25vl,0,0,0,0
3296,7:3297,unresolved,unresolved,multimodal_needed,Is a t-shirt has a darker plain color with a samell print and is gray with out a collar.,mbeir_images/fashioniq_images/B004U940JY.jpg,7:56989,14,93,5708,qwen3vl8b_vllm,gemini_embedding_2,vlm2vec_v2,0,0,0,0
3297,7:3298,unresolved,unresolved,multimodal_needed,Is faded and dark and has a different graphic.,mbeir_images/fashioniq_images/B002R7U7Q6.jpg,7:55947,177,1587,313,qwen3vl2b_vllm,qwen3vl2b_vllm,vlm2vec_v2,0,0,0,0
3299,7:3300,composition_required,composition_required,multimodal_needed,Has longer sleeves and is blue and is darker with longer sleeves.,mbeir_images/fashioniq_images/B008AY9X6K.jpg,7:12112,1,168,53,gme_qwen2vl_retriever_2,rzen_embed,,11,0,0,0
3300,7:3301,unresolved,unresolved,multimodal_needed,Is larger and darker and is darker in color.,mbeir_images/fashioniq_images/B008EJ0MMU.jpg,7:19208,1469,6248,2609,mmembed,lamra,mmembed,0,0,0,0
3301,7:3302,unresolved,unresolved,multimodal_needed,Is a checked shirt and is more formal and has longer sleeves.,mbeir_images/fashioniq_images/B004ZC2HIC.jpg,7:62120,11,15,5706,lamra,mmembed,gme_qwen2vl_retriever_2,0,0,0,0
3303,7:3304,unresolved,unresolved,multimodal_needed,Has a darker blue color and is just a polo.,mbeir_images/fashioniq_images/B003WF2ECW.jpg,7:67021,103,40,2939,lamra,lamra,qwen3vl2b_vllm,0,0,0,0
3304,7:3305,unresolved,unresolved,multimodal_needed,Is lighter and has longer sleeves and is long sleeved and cream colored.,mbeir_images/fashioniq_images/B000PHI5L4.jpg,7:65482,89,362,7624,lamra_qwen25vl,voyage_multimodal_35,,0,0,0,0
3305,7:3306,composition_required,composition_required,multimodal_needed,Has grey sleeves and no buttons and is blue and grey with shorter sleeves.,mbeir_images/fashioniq_images/B003U6HHS4.jpg,7:59175,7,98,2140,lamra,gme_qwen2vl_retriever_2,e5_omni,2,0,0,0
3306,7:3307,composition_required,composition_required,multimodal_needed,And gray print lower half and is purple and has long sleeve.,mbeir_images/fashioniq_images/B00BR2B6W6.jpg,7:28025,2,333,319,lamra_qwen25vl,lamra_qwen25vl,lamra,2,0,0,0
3307,7:3308,unresolved,unresolved,multimodal_needed,Is a black color short sleeve with clown art and is darker.,mbeir_images/fashioniq_images/B00DTIO7G8.jpg,7:36429,34,83,6632,lamra_qwen25vl,gme_qwen2vl_retriever_2,voyage_multimodal_35,0,0,0,0
3308,7:3309,composition_required,composition_required,multimodal_needed,Is grey in color and has no shiny and is grey color.,mbeir_images/fashioniq_images/B0025U4X5G.jpg,7:72627,5,62,945,lamra,qwen3vl2b_vllm,,3,0,0,0
3310,7:3311,composition_required,composition_required,multimodal_needed,Short blue tee shirt with slight v neck and is medium blue in color.,mbeir_images/fashioniq_images/B00F5XVN9Y.jpg,7:57427,1,424,154,gemini_embedding_2,gme_qwen2vl_retriever_2,gemini_embedding_2,7,0,0,0
3312,7:3313,composition_required,composition_required,multimodal_needed,Has longer sleeves with collars and has longer sleeves and more pocketed.,mbeir_images/fashioniq_images/B003OQV4HA.jpg,7:50192,6,827,600,lamra_qwen25vl,lamra,gemini_embedding_2,2,0,0,0
3313,7:3314,unresolved,unresolved,multimodal_needed,Has a different graphic and has lighter colored image.,mbeir_images/fashioniq_images/B006JATIK8.jpg,7:38852,154,6197,49,lamra,qwen3vl8b_vllm,rzen_embed,0,0,0,0
3314,7:3315,unresolved,unresolved,multimodal_needed,Is blue and doesn't have a collar and a solid black short sleeved shirt.,mbeir_images/fashioniq_images/B004DZAWJM.jpg,7:48383,49,19,15490,lamra,lamra,,0,0,0,0
3315,7:3316,unresolved,unresolved,multimodal_needed,Has short sleeves and is darker and has shorter sleeves.,mbeir_images/fashioniq_images/B001TSZPM0.jpg,7:6306,3842,26626,5175,mmembed,mmembed,vlm2vec_v2,0,0,0,0
3316,7:3317,composition_required,composition_required,multimodal_needed,Is solid black in color and is less sporty and more casual.,mbeir_images/fashioniq_images/B00CX6BDFU.jpg,7:63679,3,622,86,voyage_multimodal_35,voyage_multimodal_35,gemini_embedding_2,6,0,0,0
3319,7:3320,composition_required,composition_required,multimodal_needed,Is striped and colorful and is multi-colored with no buttons.,mbeir_images/fashioniq_images/B00B67EIJK.jpg,7:70332,1,50,596,gme_qwen2vl_retriever_2,lamra,mmembed,7,0,0,0
3320,7:3321,composition_required,composition_required,multimodal_needed,Is a blue fitness short sleeve shirt and is blue with yellow.,mbeir_images/fashioniq_images/B003EEN7MM.jpg,7:36644,3,15,82,lamra,rzen_embed,,6,0,0,0
3321,7:3322,unresolved,unresolved,multimodal_needed,Is less formal and dark blue and is less formal.,mbeir_images/fashioniq_images/B00BYQDJH0.jpg,7:1645,507,17,3226,rzen_embed,rzen_embed,qwen3vl8b_vllm,0,0,0,0
3322,7:3323,unresolved,unresolved,multimodal_needed,Is white and is lighter.,mbeir_images/fashioniq_images/B002CNTSVA.jpg,7:64679,13,567,171,gme_qwen2vl_retriever_2,vlm2vec_v2,,0,0,0,0
3323,7:3324,composition_required,composition_required,multimodal_needed,Is black with long sleeves and with a hood and longer sleeves.,mbeir_images/fashioniq_images/B00AECN92K.jpg,7:57308,1,111,11,qwen3vl8b_vllm,mmembed,qwen3vl8b_vllm,9,0,0,0
3325,7:3326,composition_required,composition_required,multimodal_needed,Is more masculine and is black with a logo on front.,mbeir_images/fashioniq_images/B004IAMEI4.jpg,7:59543,9,358,248,gme_qwen2vl_retriever_2,vlm2vec_v2,gemini_embedding_2,1,0,0,0
3326,7:3327,composition_required,composition_required,multimodal_needed,Is maroon colored short sleeved shirt with button collar and is dark red and has no graphics.,mbeir_images/fashioniq_images/B008YEKTO6.jpg,7:15046,9,27,21986,gemini_embedding_2,mmembed,vlm2vec_v2,1,0,0,0
3327,7:3328,unresolved,unresolved,multimodal_needed,Has a brighter color and no pockets and a grey/white plaid long sleeved shirt.,mbeir_images/fashioniq_images/B00CH59Q38.jpg,7:35571,74,317,151,gme_qwen2vl_retriever_2,lamra_qwen25vl,,0,0,0,0
3329,7:3330,composition_required,composition_required,multimodal_needed,Is tan with no graphic print and is lighter in color and has more buttons.,mbeir_images/fashioniq_images/B002G9UC1A.jpg,7:36391,1,73,596,rzen_embed,rzen_embed,qwen3vl2b_vllm,4,0,0,0
3333,7:3334,composition_required,composition_required,multimodal_needed,Is a lighter blue and is lighter in color.,mbeir_images/fashioniq_images/B004QS6S12.jpg,7:28758,2,5438,22,gemini_embedding_2,gemini_embedding_2,gemini_embedding_2,3,0,0,0
3334,7:3335,unresolved,unresolved,multimodal_needed,Is white in color with black and red text and is a whtie tshirt.,mbeir_images/fashioniq_images/B00AENLJ4E.jpg,7:12190,39,416,315,voyage_multimodal_35,rzen_embed,,0,0,0,0
3335,7:3336,unresolved,unresolved,multimodal_needed,Is beige in color and is lighter and more yellow.,mbeir_images/fashioniq_images/B00AR19X1O.jpg,7:6097,29,655,30,gemini_embedding_2,e5_omni,gemini_embedding_2,0,0,0,0
3336,7:3337,composition_required,composition_required,multimodal_needed,The black color jacket is too losse and is darker in color and has more of a zipper.,mbeir_images/fashioniq_images/B00ATQ60M2.jpg,7:33293,2,13,67,vlm2vec_v2,lamra,,5,0,0,0
3337,7:3338,composition_required,composition_required,multimodal_needed,Has collars and shorter sleeves and is short sleeved with a collar.,mbeir_images/fashioniq_images/B0085428H6.jpg,7:22882,1,2453,831,mmembed,mmembed,e5_omni,1,0,0,0
3338,7:3339,composition_required,composition_required,multimodal_needed,Is a blue checkered shirt and is more blue.,mbeir_images/fashioniq_images/B008LJZV0G.jpg,7:42396,1,67,41,gme_qwen2vl_retriever_2,vlm2vec_v2,vlm2vec_v2,11,0,0,0
3339,7:3340,composition_required,composition_required,multimodal_needed,Is checked with a deeper shade of color and darker blue.,mbeir_images/fashioniq_images/B006SHCSEU.jpg,7:33075,4,590,156,lamra_qwen25vl,mmembed,qwen3vl2b_vllm,1,0,0,0
3341,7:3342,unresolved,unresolved,multimodal_needed,Is white colored and is light gray.,mbeir_images/fashioniq_images/B00FD8I2HC.jpg,7:18453,19,591,284,rzen_embed,qwen3vl2b_vllm,e5_omni,0,0,0,0
3342,7:3343,unresolved,unresolved,multimodal_needed,Is shortsleeved and bright and is white and has shorter sleeves.,mbeir_images/fashioniq_images/B005DIJKXW.jpg,7:33053,26,331,2111,qwen3vl8b_vllm,rzen_embed,,0,0,0,0
3344,7:3345,composition_required,composition_required,multimodal_needed,Has blue stripes and not purple and is darker.,mbeir_images/fashioniq_images/B001O883U6.jpg,7:55336,4,14,15,gemini_embedding_2,mmembed,qwen3vl8b_vllm,9,0,0,0
3345,7:3346,unresolved,unresolved,multimodal_needed,Is slim fit and has more words.,mbeir_images/fashioniq_images/B00CDT7FHM.jpg,7:31749,8543,4588,13121,lamra,qwen3vl8b_vllm,lamra,0,0,0,0
3346,7:3347,unresolved,unresolved,multimodal_needed,Is a lighter graphic shirt and has more white.,mbeir_images/fashioniq_images/B0043RJLWY.jpg,7:6300,80,354,1066,qwen3vl2b_vllm,lamra_qwen25vl,voyage_multimodal_35,0,0,0,0
3348,7:3349,unresolved,unresolved,multimodal_needed,Is more casual with shorter sleeves and is more casual with a colorful graphic.,mbeir_images/fashioniq_images/B0016LG70E.jpg,7:12282,603,531,8221,lamra,e5_omni,gme_qwen2vl_retriever_2,0,0,0,0
3349,7:3350,composition_required,composition_required,multimodal_needed,Has smaller letters and does not have an image.,mbeir_images/fashioniq_images/B0049CLHTS.jpg,7:7489,9,209,162,lamra,vlm2vec_v2,qwen3vl8b_vllm,1,0,0,0
3351,7:3352,composition_required,composition_required,multimodal_needed,Is more of a t-shirt with v-neck and darker and has one pocket.,mbeir_images/fashioniq_images/B008OCFYYI.jpg,7:1036,3,148,1570,rzen_embed,voyage_multimodal_35,gemini_embedding_2,2,0,0,0
3352,7:3353,composition_required,composition_required,multimodal_needed,Has greay and is black and white.,mbeir_images/fashioniq_images/B001O84MJC.jpg,7:32484,2,465,22,gme_qwen2vl_retriever_2,gme_qwen2vl_retriever_2,qwen3vl2b_vllm,6,0,0,0
3353,7:3354,unresolved,unresolved,multimodal_needed,Is made of cotton and is formal and is striped and only top buttons.,mbeir_images/fashioniq_images/B00AZIN2P2.jpg,7:672,243,675,2151,lamra_qwen25vl,vlm2vec_v2,lamra_qwen25vl,0,0,0,0
3355,7:3356,unresolved,unresolved,multimodal_needed,Is white with blue designs and is lighter colored with a graphic print that isn't similar.,mbeir_images/fashioniq_images/B000CS0UGY.jpg,7:69039,187,218,19202,qwen3vl8b_vllm,gme_qwen2vl_retriever_2,lamra,0,0,0,0
3356,7:3357,composition_required,composition_required,multimodal_needed,Has longer sleeves and different graphic and is more graphic and has longer sleeves.,mbeir_images/fashioniq_images/B005I63XM8.jpg,7:66524,2,64,83,lamra_qwen25vl,rzen_embed,lamra_qwen25vl,3,0,0,0
3357,7:3358,composition_required,composition_required,multimodal_needed,Is white in color and is grey and has a bloody zombie graphic.,mbeir_images/fashioniq_images/B00F3KMWX0.jpg,7:59246,1,14,108,rzen_embed,gemini_embedding_2,,9,0,0,0
3358,7:3359,unresolved,unresolved,multimodal_needed,Has short sleeves and is solid black and a solid black shirt with short sleeves.,mbeir_images/fashioniq_images/B004Q3PSU4.jpg,7:69342,124,416,4863,mmembed,mmembed,rzen_embed,0,0,0,0
3360,7:3361,composition_required,composition_required,multimodal_needed,Has a black top and has lower white and is black upper chest.,mbeir_images/fashioniq_images/B005BSLCWQ.jpg,7:40540,1,859,32,lamra,lamra,mmembed,5,0,0,0
3361,7:3362,unresolved,unresolved,multimodal_needed,Is blue and has a lighter logo.,mbeir_images/fashioniq_images/B00AMD5I7U.jpg,7:73545,1572,1489,10741,lamra_qwen25vl,vlm2vec_v2,lamra_qwen25vl,0,0,0,0
3362,7:3363,unresolved,unresolved,multimodal_needed,Is a no sleeved shirt with a logo and has no sleeves.,mbeir_images/fashioniq_images/B005R961PM.jpg,7:73957,23,16,4753,rzen_embed,qwen3vl8b_vllm,qwen3vl2b_vllm,0,0,0,0
3363,7:3364,unresolved,unresolved,multimodal_needed,Is a lighter color with a team symbol and name and is a white tee.,mbeir_images/fashioniq_images/B003QR06EO.jpg,7:56379,23,15,3144,lamra,e5_omni,,0,0,0,0
3367,7:3368,unresolved,unresolved,multimodal_needed,Is black and is darker.,mbeir_images/fashioniq_images/B00112FYQG.jpg,7:51099,15,1264,23,gme_qwen2vl_retriever_2,,,0,0,0,0
3368,7:3369,composition_required,composition_required,multimodal_needed,Is button-up with a checkered print and plaid.,mbeir_images/fashioniq_images/B002G9UC1A.jpg,7:468,4,12,402,mmembed,e5_omni,qwen3vl2b_vllm,5,0,0,0
3369,7:3370,composition_required,composition_required,multimodal_needed,Is grey with a different logo and is lighter in color.,mbeir_images/fashioniq_images/B009OKKA5W.jpg,7:33360,1,130,17,e5_omni,mmembed,e5_omni,10,0,0,0
3371,7:3372,unresolved,unresolved,multimodal_needed,Has a plaid design and is lighter.,mbeir_images/fashioniq_images/B005KP3UPW.jpg,7:25656,237,319,1712,qwen3vl2b_vllm,e5_omni,,0,0,0,0
3373,7:3374,composition_required,composition_required,multimodal_needed,Is bright pink and is short sleeved and pink.,mbeir_images/fashioniq_images/B00BV2QEV0.jpg,7:41240,1,54,115,gme_qwen2vl_retriever_2,vlm2vec_v2,e5_omni,10,0,0,0
3375,7:3376,unresolved,unresolved,multimodal_needed,Is more wordy and is black with white lettering.,mbeir_images/fashioniq_images/B000WEB0D0.jpg,7:49106,11,17,282,mmembed,lamra,mmembed,0,0,0,0
3376,7:3377,composition_required,composition_required,multimodal_needed,Is a plaid shirt and has long sleeves and white with black.,mbeir_images/fashioniq_images/B007X6BEF4.jpg,7:32909,4,35,23448,rzen_embed,qwen3vl2b_vllm,vlm2vec_v2,3,0,0,0
3380,7:3381,unresolved,unresolved,multimodal_needed,Is dark green and is grey and less masculine.,mbeir_images/fashioniq_images/B009L4NRSS.jpg,7:69846,12,482,847,lamra_qwen25vl,lamra_qwen25vl,voyage_multimodal_35,0,0,0,0
3381,7:3382,unresolved,unresolved,multimodal_needed,This is brighter in color. A bright pink and is pink and has a collar and buttons.,mbeir_images/fashioniq_images/B00FDV30N0.jpg,7:64243,286,274,5272,qwen3vl8b_vllm,lamra,lamra_qwen25vl,0,0,0,0
3383,7:3384,unresolved,unresolved,multimodal_needed,Has different graphics and is darker grey with a text logo.,mbeir_images/fashioniq_images/B00CJLPB9I.jpg,7:1958,275,879,99,e5_omni,rzen_embed,gemini_embedding_2,0,0,0,0
3384,7:3385,unresolved,unresolved,multimodal_needed,Is more elegant with the graphic and has a picture of a portrait.,mbeir_images/fashioniq_images/B005TG0O6K.jpg,7:54692,15,822,28,qwen3vl8b_vllm,gemini_embedding_2,lamra_qwen25vl,0,0,0,0
3385,7:3386,unresolved,unresolved,multimodal_needed,Has a v-neck with stripes and has stripes.,mbeir_images/fashioniq_images/B001KOUGCW.jpg,7:10066,23,104,963,gemini_embedding_2,gemini_embedding_2,,0,0,0,0
3387,7:3388,composition_required,composition_required,multimodal_needed,Has less color and more repeated lettering and is more humorous and darker colored.,mbeir_images/fashioniq_images/B00EBUFSAW.jpg,7:53362,10,37,279,lamra,lamra,qwen3vl2b_vllm,1,0,0,0
3389,7:3390,unresolved,unresolved,multimodal_needed,Is larger in size and has larger letters and and has no graphic.,mbeir_images/fashioniq_images/B00EHN44IA.jpg,7:70763,1467,299,5115,qwen3vl8b_vllm,gme_qwen2vl_retriever_2,,0,0,0,0
3390,7:3391,unresolved,unresolved,multimodal_needed,Is long sleeved and dark and is long-sleeved and dark blue in color.,mbeir_images/fashioniq_images/B00066ZKS0.jpg,7:4643,59,106,5763,lamra,vlm2vec_v2,voyage_multimodal_35,0,0,0,0
3392,7:3393,composition_required,composition_required,multimodal_needed,Has longer sleeves and has longer sleeves and more masculine.,mbeir_images/fashioniq_images/B009ADCOP2.jpg,7:53764,2,1815,189,voyage_multimodal_35,lamra_qwen25vl,voyage_multimodal_35,2,0,0,0
3394,7:3395,unresolved,unresolved,multimodal_needed,Is a polo shirt with horizontal bands and has more stripes.,mbeir_images/fashioniq_images/B00916YLW2.jpg,7:14799,53,57,3306,voyage_multimodal_35,lamra_qwen25vl,qwen3vl2b_vllm,0,0,0,0
3395,7:3396,composition_required,composition_required,multimodal_needed,Has an american flag on it and is more colorful.,mbeir_images/fashioniq_images/B006NCQPYO.jpg,7:4610,1,30,242,e5_omni,rzen_embed,lamra_qwen25vl,11,0,0,0
3396,7:3397,unresolved,unresolved,multimodal_needed,Is dark and more text and is black and more humorous.,mbeir_images/fashioniq_images/B000JM3A1A.jpg,7:66946,72,37,1177,voyage_multimodal_35,vlm2vec_v2,voyage_multimodal_35,0,0,0,0
3399,7:3400,composition_required,composition_required,multimodal_needed,Is white with black designs and is more patterned and less solid colored.,mbeir_images/fashioniq_images/B00BAQ3TWY.jpg,7:28102,6,219,197,gemini_embedding_2,lamra,qwen3vl2b_vllm,2,0,0,0
3400,7:3401,unresolved,unresolved,multimodal_needed,Is plaid and has longer sleeves.,mbeir_images/fashioniq_images/B00BT0JNWQ.jpg,7:9557,54,83,28576,voyage_multimodal_35,e5_omni,voyage_multimodal_35,0,0,0,0
3404,7:3405,unresolved,unresolved,multimodal_needed,Has longer sleeves with plaid and is more formal.,mbeir_images/fashioniq_images/B004I0C5XI.jpg,7:65347,787,833,32040,lamra,lamra,vlm2vec_v2,0,0,0,0
3405,7:3406,composition_required,composition_required,multimodal_needed,Has no skull art at the front and a solid black shirt with batman on the front.,mbeir_images/fashioniq_images/B007QPAWNM.jpg,7:49035,1,23,16,e5_omni,e5_omni,e5_omni,9,0,0,0
3406,7:3407,unresolved,unresolved,multimodal_needed,Is black and has a different logo and is black and has a larger graphic.,mbeir_images/fashioniq_images/B00GKENI2W.jpg,7:29338,461,155,5803,gemini_embedding_2,lamra,,0,0,0,0
3407,7:3408,unresolved,unresolved,multimodal_needed,Is more colorful and has less graphics on it and is a black tee.,mbeir_images/fashioniq_images/B001WAL2PE.jpg,7:46177,45,620,176,rzen_embed,qwen3vl8b_vllm,rzen_embed,0,0,0,0
3409,7:3410,unresolved,unresolved,multimodal_needed,Is more abstract art and is is blue.,mbeir_images/fashioniq_images/B00CIYDP94.jpg,7:39598,58,437,69,lamra_qwen25vl,lamra,gemini_embedding_2,0,0,0,0
3410,7:3411,unresolved,unresolved,multimodal_needed,Is gray and is gray not white.,mbeir_images/fashioniq_images/B0098GE6OI.jpg,7:13981,1029,590,1687,mmembed,e5_omni,qwen3vl8b_vllm,0,0,0,0
3411,7:3412,unresolved,unresolved,multimodal_needed,Has a graphic on front and longer sleeves and has longer sleeves and text on the front.,mbeir_images/fashioniq_images/B008AYYVVM.jpg,7:50202,14,2489,5103,lamra,qwen3vl2b_vllm,lamra,0,0,0,0
3412,7:3413,composition_required,composition_required,multimodal_needed,Is black in color without any text and is black colored with red and blue graphic.,mbeir_images/fashioniq_images/B005X0A2UU.jpg,7:72767,1,52,11,lamra,gemini_embedding_2,e5_omni,8,0,0,0
3415,7:3416,unresolved,unresolved,multimodal_needed,Has longer sleeves and a collared neckline and it is long sleeved and plaid.,mbeir_images/fashioniq_images/B00BIFZU4C.jpg,7:13992,208,308,19317,gemini_embedding_2,voyage_multimodal_35,qwen3vl2b_vllm,0,0,0,0
3417,7:3418,unresolved,unresolved,multimodal_needed,Buttoned collar and has dark stripes and is white.,mbeir_images/fashioniq_images/B001LQG1N2.jpg,7:21260,18,86,118,qwen3vl2b_vllm,qwen3vl2b_vllm,,0,0,0,0
3419,7:3420,unresolved,unresolved,multimodal_needed,The shirt is gray and is colorful with longer sleeves.,mbeir_images/fashioniq_images/B000MX1M98.jpg,7:26540,777,22,4873,gme_qwen2vl_retriever_2,gme_qwen2vl_retriever_2,gme_qwen2vl_retriever_2,0,0,0,0
3420,7:3421,unresolved,unresolved,multimodal_needed,Is a brown shirt and has longer sleeves and buttons down the front.,mbeir_images/fashioniq_images/B008EYOK2S.jpg,7:12273,195,64,4477,lamra_qwen25vl,mmembed,rzen_embed,0,0,0,0
3421,7:3422,unresolved,unresolved,multimodal_needed,Is green colored with a centered logo and desired item is green with a large white clover.,mbeir_images/fashioniq_images/B0077RS0VU.jpg,7:65031,14,17,60,lamra,lamra,gemini_embedding_2,0,0,0,0
3422,7:3423,composition_required,composition_required,multimodal_needed,Is grey with a logo and is brown with red and yellow logo.,mbeir_images/fashioniq_images/B001WAL2UE.jpg,7:25183,9,61,393,lamra,vlm2vec_v2,gme_qwen2vl_retriever_2,1,0,0,0
3423,7:3424,unresolved,unresolved,multimodal_needed,Has shorter sleeves and is blue and is brighter in color and has short sleeves.,mbeir_images/fashioniq_images/B009W2ETIQ.jpg,7:12475,146,4916,633,lamra_qwen25vl,e5_omni,gemini_embedding_2,0,0,0,0
3425,7:3426,unresolved,unresolved,multimodal_needed,Is less colorful and has more buttons and it is white with no pocket.,mbeir_images/fashioniq_images/B00BJO34NG.jpg,7:26050,20,21,418,gme_qwen2vl_retriever_2,e5_omni,e5_omni,0,0,0,0
3426,7:3427,composition_required,composition_required,multimodal_needed,Is a tank top with a simpler graphic in a darker color and is darker with no sleeves.,mbeir_images/fashioniq_images/B005BSLCWQ.jpg,7:69077,1,64,22,gme_qwen2vl_retriever_2,lamra,mmembed,9,0,0,0
3428,7:3429,composition_required,composition_required,multimodal_needed,Is blue and is more blue.,mbeir_images/fashioniq_images/B00599EYZY.jpg,7:70869,2,542,13,gme_qwen2vl_retriever_2,lamra,qwen3vl2b_vllm,5,0,0,0
3430,7:3431,composition_required,composition_required,multimodal_needed,Is grey with a different logo and has a lighter color.,mbeir_images/fashioniq_images/B009ADCOP2.jpg,7:47068,2,138,19,lamra,vlm2vec_v2,voyage_multimodal_35,7,0,0,0
3432,7:3433,unresolved,unresolved,multimodal_needed,Has a gray color with big art and is light gray.,mbeir_images/fashioniq_images/B0054PCK4U.jpg,7:63106,250,230,7491,lamra,lamra,voyage_multimodal_35,0,0,0,0
3434,7:3435,unresolved,unresolved,multimodal_needed,The shirt is gray with long sleeves and is darker and has longer sleeves.,mbeir_images/fashioniq_images/B00637KYVY.jpg,7:70713,1858,242,2006,voyage_multimodal_35,gemini_embedding_2,gemini_embedding_2,0,0,0,0
3435,7:3436,unresolved,unresolved,multimodal_needed,Is more colorful with no sleeves and has no sleeves.,mbeir_images/fashioniq_images/B0083Z6QDO.jpg,7:48410,31,182,32842,lamra,lamra,mmembed,0,0,0,0
3437,7:3438,composition_required,composition_required,multimodal_needed,Has short sleeves and an orange logo and has shorter sleeves and orange graphics.,mbeir_images/fashioniq_images/B004XWCRKC.jpg,7:44079,1,120,70,lamra,mmembed,rzen_embed,5,0,0,0
3438,7:3439,composition_required,composition_required,multimodal_needed,Is bright and has no bow-tie and is less formal.,mbeir_images/fashioniq_images/B0013KOIL8.jpg,7:28426,2,273,30,lamra,lamra,qwen3vl8b_vllm,4,0,0,0
3440,7:3441,composition_required,composition_required,multimodal_needed,Is darker and is colored purple.,mbeir_images/fashioniq_images/B005JFAIQ2.jpg,7:45839,10,1764,23,gme_qwen2vl_retriever_2,rzen_embed,,1,0,0,0
3441,7:3442,unresolved,unresolved,multimodal_needed,Is white and is white.,mbeir_images/fashioniq_images/B00DI9YY8O.jpg,7:4646,92,3157,3189,gme_qwen2vl_retriever_2,qwen3vl2b_vllm,voyage_multimodal_35,0,0,0,0
3443,7:3444,unresolved,unresolved,multimodal_needed,The desired product is blue and is blue with a photo and a t-shirt.,mbeir_images/fashioniq_images/B0088B8CM6.jpg,7:41751,1271,809,33341,lamra_qwen25vl,lamra,voyage_multimodal_35,0,0,0,0
3444,7:3445,composition_required,composition_required,multimodal_needed,Is lighter colored and is lighter and less graphic.,mbeir_images/fashioniq_images/B00BW9IQBS.jpg,7:16179,8,4451,11,e5_omni,e5_omni,qwen3vl8b_vllm,2,0,0,0
3445,7:3446,composition_required,composition_required,multimodal_needed,Has longer sleeves and less buttons and is blue with long sleeves.,mbeir_images/fashioniq_images/B000RZ3L68.jpg,7:73342,9,27,2891,lamra_qwen25vl,rzen_embed,e5_omni,2,0,0,0
3448,7:3449,unresolved,unresolved,multimodal_needed,Is a darker color and has no buttons and is darker and more casual.,mbeir_images/fashioniq_images/B007S41PRS.jpg,7:25742,67,242,2118,qwen3vl8b_vllm,e5_omni,gemini_embedding_2,0,0,0,0
3449,7:3450,unresolved,unresolved,multimodal_needed,Is brown and white plaid and is full of buttons and stripes.,mbeir_images/fashioniq_images/B00ATREDFC.jpg,7:39138,14,725,572,lamra,e5_omni,gme_qwen2vl_retriever_2,0,0,0,0
3450,7:3451,unresolved,unresolved,multimodal_needed,Is grey with buttons and is grey and buttoned.,mbeir_images/fashioniq_images/B00CJSA0L0.jpg,7:22598,40,409,138,mmembed,rzen_embed,voyage_multimodal_35,0,0,0,0
3451,7:3452,unresolved,unresolved,multimodal_needed,A blue tee with a phrase on it and is a dark grey in color.,mbeir_images/fashioniq_images/B001F23NH4.jpg,7:3055,15,195,28,lamra_qwen25vl,rzen_embed,qwen3vl2b_vllm,0,0,0,0
3452,7:3453,composition_required,composition_required,multimodal_needed,Is a purple colored shirt with textured art and is more feminine.,mbeir_images/fashioniq_images/B00A1W3NB0.jpg,7:37817,4,41,47,gme_qwen2vl_retriever_2,gme_qwen2vl_retriever_2,,3,0,0,0
3453,7:3454,unresolved,unresolved,multimodal_needed,Is black with short sleeves and is a dark T with a graphic.,mbeir_images/fashioniq_images/B007R78YK2.jpg,7:28752,1374,2761,15858,lamra,lamra_qwen25vl,gme_qwen2vl_retriever_2,0,0,0,0
3454,7:3455,composition_required,composition_required,multimodal_needed,Its has no sleeves and is darker color and is grey with no collar.,mbeir_images/fashioniq_images/B008QT38YW.jpg,7:20522,5,16,13162,lamra_qwen25vl,qwen3vl8b_vllm,vlm2vec_v2,3,0,0,0
3456,7:3457,unresolved,unresolved,multimodal_needed,Is dressier and less graphic and has a different person on the front.,mbeir_images/fashioniq_images/B008K1QJ5G.jpg,7:34120,10020,22355,12351,lamra,vlm2vec_v2,qwen3vl2b_vllm,0,0,0,0
3457,7:3458,composition_required,composition_required,multimodal_needed,This white t shirt has darker color and is white with image of men.,mbeir_images/fashioniq_images/B007P28IKK.jpg,7:72226,5,23,28,lamra_qwen25vl,rzen_embed,voyage_multimodal_35,1,0,0,0
3458,7:3459,unresolved,unresolved,multimodal_needed,Is less casual and longer sleeves and is lighter in color and has more buttons.,mbeir_images/fashioniq_images/B0076Z9GS4.jpg,7:73231,2795,3695,33279,mmembed,vlm2vec_v2,voyage_multimodal_35,0,0,0,0
3461,7:3462,unresolved,unresolved,multimodal_needed,Has no logo and is more wordy.,mbeir_images/fashioniq_images/B007TZ3DNA.jpg,7:52113,558,50,2286,lamra_qwen25vl,lamra_qwen25vl,vlm2vec_v2,0,0,0,0
3462,7:3463,composition_required,composition_required,multimodal_needed,Is red with prints on it and is busier pattern and fewer stripes.,mbeir_images/fashioniq_images/B00CAHM74S.jpg,7:64325,5,12,4360,lamra,gme_qwen2vl_retriever_2,lamra,2,0,0,0
3463,7:3464,unresolved,unresolved,multimodal_needed,Is light blue and also larger and is blue and has a white text logo.,mbeir_images/fashioniq_images/B00DG9ISYM.jpg,7:26463,37,214,160,gme_qwen2vl_retriever_2,lamra,gemini_embedding_2,0,0,0,0
3464,7:3465,unresolved,unresolved,multimodal_needed,Is lighter and more casual and is a white tee shirt.,mbeir_images/fashioniq_images/B000YHJDOI.jpg,7:45007,1157,882,18678,lamra_qwen25vl,lamra_qwen25vl,,0,0,0,0
3465,7:3466,unresolved,unresolved,multimodal_needed,Darker and has longer sleeves and is less detailed and darker in color.,mbeir_images/fashioniq_images/B00BIQ1XCE.jpg,7:34315,16,1942,61,gme_qwen2vl_retriever_2,rzen_embed,gme_qwen2vl_retriever_2,0,0,0,0
3467,7:3468,composition_required,composition_required,multimodal_needed,Is similar but grey and is shorter.,mbeir_images/fashioniq_images/B0002NZ11I.jpg,7:70096,10,951,179,lamra,gme_qwen2vl_retriever_2,lamra,1,0,0,0
3468,7:3469,unresolved,unresolved,multimodal_needed,Is lighter in color and is lighter.,mbeir_images/fashioniq_images/B0091V9DR0.jpg,7:31931,2188,8962,3485,gme_qwen2vl_retriever_2,gme_qwen2vl_retriever_2,,0,0,0,0
3469,7:3470,unresolved,unresolved,multimodal_needed,Is a denim button down shirt and is lighter in color and dressier.,mbeir_images/fashioniq_images/B009RVTT4G.jpg,7:53753,25,246,5457,lamra,rzen_embed,gemini_embedding_2,0,0,0,0
3470,7:3471,composition_required,composition_required,multimodal_needed,Has buttons and is short sleeved and it is checked and has a short sleeve.,mbeir_images/fashioniq_images/B0085IGAU8.jpg,7:63109,10,202,3415,gme_qwen2vl_retriever_2,mmembed,,1,0,0,0
3471,7:3472,unresolved,unresolved,multimodal_needed,Is more plain and monochromatic and is long-sleeved with Jack Daniels bottle logo on front.,mbeir_images/fashioniq_images/B007PVC4R4.jpg,7:41950,30,452,47,gemini_embedding_2,vlm2vec_v2,gemini_embedding_2,0,0,0,0
3472,7:3473,unresolved,unresolved,multimodal_needed,Has characters on it and it is blue.,mbeir_images/fashioniq_images/B0072701PS.jpg,7:3417,251,65,11748,qwen3vl2b_vllm,qwen3vl2b_vllm,gemini_embedding_2,0,0,0,0
3473,7:3474,unresolved,unresolved,multimodal_needed,Is black and short sleeved and has shorter sleeves.,mbeir_images/fashioniq_images/B008G0SU26.jpg,7:18855,25,4762,260,rzen_embed,mmembed,,0,0,0,0
3475,7:3476,unresolved,unresolved,multimodal_needed,Has a prominent slogan and is lighter colored and is blue with more sentences.,mbeir_images/fashioniq_images/B00542QOFE.jpg,7:35149,69,116,901,lamra,mmembed,,0,0,0,0
3476,7:3477,unresolved,unresolved,multimodal_needed,Is not as wordy and has more color and is shorter.,mbeir_images/fashioniq_images/B00F6S5GUK.jpg,7:69012,1752,9063,3156,lamra,e5_omni,lamra_qwen25vl,0,0,0,0
3480,7:3481,composition_required,composition_required,multimodal_needed,Is more colorful and casual and is a gray tshirt.,mbeir_images/fashioniq_images/B00261C2V6.jpg,7:31176,8,113,1900,lamra_qwen25vl,lamra_qwen25vl,lamra_qwen25vl,1,0,0,0
3481,7:3482,unresolved,unresolved,multimodal_needed,Is lighter with a different logo and is gray.,mbeir_images/fashioniq_images/B009VE8P1C.jpg,7:42049,178,3320,272,mmembed,lamra_qwen25vl,gemini_embedding_2,0,0,0,0
3482,7:3483,composition_required,composition_required,multimodal_needed,Buttons up and looks more presentable and is a grey button down.,mbeir_images/fashioniq_images/B004MDLAF0.jpg,7:72265,8,58,5344,lamra,vlm2vec_v2,voyage_multimodal_35,1,0,0,0
3483,7:3484,composition_required,composition_required,multimodal_needed,Has shorter sleeves and different graphic and is white and has shorter sleeves.,mbeir_images/fashioniq_images/B00CJSA0L0.jpg,7:32947,1,3001,62,gme_qwen2vl_retriever_2,gme_qwen2vl_retriever_2,qwen3vl8b_vllm,5,0,0,0
3484,7:3485,composition_required,composition_required,multimodal_needed,Has long sleeves and is dark purple and has long sleeve.,mbeir_images/fashioniq_images/B0085OZ8HS.jpg,7:56635,2,42,160,rzen_embed,rzen_embed,e5_omni,4,0,0,0
3486,7:3487,unresolved,unresolved,multimodal_needed,The shirt is black in color with white and black symbols and has short sleeves and no hood.,mbeir_images/fashioniq_images/B0067K5MNC.jpg,7:35620,61,295,952,gemini_embedding_2,gemini_embedding_2,gemini_embedding_2,0,0,0,0
3487,7:3488,composition_required,composition_required,multimodal_needed,Is lighter and is a lighter color.,mbeir_images/fashioniq_images/B003IB71I2.jpg,7:15901,9,8283,15,lamra_qwen25vl,lamra,,1,0,0,0
3488,7:3489,unresolved,unresolved,multimodal_needed,Its black and bigger writing and has more black and white.,mbeir_images/fashioniq_images/B005TL7L5W.jpg,7:39233,16,112,395,qwen3vl8b_vllm,qwen3vl8b_vllm,,0,0,0,0
3491,7:3492,composition_required,composition_required,multimodal_needed,Is darker and flower design stands out more and is darker.,mbeir_images/fashioniq_images/B004B7PMVK.jpg,7:60061,3,111,24,mmembed,gme_qwen2vl_retriever_2,vlm2vec_v2,6,0,0,0
3495,7:3496,composition_required,composition_required,multimodal_needed,Is stripped blue and has longer sleeves and is more business like.,mbeir_images/fashioniq_images/B0081SF8AU.jpg,7:17942,5,20,1816,gme_qwen2vl_retriever_2,gme_qwen2vl_retriever_2,vlm2vec_v2,2,0,0,0
3496,7:3497,composition_required,composition_required,multimodal_needed,Has shorter sleeves with a different graphic and has no sleeves and diffferent graphics.,mbeir_images/fashioniq_images/B00C2CZTYG.jpg,7:69503,1,36,40,lamra,mmembed,mmembed,7,0,0,0
3497,7:3498,unresolved,unresolved,multimodal_needed,Is a dress shirt and long sleeves and is lighter.,mbeir_images/fashioniq_images/B0089681FI.jpg,7:31566,34,471,222,rzen_embed,rzen_embed,gme_qwen2vl_retriever_2,0,0,0,0
3498,7:3499,unresolved,unresolved,multimodal_needed,Is black and is tighter.,mbeir_images/fashioniq_images/B0009MDF9W.jpg,7:53742,315,9268,1627,lamra_qwen25vl,mmembed,e5_omni,0,0,0,0
3501,7:3502,unresolved,unresolved,multimodal_needed,Is more blue and long-sleeve and is blue and has long sleeves.,mbeir_images/fashioniq_images/B001QL8NVA.jpg,7:11163,102,81,27281,lamra_qwen25vl,lamra_qwen25vl,mmembed,0,0,0,0
3502,7:3503,unresolved,unresolved,multimodal_needed,Is more black and less comical and is a darker color.,mbeir_images/fashioniq_images/B009H420K8.jpg,7:34358,424,1066,4694,lamra_qwen25vl,e5_omni,vlm2vec_v2,0,0,0,0
3503,7:3504,unresolved,unresolved,multimodal_needed,Button up with a collar and has a collar and more purple.,mbeir_images/fashioniq_images/B007APJQJY.jpg,7:73082,317,460,16517,lamra_qwen25vl,voyage_multimodal_35,gme_qwen2vl_retriever_2,0,0,0,0
3505,7:3506,unresolved,unresolved,multimodal_needed,Is all white and has shorter sleeves.,mbeir_images/fashioniq_images/B0063TRZD2.jpg,7:67009,17,803,2756,voyage_multimodal_35,e5_omni,e5_omni,0,0,0,0
3506,7:3507,unresolved,unresolved,multimodal_needed,Is a sleeveless black t-shirt and is black and has a different graphic.,mbeir_images/fashioniq_images/B003OPUWH4.jpg,7:67407,54,52,622,gme_qwen2vl_retriever_2,lamra,lamra,0,0,0,0
3507,7:3508,composition_required,composition_required,multimodal_needed,Is a blue short sleeved t-shirt and phrase saying motif and is dark blue and has text.,mbeir_images/fashioniq_images/B0081ST50O.jpg,7:67006,1,39,41,lamra,qwen3vl2b_vllm,gme_qwen2vl_retriever_2,8,0,0,0
3508,7:3509,unresolved,unresolved,multimodal_needed,Is more blue and wordy and is a blue T.,mbeir_images/fashioniq_images/B002PZHYQ6.jpg,7:68774,305,404,3815,mmembed,lamra,mmembed,0,0,0,0
3509,7:3510,composition_required,composition_required,multimodal_needed,Is gray and is darker.,mbeir_images/fashioniq_images/B006Q8U9D8.jpg,7:40049,3,584,12,qwen3vl8b_vllm,voyage_multimodal_35,,6,0,0,0
3513,7:3514,composition_required,composition_required,multimodal_needed,Has a vintage logo on a green shirt and is wrinkled and have a different picture.,mbeir_images/fashioniq_images/B007IJZ2KO.jpg,7:24926,8,46,21,lamra,vlm2vec_v2,rzen_embed,3,0,0,0
3515,7:3516,composition_required,composition_required,multimodal_needed,Is red and has more design.,mbeir_images/fashioniq_images/B003X46ZKO.jpg,7:4911,1,1538,69,lamra_qwen25vl,lamra,gemini_embedding_2,3,0,0,0
3516,7:3517,unresolved,unresolved,multimodal_needed,Has less color and is black with white logo.,mbeir_images/fashioniq_images/B004YOAT9A.jpg,7:13441,2015,424,7867,mmembed,gemini_embedding_2,lamra_qwen25vl,0,0,0,0
3521,7:3522,unresolved,unresolved,multimodal_needed,Is yellow lettering and is more yellow and has more graphics.,mbeir_images/fashioniq_images/B009RUTFV4.jpg,7:25057,66,128,200,lamra_qwen25vl,gemini_embedding_2,vlm2vec_v2,0,0,0,0
3522,7:3523,composition_required,composition_required,multimodal_needed,Is darker and has u shaped neck and is black with white logo.,mbeir_images/fashioniq_images/B00DYA9R5M.jpg,7:59270,8,1845,53,rzen_embed,voyage_multimodal_35,gemini_embedding_2,3,0,0,0
3523,7:3524,unresolved,unresolved,multimodal_needed,Is outerwear with longer sleeves and is blue with longer sleeves.,mbeir_images/fashioniq_images/B0083WQ3MQ.jpg,7:1122,47,14,11545,lamra_qwen25vl,vlm2vec_v2,,0,0,0,0
3525,7:3526,composition_required,composition_required,multimodal_needed,Is stripped black and white vertically and is white and has stripes.,mbeir_images/fashioniq_images/B007IE40W0.jpg,7:56029,4,13,82,qwen3vl8b_vllm,qwen3vl2b_vllm,e5_omni,3,0,0,0
3526,7:3527,composition_required,composition_required,multimodal_needed,Is denim material and is denim and more plain.,mbeir_images/fashioniq_images/B007SA6SZQ.jpg,7:32320,5,82,608,voyage_multimodal_35,voyage_multimodal_35,lamra_qwen25vl,3,0,0,0
3529,7:3530,unresolved,unresolved,multimodal_needed,Is less casual with long sleeves and it has a long sleeve.,mbeir_images/fashioniq_images/B00AAQT6ZY.jpg,7:34336,19,8472,253,voyage_multimodal_35,voyage_multimodal_35,,0,0,0,0
3534,7:3535,unresolved,unresolved,multimodal_needed,Is green and is more multi colored.,mbeir_images/fashioniq_images/B009T5NMS4.jpg,7:9502,19,818,117,lamra_qwen25vl,rzen_embed,,0,0,0,0
3535,7:3536,composition_required,composition_required,multimodal_needed,Has colors and has blue.,mbeir_images/fashioniq_images/B005KB7QSS.jpg,7:61194,7,115,828,qwen3vl2b_vllm,gemini_embedding_2,,1,0,0,0
3537,7:3538,composition_required,composition_required,multimodal_needed,Is more minimalist and is mainly plan brown with small amount white trim.,mbeir_images/fashioniq_images/B00BYQDJH0.jpg,7:50013,1,433,234,lamra,voyage_multimodal_35,gme_qwen2vl_retriever_2,4,0,0,0
3538,7:3539,unresolved,unresolved,multimodal_needed,Is long sleeved and yellow and is lighter and has longer sleeves.,mbeir_images/fashioniq_images/B000MYC2YG.jpg,7:47878,69,127,26988,rzen_embed,rzen_embed,voyage_multimodal_35,0,0,0,0
3539,7:3540,composition_required,composition_required,multimodal_needed,Has a graphic and a feminist slogan and has larger graphics on it.,mbeir_images/fashioniq_images/B00C51HF46.jpg,7:67811,5,79,127,lamra,qwen3vl8b_vllm,voyage_multimodal_35,2,0,0,0
3541,7:3542,unresolved,unresolved,multimodal_needed,Is more segmented and is longer and has more colors in it.,mbeir_images/fashioniq_images/B00BFTS1DI.jpg,7:56423,235,117,11919,rzen_embed,e5_omni,e5_omni,0,0,0,0
3544,7:3545,unresolved,unresolved,multimodal_needed,Is black with hwhite designs and black with white lettering and drawing figure.,mbeir_images/fashioniq_images/B0086F6HIK.jpg,7:46392,1271,354,1738,lamra,vlm2vec_v2,e5_omni,0,0,0,0
3545,7:3546,unresolved,unresolved,multimodal_needed,Is more of a solid color and lighter and is lighter.,mbeir_images/fashioniq_images/B00398WXHI.jpg,7:63819,2544,1324,21854,lamra_qwen25vl,voyage_multimodal_35,vlm2vec_v2,0,0,0,0
3547,7:3548,composition_required,composition_required,multimodal_needed,Is yellow and is lighter.,mbeir_images/fashioniq_images/B002N8P7MI.jpg,7:50744,3,35,138,rzen_embed,mmembed,gemini_embedding_2,9,0,0,0
3548,7:3549,unresolved,unresolved,multimodal_needed,Has short sleeves and is lavender with shorter sleeves.,mbeir_images/fashioniq_images/B004R1NSL6.jpg,7:53774,49,269,4232,lamra,qwen3vl2b_vllm,,0,0,0,0
3549,7:3550,unresolved,unresolved,multimodal_needed,Is long sleeved with a plaid colorful print and is more multi colored.,mbeir_images/fashioniq_images/B00DU9IRGC.jpg,7:63068,93,111,14745,vlm2vec_v2,e5_omni,e5_omni,0,0,0,0
3551,7:3552,unresolved,unresolved,multimodal_needed,Is less casual and has more buttons and is more formal.,mbeir_images/fashioniq_images/B00C40R3FY.jpg,7:47017,1036,1686,2066,lamra,lamra,,0,0,0,0
3553,7:3554,composition_required,composition_required,multimodal_needed,Is more casual and black and white and is a black and white tshirt.,mbeir_images/fashioniq_images/B003AU61WI.jpg,7:27506,7,49,8141,lamra_qwen25vl,mmembed,gemini_embedding_2,2,0,0,0
3554,7:3555,unresolved,unresolved,multimodal_needed,The shirt is blue with white writing and is lighter.,mbeir_images/fashioniq_images/B004BOV7DK.jpg,7:46883,37,257,15138,qwen3vl2b_vllm,lamra_qwen25vl,voyage_multimodal_35,0,0,0,0
3556,7:3557,unresolved,unresolved,multimodal_needed,Has longer sleeves and is lighter in color and is much lighter in color.,mbeir_images/fashioniq_images/B005LBXRWQ.jpg,7:51205,45,2226,1361,rzen_embed,vlm2vec_v2,e5_omni,0,0,0,0
3559,7:3560,unresolved,unresolved,multimodal_needed,Is political and is black and different phrase.,mbeir_images/fashioniq_images/B006ZZV0L2.jpg,7:22549,280,232,1295,gme_qwen2vl_retriever_2,gme_qwen2vl_retriever_2,gemini_embedding_2,0,0,0,0
3561,7:3562,unresolved,unresolved,multimodal_needed,Is gray with black words and is a lighter grey color.,mbeir_images/fashioniq_images/B0042AOT8S.jpg,7:17757,50,285,108,mmembed,qwen3vl8b_vllm,mmembed,0,0,0,0
3562,7:3563,unresolved,unresolved,multimodal_needed,Is blue with a collar or buttons and is less formal.,mbeir_images/fashioniq_images/B0042VK7GA.jpg,7:61140,345,1751,7645,lamra,gemini_embedding_2,gemini_embedding_2,0,0,0,0
3564,7:3565,unresolved,unresolved,multimodal_needed,A light colored button down dress shirt and is more formal.,mbeir_images/fashioniq_images/B00BBSZEQ0.jpg,7:21243,20,309,4121,mmembed,rzen_embed,voyage_multimodal_35,0,0,0,0
3566,7:3567,unresolved,unresolved,multimodal_needed,Is brighter and less formal and is a lighter blue without a tie.,mbeir_images/fashioniq_images/B007OXCG1C.jpg,7:34047,36,133,374,gemini_embedding_2,gemini_embedding_2,e5_omni,0,0,0,0
3567,7:3568,unresolved,unresolved,multimodal_needed,Has no sleeves and it has no sleeve and it is more colorful.,mbeir_images/fashioniq_images/B00AK46JK6.jpg,7:20121,12,2418,1122,gme_qwen2vl_retriever_2,gme_qwen2vl_retriever_2,,0,0,0,0
3568,7:3569,composition_required,composition_required,multimodal_needed,Is gray with black designs and is blue gray colored.,mbeir_images/fashioniq_images/B00F3KMWX0.jpg,7:44667,3,1995,32,mmembed,mmembed,mmembed,2,0,0,0
3569,7:3570,unresolved,unresolved,multimodal_needed,Is a larger bright t-shirt and has a white and black pattern.,mbeir_images/fashioniq_images/B00DQDA9HC.jpg,7:29532,14,13,5391,qwen3vl2b_vllm,lamra,voyage_multimodal_35,0,0,0,0
3571,7:3572,composition_required,composition_required,multimodal_needed,Is green and a green shirt with white letters.,mbeir_images/fashioniq_images/B0083Z6QDO.jpg,7:14237,2,23,207,vlm2vec_v2,vlm2vec_v2,qwen3vl8b_vllm,3,0,0,0
3572,7:3573,unresolved,unresolved,multimodal_needed,Has a different logo and is more faded.,mbeir_images/fashioniq_images/B0028TS5X0.jpg,7:36125,167,5903,118,gme_qwen2vl_retriever_2,gemini_embedding_2,gme_qwen2vl_retriever_2,0,0,0,0
3573,7:3574,unresolved,unresolved,multimodal_needed,Is gray and loose with red lettering and a grey shirt with red letters on front.,mbeir_images/fashioniq_images/B009P8QMWS.jpg,7:8022,58,129,11453,lamra,lamra,qwen3vl2b_vllm,0,0,0,0
3574,7:3575,unresolved,unresolved,multimodal_needed,Has a smaller photo and is more fitted an has less graphics.,mbeir_images/fashioniq_images/B002BOHPNS.jpg,7:31572,196,7630,385,gemini_embedding_2,lamra,rzen_embed,0,0,0,0
3575,7:3576,unresolved,unresolved,multimodal_needed,Is black in color with a v neck and a black buttoned shirt with white letters on one side.,mbeir_images/fashioniq_images/B003TWOPKW.jpg,7:71365,16,123,540,rzen_embed,vlm2vec_v2,gemini_embedding_2,0,0,0,0
3577,7:3578,unresolved,unresolved,multimodal_needed,Is lighter and is much lighter in color.,mbeir_images/fashioniq_images/B0088YPBA4.jpg,7:39564,121,3464,1010,mmembed,voyage_multimodal_35,vlm2vec_v2,0,0,0,0
3578,7:3579,composition_required,composition_required,multimodal_needed,Lighter color and a white shirt with black pattern on bottom.,mbeir_images/fashioniq_images/B0096UD3FO.jpg,7:74149,2,534,70,qwen3vl8b_vllm,lamra_qwen25vl,,4,0,0,0
3579,7:3580,unresolved,unresolved,multimodal_needed,Is shorter and is darker in color.,mbeir_images/fashioniq_images/B00BLL7CB2.jpg,7:37974,2521,7437,3072,qwen3vl2b_vllm,qwen3vl2b_vllm,qwen3vl2b_vllm,0,0,0,0
3580,7:3581,unresolved,unresolved,multimodal_needed,Brighter plaid print and is lighter colored and shorter.,mbeir_images/fashioniq_images/B0015GMX80.jpg,7:19507,13,132,136,gme_qwen2vl_retriever_2,e5_omni,vlm2vec_v2,0,0,0,0
3581,7:3582,composition_required,composition_required,multimodal_needed,Is white in color and is white and stylish.,mbeir_images/fashioniq_images/B001H0F2J6.jpg,7:26730,2,2285,77,e5_omni,e5_omni,voyage_multimodal_35,10,0,0,0
3583,7:3584,unresolved,unresolved,multimodal_needed,Is more charcoal and is more black.,mbeir_images/fashioniq_images/B00DQDA9HC.jpg,7:55778,2580,11274,4767,gme_qwen2vl_retriever_2,e5_omni,vlm2vec_v2,0,0,0,0
3584,7:3585,unresolved,unresolved,multimodal_needed,Has a print and is darker colored and it is checked and has pocket.,mbeir_images/fashioniq_images/B008VPIL52.jpg,7:25412,13,394,112,lamra,mmembed,,0,0,0,0
3585,7:3586,composition_required,composition_required,multimodal_needed,Is a gray long sleeve and is gray and long sleeved.,mbeir_images/fashioniq_images/B00EAP7JAK.jpg,7:13753,7,125,1009,qwen3vl8b_vllm,vlm2vec_v2,,1,0,0,0
3586,7:3587,unresolved,unresolved,multimodal_needed,Has zombie face print on inside and is more emo.,mbeir_images/fashioniq_images/B00641VADU.jpg,7:58279,5076,3740,6795,lamra_qwen25vl,lamra_qwen25vl,lamra_qwen25vl,0,0,0,0
3587,7:3588,unresolved,unresolved,multimodal_needed,Is dark colored and is darker.,mbeir_images/fashioniq_images/B002UQJENQ.jpg,7:65815,836,5631,1855,lamra,qwen3vl2b_vllm,lamra,0,0,0,0
3588,7:3589,unresolved,unresolved,multimodal_needed,Is similar but brighter and is white with longer sleeves.,mbeir_images/fashioniq_images/B0085OX8LQ.jpg,7:47695,13,1573,173,vlm2vec_v2,voyage_multimodal_35,vlm2vec_v2,0,0,0,0
3589,7:3590,composition_required,composition_required,multimodal_needed,Has different pattern and has more brown in it.,mbeir_images/fashioniq_images/B0089681FI.jpg,7:14218,1,919,104,gme_qwen2vl_retriever_2,vlm2vec_v2,voyage_multimodal_35,7,0,0,0
3590,7:3591,composition_required,composition_required,multimodal_needed,Is white with orange designs and is lighter.,mbeir_images/fashioniq_images/B004REC7ZQ.jpg,7:72770,1,1288,14,mmembed,voyage_multimodal_35,,3,0,0,0
3593,7:3594,unresolved,unresolved,multimodal_needed,A short sleeve darker colored tee shirt and is more colourfull.,mbeir_images/fashioniq_images/B003H8KK0M.jpg,7:63527,15,375,213,gme_qwen2vl_retriever_2,voyage_multimodal_35,,0,0,0,0
3594,7:3595,unresolved,unresolved,multimodal_needed,Is lighter and is more plain.,mbeir_images/fashioniq_images/B003OPUWH4.jpg,7:43297,42,16495,26,qwen3vl8b_vllm,lamra,qwen3vl8b_vllm,0,0,0,0
3595,7:3596,unresolved,unresolved,multimodal_needed,Has a different graphic on the front and has a patriotic graphic.,mbeir_images/fashioniq_images/B004QDCRZS.jpg,7:51852,14,64,983,e5_omni,qwen3vl2b_vllm,lamra,0,0,0,0
3596,7:3597,unresolved,unresolved,multimodal_needed,Has a different logo and is bold and less graphic.,mbeir_images/fashioniq_images/B008D6Q7DC.jpg,7:26893,287,8207,270,gemini_embedding_2,qwen3vl2b_vllm,gme_qwen2vl_retriever_2,0,0,0,0
3598,7:3599,unresolved,unresolved,multimodal_needed,The shirt is gray with white writing and is darker with white words.,mbeir_images/fashioniq_images/B00CLCHVSY.jpg,7:60748,67,31,3863,lamra,lamra,qwen3vl8b_vllm,0,0,0,0
3599,7:3600,composition_required,composition_required,multimodal_needed,Is red colored with minimal art and is orange.,mbeir_images/fashioniq_images/B004QDCRZS.jpg,7:26466,1,44,36,voyage_multimodal_35,gme_qwen2vl_retriever_2,,10,0,0,0
3604,7:3605,unresolved,unresolved,multimodal_needed,Is more blue and less casual and is a dress shirt.,mbeir_images/fashioniq_images/B003B2KVCQ.jpg,7:2459,83,86,5528,qwen3vl8b_vllm,qwen3vl8b_vllm,vlm2vec_v2,0,0,0,0
3605,7:3606,unresolved,unresolved,multimodal_needed,Is less formal and has designs and has a different fabric that is finer.,mbeir_images/fashioniq_images/B0032HJXKG.jpg,7:58301,1873,15837,2630,voyage_multimodal_35,gme_qwen2vl_retriever_2,,0,0,0,0
3606,7:3607,unresolved,unresolved,multimodal_needed,Is black and it is black.,mbeir_images/fashioniq_images/B0038OVKR2.jpg,7:23621,52,1891,58,lamra,gemini_embedding_2,lamra,0,0,0,0
3607,7:3608,composition_required,composition_required,multimodal_needed,Is similar but with shorter sleeves and is more white with shorter sleeves.,mbeir_images/fashioniq_images/B004R1CKX8.jpg,7:44767,1,7726,11,qwen3vl8b_vllm,mmembed,vlm2vec_v2,10,0,0,0
3608,7:3609,unresolved,unresolved,multimodal_needed,Is gray with checkered button down shirt and is more formal.,mbeir_images/fashioniq_images/B007LVJSW2.jpg,7:65145,11,64,1046,e5_omni,e5_omni,qwen3vl2b_vllm,0,0,0,0
3610,7:3611,unresolved,unresolved,multimodal_needed,Is the same and is darker in color.,mbeir_images/fashioniq_images/B004KV0604.jpg,7:40132,28,1377,26,gemini_embedding_2,e5_omni,gemini_embedding_2,0,0,0,0
3611,7:3612,unresolved,unresolved,multimodal_needed,Has a darker color with a print tie and is more colorful.,mbeir_images/fashioniq_images/B00008JPSN.jpg,7:13266,29,187,21,,lamra_qwen25vl,lamra,0,0,0,0
3614,7:3615,unresolved,unresolved,multimodal_needed,Has longer sleeves with buttons and a collar and is more formal.,mbeir_images/fashioniq_images/B00DNI5GI2.jpg,7:55768,59,1237,203,lamra,lamra,qwen3vl2b_vllm,0,0,0,0
3617,7:3618,composition_required,composition_required,multimodal_needed,This is a darker colored striped shirt with no tie and less professional and more striped.,mbeir_images/fashioniq_images/B00AZLZ8UQ.jpg,7:9936,1,61,441,voyage_multimodal_35,voyage_multimodal_35,vlm2vec_v2,1,0,0,0
3618,7:3619,unresolved,unresolved,multimodal_needed,Is white and button down and face tan.,mbeir_images/fashioniq_images/B008LK7CAW.jpg,7:3814,195,20,1444,qwen3vl2b_vllm,vlm2vec_v2,vlm2vec_v2,0,0,0,0
3619,7:3620,unresolved,unresolved,multimodal_needed,Has sleeves and is plainer and has more grey.,mbeir_images/fashioniq_images/B00CPS2NE6.jpg,7:51823,1824,553,7381,qwen3vl8b_vllm,mmembed,voyage_multimodal_35,0,0,0,0
3620,7:3621,unresolved,unresolved,multimodal_needed,Has shorter sleeves and is darker.,mbeir_images/fashioniq_images/B0054419WA.jpg,7:2985,33,1367,532,mmembed,mmembed,mmembed,0,0,0,0
3622,7:3623,unresolved,unresolved,multimodal_needed,Is lighter and has a different graphic and is light colored with a different graphic.,mbeir_images/fashioniq_images/B008435IOI.jpg,7:48246,71,507,5810,qwen3vl8b_vllm,vlm2vec_v2,,0,0,0,0
3624,7:3625,unresolved,unresolved,multimodal_needed,Has a smaller image and text and a black shirt with white letters on front.,mbeir_images/fashioniq_images/B007VPMP8C.jpg,7:71990,394,3016,136,gme_qwen2vl_retriever_2,lamra_qwen25vl,lamra,0,0,0,0
3626,7:3627,unresolved,unresolved,multimodal_needed,Is black with yellow letters and has no color.,mbeir_images/fashioniq_images/B00A4LC2II.jpg,7:53419,1173,1346,926,mmembed,lamra_qwen25vl,mmembed,0,0,0,0
3627,7:3628,composition_required,composition_required,multimodal_needed,Is black and has a woman on it and is darker.,mbeir_images/fashioniq_images/B00DR4IZTE.jpg,7:3901,6,62,5810,lamra_qwen25vl,rzen_embed,voyage_multimodal_35,1,0,0,0
3629,7:3630,unresolved,unresolved,multimodal_needed,Is black with a larger logo and is black in color and has a larger graphic.,mbeir_images/fashioniq_images/B00861KWY4.jpg,7:33863,995,1818,8982,lamra,lamra_qwen25vl,voyage_multimodal_35,0,0,0,0
3632,7:3633,unresolved,unresolved,multimodal_needed,Is darker with white and yellow lettering and has more writing and is more black in colour.,mbeir_images/fashioniq_images/B00G6UFA94.jpg,7:26562,70,16,8132,rzen_embed,lamra,mmembed,0,0,0,0
3633,7:3634,unresolved,unresolved,multimodal_needed,Is white and is lighter colored and has shorter sleeves.,mbeir_images/fashioniq_images/B001FBQ8L8.jpg,7:18844,16,204,582,gme_qwen2vl_retriever_2,qwen3vl2b_vllm,,0,0,0,0
3635,7:3636,unresolved,unresolved,multimodal_needed,Is blue and has a graphic and has no collar and is dark blue.,mbeir_images/fashioniq_images/B009G0SO62.jpg,7:16747,48,56,17342,lamra,lamra,qwen3vl2b_vllm,0,0,0,0
3636,7:3637,unresolved,unresolved,multimodal_needed,Tighter and black and is black.,mbeir_images/fashioniq_images/B002RCLYEK.jpg,7:30674,178,1032,2483,qwen3vl8b_vllm,lamra,,0,0,0,0
3637,7:3638,composition_required,composition_required,multimodal_needed,Is more striped and colorful and has multiple colours including red.,mbeir_images/fashioniq_images/B006C25WGM.jpg,7:74265,4,192,199,lamra,rzen_embed,qwen3vl8b_vllm,4,0,0,0
3638,7:3639,composition_required,composition_required,multimodal_needed,Is red and has a different logo and is grey.,mbeir_images/fashioniq_images/B00CLZVGAA.jpg,7:7370,2,377,785,lamra_qwen25vl,lamra_qwen25vl,gemini_embedding_2,2,0,0,0
3642,7:3643,unresolved,unresolved,multimodal_needed,Is a blue button down and is more blue.,mbeir_images/fashioniq_images/B007T4JJ5W.jpg,7:30269,117,67,1916,qwen3vl2b_vllm,e5_omni,,0,0,0,0
3643,7:3644,composition_required,composition_required,multimodal_needed,Is red and has long sleeves and has longer sleeves.,mbeir_images/fashioniq_images/B00GOGK2SO.jpg,7:48129,1,126,37,gme_qwen2vl_retriever_2,qwen3vl2b_vllm,,8,0,0,0
3644,7:3645,composition_required,composition_required,multimodal_needed,Bright pink shirt and is has a lighter color.,mbeir_images/fashioniq_images/B00B7SA29S.jpg,7:26127,5,112,116,qwen3vl2b_vllm,qwen3vl2b_vllm,gemini_embedding_2,3,0,0,0
3645,7:3646,composition_required,composition_required,multimodal_needed,Is darker colored with text and is darker.,mbeir_images/fashioniq_images/B008T3V1YO.jpg,7:71511,2,9618,23,qwen3vl8b_vllm,mmembed,gemini_embedding_2,5,0,0,0
3646,7:3647,composition_required,composition_required,multimodal_needed,Is darker and is grey colored.,mbeir_images/fashioniq_images/B002O17HOU.jpg,7:48675,3,2401,50,lamra,qwen3vl2b_vllm,voyage_multimodal_35,4,0,0,0
3648,7:3649,unresolved,unresolved,multimodal_needed,Does not a collar and is blue and not collared.,mbeir_images/fashioniq_images/B0002DQSS8.jpg,7:4285,20,83,352,gemini_embedding_2,mmembed,gemini_embedding_2,0,0,0,0
3649,7:3650,unresolved,unresolved,multimodal_needed,Is a button down with a plaid pattern and has a checkered pattern.,mbeir_images/fashioniq_images/B00CUA9J5A.jpg,7:73792,30,634,2027,rzen_embed,vlm2vec_v2,,0,0,0,0
3650,7:3651,composition_required,composition_required,multimodal_needed,Is light blue but plain and is longer and one color.,mbeir_images/fashioniq_images/B003BWRJ1C.jpg,7:52328,9,2482,1759,gme_qwen2vl_retriever_2,e5_omni,,1,0,0,0
3653,7:3654,unresolved,unresolved,multimodal_needed,Has shorter sleeves and has less black color.,mbeir_images/fashioniq_images/B006WFFTTO.jpg,7:45429,185,973,324,rzen_embed,gemini_embedding_2,,0,0,0,0
3655,7:3656,unresolved,unresolved,multimodal_needed,Is a white shirt with a message and has black.,mbeir_images/fashioniq_images/B000BO1R2K.jpg,7:40575,210,100,270,lamra,lamra,lamra_qwen25vl,0,0,0,0
3656,7:3657,unresolved,unresolved,multimodal_needed,Is black with image of inverted triangle and is darker.,mbeir_images/fashioniq_images/B00CNE6EEW.jpg,7:44630,19,96,165,qwen3vl2b_vllm,qwen3vl2b_vllm,e5_omni,0,0,0,0
3657,7:3658,unresolved,unresolved,multimodal_needed,Is a darker t shirt with no buttons and is a printed t shirt.,mbeir_images/fashioniq_images/B002CMLPNK.jpg,7:12180,507,714,2588,e5_omni,vlm2vec_v2,e5_omni,0,0,0,0
3659,7:3660,composition_required,composition_required,multimodal_needed,Is white less color and is white.,mbeir_images/fashioniq_images/B0013FPI8K.jpg,7:48783,1,802,53,lamra,vlm2vec_v2,,8,0,0,0
3662,7:3663,unresolved,unresolved,multimodal_needed,Has bottons and is black and is lighter.,mbeir_images/fashioniq_images/B005GL63X6.jpg,7:30358,658,816,11756,qwen3vl8b_vllm,qwen3vl2b_vllm,voyage_multimodal_35,0,0,0,0
3667,7:3668,unresolved,unresolved,multimodal_needed,Has a different graphic and is nerdier.,mbeir_images/fashioniq_images/B00CIYDP94.jpg,7:37127,58,471,54,gemini_embedding_2,rzen_embed,rzen_embed,0,0,0,0
3669,7:3670,composition_required,composition_required,multimodal_needed,Is lighter and is grey with short sleeves.,mbeir_images/fashioniq_images/B0054I421G.jpg,7:60847,1,90,53,gemini_embedding_2,voyage_multimodal_35,voyage_multimodal_35,8,0,0,0
3671,7:3672,unresolved,unresolved,multimodal_needed,Is shinier and is a blue button down.,mbeir_images/fashioniq_images/B004CR4ZC6.jpg,7:51326,301,87,793,vlm2vec_v2,vlm2vec_v2,lamra_qwen25vl,0,0,0,0
3672,7:3673,composition_required,composition_required,multimodal_needed,Green and not a logo and is green and is more flowy.,mbeir_images/fashioniq_images/B004QQ5IMO.jpg,7:31367,7,444,435,lamra,qwen3vl2b_vllm,voyage_multimodal_35,1,0,0,0
3673,7:3674,unresolved,unresolved,multimodal_needed,Is a white vest and has no sleeves.,mbeir_images/fashioniq_images/B00AJJJPNA.jpg,7:51513,33,61,16262,lamra,lamra,rzen_embed,0,0,0,0
3674,7:3675,composition_required,composition_required,multimodal_needed,Are denim pants and is denim and are jeans.,mbeir_images/fashioniq_images/B007JR83CE.jpg,7:22953,4,12,15348,mmembed,mmembed,qwen3vl8b_vllm,4,0,0,0
3675,7:3676,unresolved,unresolved,multimodal_needed,Is black with white logo and islighter.,mbeir_images/fashioniq_images/B006TG84O8.jpg,7:61369,246,3047,199,lamra,lamra_qwen25vl,vlm2vec_v2,0,0,0,0
3677,7:3678,composition_required,composition_required,multimodal_needed,Is a darker color and similar print and is red and has white lines.,mbeir_images/fashioniq_images/B009ZC3SAS.jpg,7:24139,1,228,26,gme_qwen2vl_retriever_2,qwen3vl2b_vllm,gemini_embedding_2,10,0,0,0
3679,7:3680,unresolved,unresolved,multimodal_needed,Is a striped shirt with short sleeves and it has a short sleeve and has no collar.,mbeir_images/fashioniq_images/B005NK3GCG.jpg,7:8780,117,11,505,lamra_qwen25vl,mmembed,e5_omni,0,0,0,0
3680,7:3681,unresolved,unresolved,multimodal_needed,Has a orange snake and has a different graphic.,mbeir_images/fashioniq_images/B0048KZ3FU.jpg,7:30718,11,19,1216,lamra,lamra_qwen25vl,rzen_embed,0,0,0,0
3682,7:3683,composition_required,composition_required,multimodal_needed,Has long sleeves and is darker and has longer sleeves.,mbeir_images/fashioniq_images/B006XD31RC.jpg,7:61829,3,164,189,mmembed,e5_omni,mmembed,7,0,0,0
3685,7:3686,unresolved,unresolved,multimodal_needed,It is a buttoned shirt and black with buttons and a collar.,mbeir_images/fashioniq_images/B005CXDOA8.jpg,7:32706,310,223,15194,lamra_qwen25vl,vlm2vec_v2,lamra,0,0,0,0
3686,7:3687,unresolved,unresolved,multimodal_needed,Has a logo with multiple personages and is more colorful with a larger logo.,mbeir_images/fashioniq_images/B00BOHU9ZE.jpg,7:17480,32,224,82,lamra_qwen25vl,rzen_embed,mmembed,0,0,0,0
3687,7:3688,composition_required,composition_required,multimodal_needed,Has a more simple graphic on the front and is grey and one large circle as logo.,mbeir_images/fashioniq_images/B001E2038M.jpg,7:30156,1,36,170,lamra_qwen25vl,lamra_qwen25vl,voyage_multimodal_35,6,0,0,0
3688,7:3689,unresolved,unresolved,multimodal_needed,Has a white crossed pattern and is darker blue with white logo.,mbeir_images/fashioniq_images/B0093OQREM.jpg,7:61486,77,70,2442,mmembed,qwen3vl2b_vllm,gemini_embedding_2,0,0,0,0
3689,7:3690,composition_required,composition_required,multimodal_needed,Is a green t shirt with a light material and is more colorful.,mbeir_images/fashioniq_images/B00B7SA29S.jpg,7:36372,2,285,66,lamra,e5_omni,,3,0,0,0
3691,7:3692,unresolved,unresolved,multimodal_needed,Darker blue with checks and is darker.,mbeir_images/fashioniq_images/B003XMOFP8.jpg,7:3950,23,146,50,gme_qwen2vl_retriever_2,gme_qwen2vl_retriever_2,lamra,0,0,0,0
3692,7:3693,unresolved,unresolved,multimodal_needed,Is blue and has a bit logo and is blue color.,mbeir_images/fashioniq_images/B003MSNCM0.jpg,7:50323,573,724,19042,qwen3vl8b_vllm,lamra,lamra_qwen25vl,0,0,0,0
3693,7:3694,unresolved,unresolved,multimodal_needed,Is brown in color and is darker and more masculine.,mbeir_images/fashioniq_images/B004UJ14FM.jpg,7:2739,45,88,730,lamra_qwen25vl,lamra_qwen25vl,qwen3vl8b_vllm,0,0,0,0
3694,7:3695,unresolved,unresolved,multimodal_needed,Is light black colored with a different text and has a different saying.,mbeir_images/fashioniq_images/B001CFA16A.jpg,7:20819,29,1396,37,lamra_qwen25vl,gemini_embedding_2,lamra_qwen25vl,0,0,0,0
3695,7:3696,unresolved,unresolved,multimodal_needed,Is less formal and bright and is a T in blue with white logo on the front.,mbeir_images/fashioniq_images/B004CS0IZS.jpg,7:4848,43,193,26432,lamra,qwen3vl8b_vllm,qwen3vl8b_vllm,0,0,0,0
3696,7:3697,unresolved,unresolved,multimodal_needed,Has more buttons and black with white bottons.,mbeir_images/fashioniq_images/B00CQLJ1Y2.jpg,7:1656,91,185,118,qwen3vl8b_vllm,rzen_embed,vlm2vec_v2,0,0,0,0
3697,7:3698,unresolved,unresolved,multimodal_needed,Is yellow and black and is more colorful.,mbeir_images/fashioniq_images/B003BAEVJ2.jpg,7:72696,19,23,10087,gme_qwen2vl_retriever_2,mmembed,gme_qwen2vl_retriever_2,0,0,0,0
3698,7:3699,unresolved,unresolved,multimodal_needed,Is a casual v-neck shirt with no buttons and has a v-neck and is more casual.,mbeir_images/fashioniq_images/B00AWA4RF2.jpg,7:34378,25,611,635,qwen3vl8b_vllm,qwen3vl8b_vllm,gme_qwen2vl_retriever_2,0,0,0,0
3704,7:3705,unresolved,unresolved,multimodal_needed,Is lighter colored and has a bigger graphic and is white colored and has a different graphic.,mbeir_images/fashioniq_images/B009QR94S2.jpg,7:66001,93,642,5243,lamra_qwen25vl,lamra_qwen25vl,gemini_embedding_2,0,0,0,0
3707,7:3708,composition_required,composition_required,multimodal_needed,Is bright red with collar and is more colorufl with less buttons.,mbeir_images/fashioniq_images/B007G03S2Y.jpg,7:40948,1,52,226,qwen3vl2b_vllm,vlm2vec_v2,qwen3vl8b_vllm,8,0,0,0
3708,7:3709,unresolved,unresolved,multimodal_needed,Has letters instead of pictures on it and it is more blue with simple design.,mbeir_images/fashioniq_images/B00CDT7FHM.jpg,7:67383,367,278,17072,lamra_qwen25vl,rzen_embed,lamra,0,0,0,0
3711,7:3712,composition_required,composition_required,multimodal_needed,Has a different print and desired item pictures motor vehicles.,mbeir_images/fashioniq_images/B005EJDQ0S.jpg,7:68838,2,142,12,gemini_embedding_2,gemini_embedding_2,qwen3vl8b_vllm,3,0,0,0
3712,7:3713,composition_required,composition_required,multimodal_needed,Has a star wars print on it and and has a different graphic.,mbeir_images/fashioniq_images/B003BP07R2.jpg,7:51925,8,55,81,e5_omni,qwen3vl2b_vllm,rzen_embed,1,0,0,0
3714,7:3715,unresolved,unresolved,multimodal_needed,Is light blue and striped and is more red.,mbeir_images/fashioniq_images/B00D7SXFS6.jpg,7:25590,4193,7404,5785,,qwen3vl2b_vllm,,0,0,0,0
3715,7:3716,unresolved,unresolved,multimodal_needed,Is slim fit and has letters on the decal.,mbeir_images/fashioniq_images/B003RW8XFW.jpg,7:61317,81,172,1321,lamra_qwen25vl,lamra_qwen25vl,qwen3vl8b_vllm,0,0,0,0
3716,7:3717,composition_required,composition_required,multimodal_needed,Is plaid and a white/red checkered long sleeved shirt.,mbeir_images/fashioniq_images/B00166XERS.jpg,7:6623,3,34,839,lamra,gemini_embedding_2,lamra,1,0,0,0
3717,7:3718,composition_required,composition_required,multimodal_needed,Has shorter sleeves and a tighter collar and has a yellow stripe and a crew neck.,mbeir_images/fashioniq_images/B0013WHNO0.jpg,7:58300,2,22,115,qwen3vl8b_vllm,qwen3vl8b_vllm,gme_qwen2vl_retriever_2,1,0,0,0
3718,7:3719,composition_required,composition_required,multimodal_needed,Is more colorful with sleeves and is more brightly colored.,mbeir_images/fashioniq_images/B00BJ90X7Q.jpg,7:68482,10,172,6815,lamra_qwen25vl,mmembed,gme_qwen2vl_retriever_2,1,0,0,0
3720,7:3721,unresolved,unresolved,multimodal_needed,Is more formal and is more formal.,mbeir_images/fashioniq_images/B00018A8ZI.jpg,7:5422,2993,6107,10217,mmembed,e5_omni,e5_omni,0,0,0,0
3722,7:3723,unresolved,unresolved,multimodal_needed,Is a long sleeved line patterned shirt and has longer sleeves.,mbeir_images/fashioniq_images/B00D8YF87U.jpg,7:4752,294,970,24254,lamra_qwen25vl,rzen_embed,vlm2vec_v2,0,0,0,0
3723,7:3724,composition_required,composition_required,multimodal_needed,Is a t-shirt with a red picture of a girl and is a t shirt and printed logo.,mbeir_images/fashioniq_images/B006NR72OQ.jpg,7:59018,1,17,12042,lamra_qwen25vl,mmembed,rzen_embed,3,0,0,0
3724,7:3725,unresolved,unresolved,multimodal_needed,Is a lighter color and is lighter in color.,mbeir_images/fashioniq_images/B009ZGNJ6W.jpg,7:12487,139,3292,374,mmembed,,rzen_embed,0,0,0,0
3725,7:3726,unresolved,unresolved,multimodal_needed,Is more text and darker and has lettering in only white.,mbeir_images/fashioniq_images/B0001TOU74.jpg,7:62392,1965,11,9775,gme_qwen2vl_retriever_2,mmembed,gme_qwen2vl_retriever_2,0,0,0,0
3726,7:3727,unresolved,unresolved,multimodal_needed,Has more words on it and has a bigger logo.,mbeir_images/fashioniq_images/B0081ST50O.jpg,7:58859,140,6975,103,lamra,gme_qwen2vl_retriever_2,lamra_qwen25vl,0,0,0,0
3727,7:3728,unresolved,unresolved,multimodal_needed,Is a white button down long sleeved shirt with collar and is white and collared.,mbeir_images/fashioniq_images/B004TNLWVA.jpg,7:45949,121,77,14226,qwen3vl2b_vllm,lamra,lamra,0,0,0,0
3729,7:3730,composition_required,composition_required,multimodal_needed,Shorter sleeves with pirate graphics and has a different graphic.,mbeir_images/fashioniq_images/B000CP9TY6.jpg,7:24448,1,11,16,gme_qwen2vl_retriever_2,vlm2vec_v2,mmembed,10,0,0,0
3730,7:3731,composition_required,composition_required,multimodal_needed,The shirt is blue in color with dark blue writing and is light blue.,mbeir_images/fashioniq_images/B0085X31DC.jpg,7:38142,1,23,90,lamra,gemini_embedding_2,qwen3vl2b_vllm,8,0,0,0
3731,7:3732,unresolved,unresolved,multimodal_needed,Is black colored with buttons and collar and is a black button down.,mbeir_images/fashioniq_images/B001GW13QG.jpg,7:66691,19,189,18278,lamra_qwen25vl,lamra,qwen3vl8b_vllm,0,0,0,0
3732,7:3733,composition_required,composition_required,multimodal_needed,Is black with a different print and is darker in color.,mbeir_images/fashioniq_images/B00509NSFU.jpg,7:642,9,1505,38,rzen_embed,e5_omni,rzen_embed,1,0,0,0
3736,7:3737,unresolved,unresolved,multimodal_needed,The shirt is white in color and is white with shorter sleeves.,mbeir_images/fashioniq_images/B0064DPOAS.jpg,7:67670,14,139,126,rzen_embed,qwen3vl2b_vllm,gemini_embedding_2,0,0,0,0
3737,7:3738,composition_required,composition_required,multimodal_needed,Has a animated woman on it and has large tan and red graphic.,mbeir_images/fashioniq_images/B007QQVE7E.jpg,7:71378,2,34,1157,gemini_embedding_2,gemini_embedding_2,rzen_embed,1,0,0,0
3738,7:3739,unresolved,unresolved,multimodal_needed,Has stripes and is darker and is black with white stripes.,mbeir_images/fashioniq_images/B00B2HDZ98.jpg,7:3025,21,88,2169,mmembed,rzen_embed,vlm2vec_v2,0,0,0,0
3739,7:3740,composition_required,composition_required,multimodal_needed,Is yellow with black words and has a bit logo and is yellow color.,mbeir_images/fashioniq_images/B0085X31DC.jpg,7:4879,1,31,165,gme_qwen2vl_retriever_2,voyage_multimodal_35,gemini_embedding_2,9,0,0,0
3740,7:3741,composition_required,composition_required,multimodal_needed,Is and orange and red plaid shirt.,mbeir_images/fashioniq_images/B00E3QSK2W.jpg,7:39865,3,49,468,lamra_qwen25vl,gemini_embedding_2,lamra,1,0,0,0
3741,7:3742,composition_required,composition_required,multimodal_needed,Is darker blue with no patterns and it is more plain and more pocketed.,mbeir_images/fashioniq_images/B0085OX8LQ.jpg,7:20500,1,42,178,voyage_multimodal_35,voyage_multimodal_35,gemini_embedding_2,5,0,0,0
3742,7:3743,unresolved,unresolved,multimodal_needed,Is grey in colour with more writing at front and is blue with shorter sleeves.,mbeir_images/fashioniq_images/B008RJTPT8.jpg,7:41389,3737,15760,6797,rzen_embed,voyage_multimodal_35,qwen3vl2b_vllm,0,0,0,0
3743,7:3744,composition_required,composition_required,multimodal_needed,Is darker and is more beige.,mbeir_images/fashioniq_images/B009ADCOP2.jpg,7:1995,6,3636,30,gme_qwen2vl_retriever_2,qwen3vl2b_vllm,gemini_embedding_2,4,0,0,0
3745,7:3746,unresolved,unresolved,multimodal_needed,Is a solid black button up with long sleeves and has buttons and longer sleeves.,mbeir_images/fashioniq_images/B007HRO9B0.jpg,7:61514,32,94,4350,lamra,rzen_embed,,0,0,0,0
3746,7:3747,unresolved,unresolved,multimodal_needed,Is black and a brown long sleeved shirt.,mbeir_images/fashioniq_images/B00C51HF46.jpg,7:62427,401,902,31676,qwen3vl8b_vllm,qwen3vl8b_vllm,voyage_multimodal_35,0,0,0,0
3748,7:3749,composition_required,composition_required,multimodal_needed,Is darker in color and is black.,mbeir_images/fashioniq_images/B0071BJQVU.jpg,7:26886,2,8140,33,gme_qwen2vl_retriever_2,gemini_embedding_2,,6,0,0,0
3749,7:3750,unresolved,unresolved,multimodal_needed,Is a darker shirt with long sleeves and is less formal.,mbeir_images/fashioniq_images/B008FVT2Y6.jpg,7:70703,244,316,6363,lamra_qwen25vl,vlm2vec_v2,lamra_qwen25vl,0,0,0,0
3751,7:3752,composition_required,composition_required,multimodal_needed,Is more formal and more colorful and is green with a collar.,mbeir_images/fashioniq_images/B0051EPWF8.jpg,7:526,2,65,48,mmembed,e5_omni,qwen3vl8b_vllm,6,0,0,0
3753,7:3754,unresolved,unresolved,multimodal_needed,Has more of a design and is darker.,mbeir_images/fashioniq_images/B000PHI5L4.jpg,7:58385,317,6613,2038,lamra_qwen25vl,vlm2vec_v2,mmembed,0,0,0,0
3754,7:3755,unresolved,unresolved,multimodal_needed,Is darker and has a simple design.,mbeir_images/fashioniq_images/B000NBOIZE.jpg,7:69859,6625,10235,6149,e5_omni,e5_omni,e5_omni,0,0,0,0
3755,7:3756,unresolved,unresolved,multimodal_needed,Is gray colored with green and yellow design and is grey in color.,mbeir_images/fashioniq_images/B003JY6WY2.jpg,7:39394,265,50,11663,e5_omni,gemini_embedding_2,vlm2vec_v2,0,0,0,0
3757,7:3758,unresolved,unresolved,multimodal_needed,Is solid white and has fewer stripes.,mbeir_images/fashioniq_images/B005XI84F2.jpg,7:20100,21,289,707,vlm2vec_v2,vlm2vec_v2,e5_omni,0,0,0,0
3758,7:3759,composition_required,composition_required,multimodal_needed,Is professional and high quality and it is more satin and less casual.,mbeir_images/fashioniq_images/B000BQ09GS.jpg,7:12653,5,18,22791,qwen3vl8b_vllm,lamra,qwen3vl8b_vllm,2,0,0,0
3759,7:3760,unresolved,unresolved,multimodal_needed,Has a more colorful logo and has pink lettering.,mbeir_images/fashioniq_images/B0064R5VW0.jpg,7:28952,22,148,893,lamra,lamra_qwen25vl,vlm2vec_v2,0,0,0,0
3760,7:3761,unresolved,unresolved,multimodal_needed,Is a casual short sleeved tee with a saying and graphic and is more wordy.,mbeir_images/fashioniq_images/B009F7NHDQ.jpg,7:8144,146,1953,5292,lamra_qwen25vl,lamra,mmembed,0,0,0,0
3761,7:3762,unresolved,unresolved,multimodal_needed,The shirt is white with a gray image and is white with gray vertical lines.,mbeir_images/fashioniq_images/B006X1BA90.jpg,7:16898,32,13,8553,qwen3vl8b_vllm,gemini_embedding_2,gemini_embedding_2,0,0,0,0
3764,7:3765,composition_required,composition_required,multimodal_needed,Is blue in color and is blue and has a different graphic.,mbeir_images/fashioniq_images/B004JZY5H6.jpg,7:72499,4,96,204,e5_omni,vlm2vec_v2,gemini_embedding_2,3,0,0,0
3766,7:3767,composition_required,composition_required,multimodal_needed,Has longer sleeves and is black colored and has longer sleeves.,mbeir_images/fashioniq_images/B00A9WRH00.jpg,7:34660,3,26,478,rzen_embed,mmembed,,2,0,0,0
3767,7:3768,unresolved,unresolved,multimodal_needed,Collar or pocket and is a black womens shirt.,mbeir_images/fashioniq_images/B00AX46SOA.jpg,7:51991,776,470,13189,qwen3vl8b_vllm,qwen3vl8b_vllm,gemini_embedding_2,0,0,0,0
3768,7:3769,composition_required,composition_required,multimodal_needed,Is a tight gray sleeved shirt and is grey with long sleeves.,mbeir_images/fashioniq_images/B008KAC0E6.jpg,7:14214,4,51,1212,mmembed,e5_omni,e5_omni,6,0,0,0
3769,7:3770,unresolved,unresolved,multimodal_needed,Is a tighter shirt and has fewer words.,mbeir_images/fashioniq_images/B001MX8V8C.jpg,7:19016,2965,1033,5757,lamra_qwen25vl,vlm2vec_v2,lamra,0,0,0,0
3770,7:3771,composition_required,composition_required,multimodal_needed,Is dark and no image design and is a gray tank top.,mbeir_images/fashioniq_images/B00CC0TY1W.jpg,7:21946,6,15,59,lamra,rzen_embed,voyage_multimodal_35,5,0,0,0
3772,7:3773,unresolved,unresolved,multimodal_needed,Is darker with no pocket and is a darker color with a color and no pocket.,mbeir_images/fashioniq_images/B007KDY2GI.jpg,7:10250,90,669,346,lamra,rzen_embed,,0,0,0,0
3775,7:3776,unresolved,unresolved,multimodal_needed,Is white with black buttons and is bright and has collar.,mbeir_images/fashioniq_images/B009OKKA5W.jpg,7:24428,69,260,17021,qwen3vl8b_vllm,qwen3vl8b_vllm,e5_omni,0,0,0,0
3777,7:3778,composition_required,composition_required,multimodal_needed,Has  a more fun graphic and has more arrows on it.,mbeir_images/fashioniq_images/B005GL63X6.jpg,7:34952,5,71,70,voyage_multimodal_35,rzen_embed,lamra_qwen25vl,4,0,0,0
3778,7:3779,composition_required,composition_required,multimodal_needed,The shirt is black in color with Star Wars characters and has busier looking graphics.,mbeir_images/fashioniq_images/B001YIOAOE.jpg,7:55689,6,13,977,rzen_embed,gme_qwen2vl_retriever_2,qwen3vl8b_vllm,2,0,0,0
3780,7:3781,composition_required,composition_required,multimodal_needed,Has shorter sleeves and has horizontal stripes and shorter sleeves.,mbeir_images/fashioniq_images/B005X5L6SC.jpg,7:32240,5,816,44,gme_qwen2vl_retriever_2,rzen_embed,mmembed,5,0,0,0
3781,7:3782,unresolved,unresolved,multimodal_needed,Is blue colored and plain and and no collar.,mbeir_images/fashioniq_images/B002X115DK.jpg,7:52917,35,292,189,gemini_embedding_2,voyage_multimodal_35,vlm2vec_v2,0,0,0,0
3785,7:3786,composition_required,composition_required,multimodal_needed,Is black with people and is blacker and has graphics with humans.,mbeir_images/fashioniq_images/B00916YLW2.jpg,7:15109,1,33,741,gme_qwen2vl_retriever_2,vlm2vec_v2,voyage_multimodal_35,3,0,0,0
3787,7:3788,composition_required,composition_required,multimodal_needed,Has shorter sleeves and is red and got honda?,mbeir_images/fashioniq_images/B000TFWVQ2.jpg,7:16577,10,886,1831,e5_omni,vlm2vec_v2,e5_omni,1,0,0,0
3788,7:3789,unresolved,unresolved,multimodal_needed,Has red and white plaid and is collared.,mbeir_images/fashioniq_images/B00BIFZU4C.jpg,7:14939,14,180,9749,gemini_embedding_2,mmembed,,0,0,0,0
3789,7:3790,unresolved,unresolved,multimodal_needed,Is grey and has a less whimsical graphic and is lighter.,mbeir_images/fashioniq_images/B0079K0YBO.jpg,7:42304,21,1368,55,gme_qwen2vl_retriever_2,e5_omni,vlm2vec_v2,0,0,0,0
3790,7:3791,unresolved,unresolved,multimodal_needed,Is light gray with an image and has a crewneck and large graphics.,mbeir_images/fashioniq_images/B004VUFJK6.jpg,7:55225,66,11,5567,lamra_qwen25vl,lamra_qwen25vl,mmembed,0,0,0,0
3791,7:3792,unresolved,unresolved,multimodal_needed,Is more white and is white and has clear logo.,mbeir_images/fashioniq_images/B003IT639C.jpg,7:64539,13,406,11,,rzen_embed,,0,0,0,0
3792,7:3793,unresolved,unresolved,multimodal_needed,Is bolder and white and is white in color.,mbeir_images/fashioniq_images/B004YZINB0.jpg,7:51305,19,879,39,voyage_multimodal_35,voyage_multimodal_35,mmembed,0,0,0,0
3793,7:3794,unresolved,unresolved,multimodal_needed,Is white and is white.,mbeir_images/fashioniq_images/B006FSM7V6.jpg,7:28194,53,1135,4316,mmembed,lamra_qwen25vl,mmembed,0,0,0,0
3794,7:3795,composition_required,composition_required,multimodal_needed,Is white and is white with collar.,mbeir_images/fashioniq_images/B004OYVAIY.jpg,7:47582,8,336,693,voyage_multimodal_35,vlm2vec_v2,qwen3vl2b_vllm,1,0,0,0
3798,7:3799,unresolved,unresolved,multimodal_needed,Has no collar and a logo and is darker and not collared.,mbeir_images/fashioniq_images/B002RL9T2U.jpg,7:41525,5288,5873,10822,mmembed,qwen3vl2b_vllm,qwen3vl2b_vllm,0,0,0,0
3800,7:3801,composition_required,composition_required,multimodal_needed,Has more stripes and lighter color and it is white and stripped.,mbeir_images/fashioniq_images/B0053DV6AW.jpg,7:10038,4,272,410,e5_omni,mmembed,voyage_multimodal_35,4,0,0,0
3801,7:3802,unresolved,unresolved,multimodal_needed,Has more graphics and is lighter.,mbeir_images/fashioniq_images/B00BGVS61W.jpg,7:49406,617,6593,1264,rzen_embed,rzen_embed,gme_qwen2vl_retriever_2,0,0,0,0
3803,7:3804,unresolved,unresolved,multimodal_needed,Darker colored and white graphic logo and has a bit logo and is black color.,mbeir_images/fashioniq_images/B009LJPSV2.jpg,7:44347,115,450,6467,mmembed,mmembed,gemini_embedding_2,0,0,0,0
3804,7:3805,unresolved,unresolved,multimodal_needed,Is white color and blue graphic detail and is white colored with a different graphic.,mbeir_images/fashioniq_images/B00517ABLA.jpg,7:37763,66,199,2610,qwen3vl8b_vllm,vlm2vec_v2,qwen3vl8b_vllm,0,0,0,0
3807,7:3808,unresolved,unresolved,multimodal_needed,Has a brighter color and is neon green with no picture or logo.,mbeir_images/fashioniq_images/B000MYC2YG.jpg,7:22833,46,92,19307,qwen3vl8b_vllm,lamra,voyage_multimodal_35,0,0,0,0
3809,7:3810,composition_required,composition_required,multimodal_needed,Has a plaid design and is a lighter color and has a checker pattern.,mbeir_images/fashioniq_images/B00AZIB1DM.jpg,7:36726,1,438,37,e5_omni,lamra_qwen25vl,vlm2vec_v2,6,0,0,0
3813,7:3814,unresolved,unresolved,multimodal_needed,Is less formal with different colored stripes and does not have a collar.,mbeir_images/fashioniq_images/B00A9YBC0Y.jpg,7:11581,87,1120,245,rzen_embed,vlm2vec_v2,gemini_embedding_2,0,0,0,0
3814,7:3815,composition_required,composition_required,multimodal_needed,Is dark brown colored and is light brown in color.,mbeir_images/fashioniq_images/B009XE4MIA.jpg,7:2973,1,569,16,gme_qwen2vl_retriever_2,vlm2vec_v2,gemini_embedding_2,9,0,0,0
3816,7:3817,unresolved,unresolved,multimodal_needed,Is a short sleeve black shirt with text and has less buttons and more text on it.,mbeir_images/fashioniq_images/B00AY2G1MU.jpg,7:47386,226,272,12723,lamra,e5_omni,e5_omni,0,0,0,0
3817,7:3818,unresolved,unresolved,multimodal_needed,Is lighter colored and is white with red lettering.,mbeir_images/fashioniq_images/B00BGVUTBC.jpg,7:54697,14,130,296,qwen3vl8b_vllm,voyage_multimodal_35,gemini_embedding_2,0,0,0,0
3819,7:3820,unresolved,unresolved,multimodal_needed,Is a blue t-shirt and is a shirt.,mbeir_images/fashioniq_images/B007XX6790.jpg,7:17402,95,139,1150,qwen3vl2b_vllm,e5_omni,gme_qwen2vl_retriever_2,0,0,0,0
3820,7:3821,unresolved,unresolved,multimodal_needed,Is short sleeves with black writing and has more words.,mbeir_images/fashioniq_images/B009B5OVU0.jpg,7:55367,1235,3673,13063,lamra,lamra,gme_qwen2vl_retriever_2,0,0,0,0
3822,7:3823,unresolved,unresolved,multimodal_needed,Is green and not striped and is light green with a graphic.,mbeir_images/fashioniq_images/B0033BGD0E.jpg,7:14382,137,136,27856,qwen3vl8b_vllm,qwen3vl2b_vllm,qwen3vl8b_vllm,0,0,0,0
3825,7:3826,composition_required,composition_required,multimodal_needed,Has no sleeves and is a tank top.,mbeir_images/fashioniq_images/B0038OVKR2.jpg,7:67932,5,174,1119,gemini_embedding_2,gme_qwen2vl_retriever_2,gemini_embedding_2,1,0,0,0
3826,7:3827,composition_required,composition_required,multimodal_needed,Is more casual and has lettering and is more bold and not collared.,mbeir_images/fashioniq_images/B008F061QO.jpg,7:31642,5,968,85,lamra_qwen25vl,mmembed,gme_qwen2vl_retriever_2,1,0,0,0
3827,7:3828,composition_required,composition_required,multimodal_needed,Is a shirt with stripes on the sleeve and is more dark.,mbeir_images/fashioniq_images/B003WEQMDU.jpg,7:42164,1,366,11,qwen3vl8b_vllm,rzen_embed,qwen3vl8b_vllm,6,0,0,0
3830,7:3831,unresolved,unresolved,multimodal_needed,Has long sleeves and is less colorful and has longer sleeves.,mbeir_images/fashioniq_images/B00B3PKZUG.jpg,7:31425,53,6022,1045,lamra,lamra,mmembed,0,0,0,0
3832,7:3833,composition_required,composition_required,multimodal_needed,Has more stripes and is less dressy and has stripes and more purple.,mbeir_images/fashioniq_images/B007OXCG1C.jpg,7:5924,5,334,31,gemini_embedding_2,rzen_embed,mmembed,4,0,0,0
3834,7:3835,unresolved,unresolved,multimodal_needed,Has a collar and buttons and is more green and is lighter.,mbeir_images/fashioniq_images/B0064RL2BY.jpg,7:71455,55,211,10394,lamra_qwen25vl,vlm2vec_v2,e5_omni,0,0,0,0
3836,7:3837,unresolved,unresolved,multimodal_needed,Is white without a collar or buttons with shorter sleeves and is white and a t-shirt.,mbeir_images/fashioniq_images/B008YCX6KC.jpg,7:635,120,1392,8184,qwen3vl2b_vllm,gme_qwen2vl_retriever_2,gemini_embedding_2,0,0,0,0
3838,7:3839,composition_required,composition_required,multimodal_needed,Is a navy blue t-shirt and has writing on it and is darker and has shorter sleeves.,mbeir_images/fashioniq_images/B00BK77UC8.jpg,7:25242,7,91,5011,qwen3vl8b_vllm,voyage_multimodal_35,gemini_embedding_2,2,0,0,0
3842,7:3843,unresolved,unresolved,multimodal_needed,Has a different graphic and is darker and is a black tee.,mbeir_images/fashioniq_images/B00593M4M0.jpg,7:18642,2072,1540,3836,mmembed,e5_omni,voyage_multimodal_35,0,0,0,0
3843,7:3844,unresolved,unresolved,multimodal_needed,Is more colorful and darker and is black and red checked and is more casual.,mbeir_images/fashioniq_images/B006IE7JLA.jpg,7:49165,40,99,1086,qwen3vl2b_vllm,qwen3vl2b_vllm,e5_omni,0,0,0,0
3846,7:3847,unresolved,unresolved,multimodal_needed,Is a brown t-shirt and is a fitted.,mbeir_images/fashioniq_images/B008KAC0E6.jpg,7:4935,1279,2097,11081,gemini_embedding_2,,gemini_embedding_2,0,0,0,0
3847,7:3848,composition_required,composition_required,multimodal_needed,Is more black and blue and is darker and shorter sleeves.,mbeir_images/fashioniq_images/B009VIGPC4.jpg,7:29061,1,6141,16,qwen3vl8b_vllm,voyage_multimodal_35,gemini_embedding_2,7,0,0,0
3849,7:3850,composition_required,composition_required,multimodal_needed,Is white and is a white sweater.,mbeir_images/fashioniq_images/B009PTECLU.jpg,7:1350,2,117,65,lamra,e5_omni,,4,0,0,0
3850,7:3851,unresolved,unresolved,multimodal_needed,Is black with white figures and is black with picture.,mbeir_images/fashioniq_images/B0052D1RXE.jpg,7:15444,46,494,209,lamra,lamra,rzen_embed,0,0,0,0
3851,7:3852,unresolved,unresolved,multimodal_needed,Is a lighter color and is lighter.,mbeir_images/fashioniq_images/B00C3TWRM0.jpg,7:35633,21,11030,266,e5_omni,e5_omni,e5_omni,0,0,0,0
3852,7:3853,composition_required,composition_required,multimodal_needed,Yellow and is a long sleeved hoodie with bigger logo.,mbeir_images/fashioniq_images/B003BWWH8M.jpg,7:20890,1,284,15,gemini_embedding_2,qwen3vl8b_vllm,vlm2vec_v2,6,0,0,0
3853,7:3854,unresolved,unresolved,multimodal_needed,Is a short sleeved colored button down shirt with collar and has shorter sleeves.,mbeir_images/fashioniq_images/B003YUBTBM.jpg,7:64851,177,201,1660,mmembed,voyage_multimodal_35,,0,0,0,0
3855,7:3856,unresolved,unresolved,multimodal_needed,Has shorter sleeves and text and has shorter sleeves and more words.,mbeir_images/fashioniq_images/B003EEN7MM.jpg,7:72118,375,4518,8177,mmembed,mmembed,,0,0,0,0
3856,7:3857,unresolved,unresolved,multimodal_needed,Longer selves and lighter colored and is brown with longer sleeves.,mbeir_images/fashioniq_images/B002BOHPNS.jpg,7:36692,174,108,21327,qwen3vl2b_vllm,e5_omni,lamra,0,0,0,0
3857,7:3858,unresolved,unresolved,multimodal_needed,Is green with yellow words and is less athletic and more humorous.,mbeir_images/fashioniq_images/B0049EODT2.jpg,7:44553,13,44,3153,vlm2vec_v2,vlm2vec_v2,qwen3vl8b_vllm,0,0,0,0
3860,7:3861,composition_required,composition_required,multimodal_needed,Is a long sleeve tan brown shrit with buttons and is solid brown.,mbeir_images/fashioniq_images/B006QSYMFO.jpg,7:20586,1,72,1955,gme_qwen2vl_retriever_2,qwen3vl8b_vllm,gemini_embedding_2,3,0,0,0
3861,7:3862,composition_required,composition_required,multimodal_needed,Is more bright and white colored and has buttons.,mbeir_images/fashioniq_images/B004XASV0O.jpg,7:6927,1,1197,88,gemini_embedding_2,lamra,,7,0,0,0
3862,7:3863,unresolved,unresolved,multimodal_needed,Is not faded and is darker.,mbeir_images/fashioniq_images/B00DV4AIL8.jpg,7:22652,834,2827,2816,lamra,mmembed,lamra,0,0,0,0
3863,7:3864,composition_required,composition_required,multimodal_needed,Is white with cartoon print and is white with cartoon graphic.,mbeir_images/fashioniq_images/B004M45KQ4.jpg,7:62941,5,94,280,lamra,gme_qwen2vl_retriever_2,,3,0,0,0
3865,7:3866,unresolved,unresolved,multimodal_needed,Has shorter sleeve and a plaid pattern and is more colorful.,mbeir_images/fashioniq_images/B009G0S8CM.jpg,7:21997,11,14,4297,mmembed,e5_omni,qwen3vl2b_vllm,0,0,0,0
3866,7:3867,unresolved,unresolved,multimodal_needed,Has longer sleeves and is a long sleeved button down shirt with pockets.,mbeir_images/fashioniq_images/B000Q53KRE.jpg,7:70914,30,118,449,lamra,qwen3vl8b_vllm,mmembed,0,0,0,0
3867,7:3868,unresolved,unresolved,multimodal_needed,Is grey and is darker.,mbeir_images/fashioniq_images/B005W44GZO.jpg,7:49122,16,139,155,lamra_qwen25vl,voyage_multimodal_35,lamra_qwen25vl,0,0,0,0
3869,7:3870,composition_required,composition_required,multimodal_needed,Is more striped and buttoned and has a collar and stripes.,mbeir_images/fashioniq_images/B0077RZYKA.jpg,7:67473,4,80,648,qwen3vl2b_vllm,gemini_embedding_2,qwen3vl2b_vllm,3,0,0,0
3870,7:3871,unresolved,unresolved,multimodal_needed,More dark and longer and is darker.,mbeir_images/fashioniq_images/B00D9ZW3I0.jpg,7:44092,35,47850,17,mmembed,vlm2vec_v2,gemini_embedding_2,0,0,0,0
3871,7:3872,composition_required,composition_required,multimodal_needed,Is light blue short sleeved button down and has collar and is darker.,mbeir_images/fashioniq_images/B0085HCN82.jpg,7:10458,2,55,28,gme_qwen2vl_retriever_2,rzen_embed,gemini_embedding_2,5,0,0,0
3872,7:3873,unresolved,unresolved,multimodal_needed,Stripes and is less formal.,mbeir_images/fashioniq_images/B00166XERS.jpg,7:39606,1476,4811,2594,mmembed,voyage_multimodal_35,rzen_embed,0,0,0,0
3874,7:3875,unresolved,unresolved,multimodal_needed,Is yellow colored and yellow solder stripes.,mbeir_images/fashioniq_images/B00066ZKS0.jpg,7:66758,13,141,670,lamra,mmembed,voyage_multimodal_35,0,0,0,0
3875,7:3876,unresolved,unresolved,multimodal_needed,Is white and a huge image design and is white and has graphics of people.,mbeir_images/fashioniq_images/B0089ODSU8.jpg,7:38318,36,189,1044,lamra,vlm2vec_v2,,0,0,0,0
3876,7:3877,composition_required,composition_required,multimodal_needed,Is short sleeves with deers on it without collar and buttons and is darker and has shorter sleeves.,mbeir_images/fashioniq_images/B003INE0Q6.jpg,7:12678,7,17,26093,gme_qwen2vl_retriever_2,lamra,qwen3vl8b_vllm,3,0,0,0
3880,7:3881,unresolved,unresolved,multimodal_needed,Black and colorful graphic on front and is darker.,mbeir_images/fashioniq_images/B00G6UFA94.jpg,7:345,465,380,5448,lamra,gemini_embedding_2,,0,0,0,0
3883,7:3884,unresolved,unresolved,multimodal_needed,Is red but otherwise identical and is bright red and has no pockets.,mbeir_images/fashioniq_images/B00BJO34NG.jpg,7:74115,36,97,515,gme_qwen2vl_retriever_2,mmembed,lamra,0,0,0,0
3885,7:3886,composition_required,composition_required,multimodal_needed,Is cleaner and has a human figure and red lettering.,mbeir_images/fashioniq_images/B002UQJENQ.jpg,7:61258,9,729,753,lamra_qwen25vl,e5_omni,lamra_qwen25vl,1,0,0,0
3886,7:3887,unresolved,unresolved,multimodal_needed,Has shorter sleeves and doesn't have long sleeves.,mbeir_images/fashioniq_images/B000TYT49U.jpg,7:42931,92,105,3394,qwen3vl8b_vllm,qwen3vl2b_vllm,e5_omni,0,0,0,0
3887,7:3888,composition_required,composition_required,multimodal_needed,Has cartoons and has no collar.,mbeir_images/fashioniq_images/B0011MNWSI.jpg,7:61269,8,297,11912,lamra_qwen25vl,mmembed,mmembed,1,0,0,0
3889,7:3890,unresolved,unresolved,multimodal_needed,Is darker colored and less nostalgic and is black.,mbeir_images/fashioniq_images/B004KV0604.jpg,7:3385,35,261,92,gemini_embedding_2,gme_qwen2vl_retriever_2,gemini_embedding_2,0,0,0,0
3891,7:3892,unresolved,unresolved,multimodal_needed,Has longer sleeves with collar and prints and has more red.,mbeir_images/fashioniq_images/B004HTURAS.jpg,7:1560,227,35,31832,qwen3vl8b_vllm,vlm2vec_v2,,0,0,0,0
3893,7:3894,unresolved,unresolved,multimodal_needed,Is darker and has more stripes.,mbeir_images/fashioniq_images/B00C40RA8Y.jpg,7:57741,42,1437,27,e5_omni,voyage_multimodal_35,vlm2vec_v2,0,0,0,0
3894,7:3895,unresolved,unresolved,multimodal_needed,Is black with a different logo and has a different graphic.,mbeir_images/fashioniq_images/B00EUEB41G.jpg,7:61958,3272,2089,7874,voyage_multimodal_35,mmembed,mmembed,0,0,0,0
3895,7:3896,unresolved,unresolved,multimodal_needed,The shirt is light blue in color and is blue with shorter sleeves.,mbeir_images/fashioniq_images/B00AOJHF8M.jpg,7:13060,20,115,288,qwen3vl8b_vllm,qwen3vl8b_vllm,e5_omni,0,0,0,0
3896,7:3897,composition_required,composition_required,multimodal_needed,Has more color and is light colored.,mbeir_images/fashioniq_images/B004OKFF7K.jpg,7:41141,2,9252,53,vlm2vec_v2,mmembed,qwen3vl2b_vllm,2,0,0,0
3897,7:3898,composition_required,composition_required,multimodal_needed,Has longer sleeves with stripes and isstripped and button down.,mbeir_images/fashioniq_images/B00C6A4LL6.jpg,7:12435,7,355,144,e5_omni,mmembed,e5_omni,1,0,0,0
3898,7:3899,unresolved,unresolved,multimodal_needed,Is black with gray patterns and has short sleeve and is black color.,mbeir_images/fashioniq_images/B00BCLMPQS.jpg,7:62403,16,120,11659,lamra,mmembed,qwen3vl8b_vllm,0,0,0,0
3899,7:3900,unresolved,unresolved,multimodal_needed,Black tshirt is more fashionable and is black colored and person graphic design.,mbeir_images/fashioniq_images/B009279FB2.jpg,7:24020,88,37,3693,qwen3vl8b_vllm,qwen3vl8b_vllm,rzen_embed,0,0,0,0
3902,7:3903,unresolved,unresolved,multimodal_needed,Is a white polo shirt and is light in color with a collar.,mbeir_images/fashioniq_images/B009IUQ4R6.jpg,7:20654,70,103,4319,voyage_multimodal_35,voyage_multimodal_35,gme_qwen2vl_retriever_2,0,0,0,0
3904,7:3905,unresolved,unresolved,multimodal_needed,Is black with white writing and is black with white lettering.,mbeir_images/fashioniq_images/B001G0D1TA.jpg,7:17517,901,1272,8753,lamra_qwen25vl,lamra_qwen25vl,qwen3vl8b_vllm,0,0,0,0
3905,7:3906,unresolved,unresolved,multimodal_needed,Is a collared shirt and is totally plain with no picture.,mbeir_images/fashioniq_images/B008MC2GY6.jpg,7:52053,231,924,6483,lamra_qwen25vl,vlm2vec_v2,gemini_embedding_2,0,0,0,0
3908,7:3909,composition_required,composition_required,multimodal_needed,Has a white bat on i t and has less red color.,mbeir_images/fashioniq_images/B008L40DC2.jpg,7:73207,2,37,24,gme_qwen2vl_retriever_2,gemini_embedding_2,gme_qwen2vl_retriever_2,1,0,0,0
3909,7:3910,unresolved,unresolved,multimodal_needed,Is dark blue in color with shorter sleeves and tee shirt with v neck.,mbeir_images/fashioniq_images/B008H1MLOW.jpg,7:4173,30,46,7054,lamra_qwen25vl,lamra_qwen25vl,mmembed,0,0,0,0
3910,7:3911,unresolved,unresolved,multimodal_needed,Is lighter and is gray.,mbeir_images/fashioniq_images/B00CACXSU0.jpg,7:23853,89,459,3676,qwen3vl8b_vllm,qwen3vl2b_vllm,gemini_embedding_2,0,0,0,0
3911,7:3912,composition_required,composition_required,multimodal_needed,Is sleeveless and a darker color and has no sleeves.,mbeir_images/fashioniq_images/B004G09IXK.jpg,7:20324,2,1199,15,mmembed,qwen3vl2b_vllm,mmembed,6,0,0,0
3912,7:3913,unresolved,unresolved,multimodal_needed,Is darker and shorter sleeves and has short sleeve and is dark blue.,mbeir_images/fashioniq_images/B001UFZIJ2.jpg,7:67501,27,153,89,mmembed,mmembed,vlm2vec_v2,0,0,0,0
3913,7:3914,unresolved,unresolved,multimodal_needed,Is black with a graphic and is black colored with a different graphic.,mbeir_images/fashioniq_images/B004LYSV9I.jpg,7:33454,835,3386,1157,vlm2vec_v2,vlm2vec_v2,vlm2vec_v2,0,0,0,0
3914,7:3915,unresolved,unresolved,multimodal_needed,Is a black and white long sleeved shirt and has longer sleeves.,mbeir_images/fashioniq_images/B007T5JNJ8.jpg,7:40362,615,491,6043,mmembed,e5_omni,mmembed,0,0,0,0
3915,7:3916,unresolved,unresolved,multimodal_needed,Is light blue and has a Pony Up Mustang image on the front and gray shirt with atoms in red.,mbeir_images/fashioniq_images/B007X4OJCQ.jpg,7:4795,40,11081,39,,e5_omni,vlm2vec_v2,0,0,0,0
3916,7:3917,unresolved,unresolved,multimodal_needed,Is darker and is more oclorful.,mbeir_images/fashioniq_images/B008F9SIZ2.jpg,7:951,45,30254,130,qwen3vl8b_vllm,gme_qwen2vl_retriever_2,qwen3vl8b_vllm,0,0,0,0
3918,7:3919,unresolved,unresolved,multimodal_needed,Is blue in color with text and is more simple.,mbeir_images/fashioniq_images/B0090UWAVI.jpg,7:30978,128,44,4617,qwen3vl8b_vllm,qwen3vl8b_vllm,gemini_embedding_2,0,0,0,0
3919,7:3920,unresolved,unresolved,multimodal_needed,Is more black and narrow and is black with white words.,mbeir_images/fashioniq_images/B00FV0FKXQ.jpg,7:65074,21,26,4620,lamra,mmembed,qwen3vl8b_vllm,0,0,0,0
3920,7:3921,unresolved,unresolved,multimodal_needed,Is black in color and is darker.,mbeir_images/fashioniq_images/B00DAMLQKS.jpg,7:54686,114,7095,1557,lamra_qwen25vl,lamra_qwen25vl,gme_qwen2vl_retriever_2,0,0,0,0
3926,7:3927,unresolved,unresolved,multimodal_needed,Is black with white words and is black with a white logo.,mbeir_images/fashioniq_images/B00BFCV6A0.jpg,7:14151,1346,1129,1718,qwen3vl8b_vllm,vlm2vec_v2,qwen3vl8b_vllm,0,0,0,0
3928,7:3929,composition_required,composition_required,multimodal_needed,Is red and less wordy and is red with yellow and white lettering.,mbeir_images/fashioniq_images/B009R7SGQW.jpg,7:52108,3,17,1723,lamra_qwen25vl,gme_qwen2vl_retriever_2,rzen_embed,3,0,0,0
3929,7:3930,unresolved,unresolved,multimodal_needed,White and is very similar.,mbeir_images/fashioniq_images/B007E9RDH8.jpg,7:13422,449,37180,451,,vlm2vec_v2,,0,0,0,0
3930,7:3931,composition_required,composition_required,multimodal_needed,Is light blue with shorter sleeves and is a light blue short sleeved athletic polo.,mbeir_images/fashioniq_images/B0032HJXKG.jpg,7:3061,3,63,283,gme_qwen2vl_retriever_2,qwen3vl8b_vllm,gme_qwen2vl_retriever_2,4,0,0,0
3932,7:3933,unresolved,unresolved,multimodal_needed,Sleeveless and more casual and has a different graphic.,mbeir_images/fashioniq_images/B009IH5M86.jpg,7:35587,4991,3052,4961,vlm2vec_v2,vlm2vec_v2,mmembed,0,0,0,0
3933,7:3934,unresolved,unresolved,multimodal_needed,Is more dark and minimal and a collar.,mbeir_images/fashioniq_images/B00CDT7FHM.jpg,7:71905,8915,11139,4430,rzen_embed,e5_omni,gemini_embedding_2,0,0,0,0
3934,7:3935,composition_required,composition_required,multimodal_needed,Is more striped and has more blue and has a zipper and stripes.,mbeir_images/fashioniq_images/B00B3PNS5K.jpg,7:71760,4,244,370,lamra,gemini_embedding_2,gme_qwen2vl_retriever_2,1,0,0,0
3935,7:3936,unresolved,unresolved,multimodal_needed,Is lighter and has rock-band graphic and is tee shirt.,mbeir_images/fashioniq_images/B002U0K0XA.jpg,7:33225,14,48,14591,lamra_qwen25vl,gme_qwen2vl_retriever_2,rzen_embed,0,0,0,0
3936,7:3937,unresolved,unresolved,multimodal_needed,A lighter print and has a light colored print.,mbeir_images/fashioniq_images/B0084ERQFG.jpg,7:40271,434,419,4364,qwen3vl2b_vllm,vlm2vec_v2,gemini_embedding_2,0,0,0,0
3937,7:3938,unresolved,unresolved,multimodal_needed,Is grey with a design on the back.,mbeir_images/fashioniq_images/B005PQ02G6.jpg,7:45748,219,556,1631,qwen3vl8b_vllm,qwen3vl2b_vllm,gemini_embedding_2,0,0,0,0
3939,7:3940,unresolved,unresolved,multimodal_needed,Is black with white words and is less colorful.,mbeir_images/fashioniq_images/B003C1R750.jpg,7:14716,16,596,116,lamra_qwen25vl,lamra_qwen25vl,gemini_embedding_2,0,0,0,0
3940,7:3941,composition_required,composition_required,multimodal_needed,Is brigher blue and has a full frontal logo and is darker.,mbeir_images/fashioniq_images/B00AF3YKSA.jpg,7:18722,10,33,133,lamra_qwen25vl,rzen_embed,gme_qwen2vl_retriever_2,1,0,0,0
3943,7:3944,unresolved,unresolved,multimodal_needed,Is black short sleeve and more black and has shorter sleeves.,mbeir_images/fashioniq_images/B005LXFXIA.jpg,7:25110,310,458,1134,qwen3vl8b_vllm,lamra_qwen25vl,qwen3vl2b_vllm,0,0,0,0
3944,7:3945,composition_required,composition_required,multimodal_needed,Is more solid and less busy and is light blue in color.,mbeir_images/fashioniq_images/B008VD5WE2.jpg,7:44656,5,96,269,qwen3vl8b_vllm,rzen_embed,qwen3vl8b_vllm,5,0,0,0
3945,7:3946,composition_required,composition_required,multimodal_needed,Different color and lettering and is white and has a v-neck.,mbeir_images/fashioniq_images/B004QZB40K.jpg,7:21770,1,12,13,e5_omni,mmembed,e5_omni,11,0,0,0
3946,7:3947,unresolved,unresolved,multimodal_needed,Is black with writing on it and is black with a different graphic.,mbeir_images/fashioniq_images/B008PHCDA0.jpg,7:29484,277,84,1608,gme_qwen2vl_retriever_2,lamra,qwen3vl8b_vllm,0,0,0,0
3948,7:3949,unresolved,unresolved,multimodal_needed,Is darker and is more faded.,mbeir_images/fashioniq_images/B00BGVUTBC.jpg,7:61935,57,2072,79,voyage_multimodal_35,qwen3vl2b_vllm,lamra_qwen25vl,0,0,0,0
3949,7:3950,unresolved,unresolved,multimodal_needed,Is less wordy and has a larger graphic and is darker in color.,mbeir_images/fashioniq_images/B0019IT79C.jpg,7:19072,883,555,4155,lamra,qwen3vl8b_vllm,gme_qwen2vl_retriever_2,0,0,0,0
3950,7:3951,composition_required,composition_required,multimodal_needed,Is similar with different colors and is black with blue bottom.,mbeir_images/fashioniq_images/B004R6IQG8.jpg,7:1363,1,422,67,lamra,mmembed,lamra_qwen25vl,2,0,0,0
3952,7:3953,composition_required,composition_required,multimodal_needed,Dark colored and letter graphic and it is black.,mbeir_images/fashioniq_images/B000VX05IS.jpg,7:4412,1,130,11,lamra_qwen25vl,vlm2vec_v2,gme_qwen2vl_retriever_2,7,0,0,0
3953,7:3954,unresolved,unresolved,multimodal_needed,Is more blue and formal and is lighter in color.,mbeir_images/fashioniq_images/B003WF2ECW.jpg,7:2271,32,290,9904,qwen3vl8b_vllm,vlm2vec_v2,lamra,0,0,0,0
3954,7:3955,unresolved,unresolved,multimodal_needed,Has longer sleeves with black and green boxes and has more buttons and longer sleeves.,mbeir_images/fashioniq_images/B002DQYGFE.jpg,7:9776,194,64,38505,rzen_embed,rzen_embed,qwen3vl2b_vllm,0,0,0,0
3955,7:3956,unresolved,unresolved,multimodal_needed,Are darker colored and is more drab in color.,mbeir_images/fashioniq_images/B000ULWMIC.jpg,7:69177,60,1810,145,gemini_embedding_2,voyage_multimodal_35,gemini_embedding_2,0,0,0,0
3957,7:3958,composition_required,composition_required,multimodal_needed,Has a short sleeve gray shirt with cartoon art and has a large graphic on it.,mbeir_images/fashioniq_images/B0089MUPWO.jpg,7:67946,5,16,13891,rzen_embed,rzen_embed,rzen_embed,3,0,0,0
3958,7:3959,unresolved,unresolved,multimodal_needed,Is longer and has more colors and a white shirt with yellow.,mbeir_images/fashioniq_images/B001SN7QH8.jpg,7:25547,790,1068,866,lamra,e5_omni,lamra_qwen25vl,0,0,0,0
3959,7:3960,unresolved,unresolved,multimodal_needed,Is more grey and logo and has less text and a darker grey.,mbeir_images/fashioniq_images/B00E5IEY3C.jpg,7:7364,15,158,49,lamra,gme_qwen2vl_retriever_2,e5_omni,0,0,0,0
3960,7:3961,unresolved,unresolved,multimodal_needed,Is brighter and less centered and is brighter.,mbeir_images/fashioniq_images/B00AEJPFL6.jpg,7:61282,95,93,2063,rzen_embed,vlm2vec_v2,,0,0,0,0
3961,7:3962,composition_required,composition_required,multimodal_needed,Is green and is much darker in color.,mbeir_images/fashioniq_images/B00A476WU6.jpg,7:73209,1,235,832,gme_qwen2vl_retriever_2,qwen3vl2b_vllm,qwen3vl8b_vllm,4,0,0,0
3965,7:3966,unresolved,unresolved,multimodal_needed,Is light blue with black designs and has longer blue sleeves and a different graphic.,mbeir_images/fashioniq_images/B002TSURL8.jpg,7:39559,88,50,14643,qwen3vl8b_vllm,lamra_qwen25vl,,0,0,0,0
3968,7:3969,unresolved,unresolved,multimodal_needed,Is a short sleeved shirt. It's half buttoned down and has less buttons no pattern and shorter sleeves.,mbeir_images/fashioniq_images/B005O76QW0.jpg,7:22206,110,2648,3319,lamra,lamra,gemini_embedding_2,0,0,0,0
3970,7:3971,composition_required,composition_required,multimodal_needed,Is a long v-necked grey shirt with long sleeves and no graphic.,mbeir_images/fashioniq_images/B0094D2LWE.jpg,7:21450,9,49,6810,mmembed,mmembed,vlm2vec_v2,1,0,0,0
3971,7:3972,unresolved,unresolved,multimodal_needed,Is blue with a logo and is darker.,mbeir_images/fashioniq_images/B00A0NDRUC.jpg,7:33695,222,342,2680,mmembed,gme_qwen2vl_retriever_2,qwen3vl2b_vllm,0,0,0,0
3973,7:3974,unresolved,unresolved,multimodal_needed,Is more fitted and white and is more tight fitting.,mbeir_images/fashioniq_images/B00BGKZEKY.jpg,7:53890,25,72,23190,qwen3vl8b_vllm,mmembed,,0,0,0,0
3974,7:3975,unresolved,unresolved,multimodal_needed,Has collars and is darker and is more formal.,mbeir_images/fashioniq_images/B0096UD3FO.jpg,7:19702,15,357,3225,gme_qwen2vl_retriever_2,e5_omni,gme_qwen2vl_retriever_2,0,0,0,0
3975,7:3976,unresolved,unresolved,multimodal_needed,Is darker with a different print and is brown with long sleeves.,mbeir_images/fashioniq_images/B005G22KO6.jpg,7:46000,27,661,877,qwen3vl8b_vllm,rzen_embed,vlm2vec_v2,0,0,0,0
3977,7:3978,composition_required,composition_required,multimodal_needed,Pink and longer sleeves and is more formal.,mbeir_images/fashioniq_images/B00D2VC7VY.jpg,7:17236,10,102,549,gme_qwen2vl_retriever_2,lamra_qwen25vl,,1,0,0,0
3978,7:3979,unresolved,unresolved,multimodal_needed,Darker color and black tee shirt with orange and blue graphics.,mbeir_images/fashioniq_images/B005MKSBAE.jpg,7:48644,307,413,16758,gemini_embedding_2,gemini_embedding_2,lamra,0,0,0,0
3979,7:3980,unresolved,unresolved,multimodal_needed,Is tighter fitting and is more of a dark gray color.,mbeir_images/fashioniq_images/B00CDT7FHM.jpg,7:42131,2112,4609,3201,e5_omni,e5_omni,qwen3vl2b_vllm,0,0,0,0
3981,7:3982,composition_required,composition_required,multimodal_needed,Is black and white plaid with long sleeves and has more of a plaid print.,mbeir_images/fashioniq_images/B00AK46JK6.jpg,7:37268,1,79,17446,gme_qwen2vl_retriever_2,mmembed,vlm2vec_v2,3,0,0,0
3982,7:3983,unresolved,unresolved,multimodal_needed,Is dark blue and is blue and tighter.,mbeir_images/fashioniq_images/B00166XERS.jpg,7:22101,43,149,878,rzen_embed,e5_omni,,0,0,0,0
3983,7:3984,unresolved,unresolved,multimodal_needed,Has buttons and stripes and is more striped.,mbeir_images/fashioniq_images/B007T5JNJ8.jpg,7:60400,85,47,3295,lamra_qwen25vl,vlm2vec_v2,mmembed,0,0,0,0
3984,7:3985,composition_required,composition_required,multimodal_needed,Is black with a pixel character and is darker.,mbeir_images/fashioniq_images/B00854N5U0.jpg,7:37415,6,33,31,mmembed,qwen3vl8b_vllm,gemini_embedding_2,3,0,0,0
3986,7:3987,composition_required,composition_required,multimodal_needed,Is long sleeved and has longer sleeves.,mbeir_images/fashioniq_images/B0068VM5T4.jpg,7:22540,4,117,94,voyage_multimodal_35,qwen3vl2b_vllm,vlm2vec_v2,2,0,0,0
3987,7:3988,unresolved,unresolved,multimodal_needed,Is black colored and is black with white text.,mbeir_images/fashioniq_images/B00DEO35PQ.jpg,7:40143,565,1650,935,qwen3vl2b_vllm,e5_omni,qwen3vl8b_vllm,0,0,0,0
3988,7:3989,composition_required,composition_required,multimodal_needed,Is purple and is purple and has a different collar.,mbeir_images/fashioniq_images/B009G0S8CM.jpg,7:44501,4,18,1288,lamra_qwen25vl,mmembed,gme_qwen2vl_retriever_2,7,0,0,0
3990,7:3991,composition_required,composition_required,multimodal_needed,Has a darker plain color and is blue and no stripes.,mbeir_images/fashioniq_images/B000FQ9R62.jpg,7:37390,2,47,119,e5_omni,voyage_multimodal_35,,6,0,0,0
3992,7:3993,unresolved,unresolved,multimodal_needed,Is more wordy and has less color on it.,mbeir_images/fashioniq_images/B00BYIN01I.jpg,7:20815,69,412,625,vlm2vec_v2,lamra,gme_qwen2vl_retriever_2,0,0,0,0
3994,7:3995,composition_required,composition_required,multimodal_needed,Is more blue and yellow and is a blue color.,mbeir_images/fashioniq_images/B000OFIYP4.jpg,7:57724,9,245,313,mmembed,e5_omni,e5_omni,1,0,0,0
3995,7:3996,unresolved,unresolved,multimodal_needed,Does not have words but people and has less words on it.,mbeir_images/fashioniq_images/B0081GC10M.jpg,7:69930,18,1012,200,voyage_multimodal_35,qwen3vl2b_vllm,vlm2vec_v2,0,0,0,0
3996,7:3997,unresolved,unresolved,multimodal_needed,Is blue and has short sleeves and is plain colored.,mbeir_images/fashioniq_images/B00974VG2G.jpg,7:13983,386,7941,609,voyage_multimodal_35,voyage_multimodal_35,vlm2vec_v2,0,0,0,0
3997,7:3998,unresolved,unresolved,multimodal_needed,Is darker and is blue.,mbeir_images/fashioniq_images/B005Y4L6KK.jpg,7:2892,25,3129,13,gme_qwen2vl_retriever_2,,gme_qwen2vl_retriever_2,0,0,0,0
3998,7:3999,unresolved,unresolved,multimodal_needed,Is black and white and is more black and white checked.,mbeir_images/fashioniq_images/B00CH59Q38.jpg,7:33187,12,80,971,gemini_embedding_2,mmembed,lamra,0,0,0,0
3999,7:4000,unresolved,unresolved,multimodal_needed,Has short sleeves without collar and it has short sleeve and has no pocket.,mbeir_images/fashioniq_images/B0030DG7TC.jpg,7:68557,118,2545,2285,lamra,mmembed,gemini_embedding_2,0,0,0,0
4000,7:4001,unresolved,unresolved,multimodal_needed,Is brown with white words and is more brown with a different graphic.,mbeir_images/fashioniq_images/B00C2AXB66.jpg,7:5950,12,57,3485,voyage_multimodal_35,voyage_multimodal_35,,0,0,0,0
4001,7:4002,composition_required,composition_required,multimodal_needed,Is a gray long sleeved shirt and is solid gray with rolled sleeves.,mbeir_images/fashioniq_images/B00680K0D8.jpg,7:7782,6,69,521,gme_qwen2vl_retriever_2,rzen_embed,vlm2vec_v2,2,0,0,0
4002,7:4003,composition_required,composition_required,multimodal_needed,Is darker and more sporty and is black and tight.,mbeir_images/fashioniq_images/B005AJ1Q7M.jpg,7:50741,5,26,3248,rzen_embed,voyage_multimodal_35,qwen3vl2b_vllm,2,0,0,0
4003,7:4004,composition_required,composition_required,multimodal_needed,Its black with red print and is black with red logo.,mbeir_images/fashioniq_images/B00CH1JZ92.jpg,7:34527,4,235,85,lamra,mmembed,,5,0,0,0
4004,7:4005,unresolved,unresolved,multimodal_needed,Is striped and more colorful and is pliad and not gray.,mbeir_images/fashioniq_images/B005173VTO.jpg,7:58142,167,2768,1871,lamra,voyage_multimodal_35,,0,0,0,0
4005,7:4006,composition_required,composition_required,multimodal_needed,Is brown in color and is dark yellow with a different graphic.,mbeir_images/fashioniq_images/B004F9QDFS.jpg,7:38737,1,30,666,gme_qwen2vl_retriever_2,voyage_multimodal_35,,3,0,0,0
4006,7:4007,composition_required,composition_required,multimodal_needed,Black and less neck opening and is darker.,mbeir_images/fashioniq_images/B00FN9J26Q.jpg,7:15639,3,183,195,qwen3vl8b_vllm,voyage_multimodal_35,qwen3vl8b_vllm,2,0,0,0
4007,7:4008,unresolved,unresolved,multimodal_needed,Is a checked shirt with front pockets and is more formal.,mbeir_images/fashioniq_images/B006YDMYCY.jpg,7:48426,24,16,29210,voyage_multimodal_35,vlm2vec_v2,,0,0,0,0
4008,7:4009,composition_required,composition_required,multimodal_needed,Is more colorful and stripped and has stripes.,mbeir_images/fashioniq_images/B001GW76D0.jpg,7:50724,8,3851,35,lamra_qwen25vl,gme_qwen2vl_retriever_2,,1,0,0,0
4010,7:4011,composition_required,composition_required,multimodal_needed,Is a white long sleeved shirt and is solid white in color.,mbeir_images/fashioniq_images/B00750Y3DI.jpg,7:14397,2,152,280,voyage_multimodal_35,voyage_multimodal_35,vlm2vec_v2,5,0,0,0
4011,7:4012,unresolved,unresolved,multimodal_needed,Is green and is more of a light green color.,mbeir_images/fashioniq_images/B001PLAIAU.jpg,7:32002,298,1277,4013,lamra,lamra,gemini_embedding_2,0,0,0,0
4012,7:4013,composition_required,composition_required,multimodal_needed,Is made of fabric and has no studs and is a t shirt that resembles a vest.,mbeir_images/fashioniq_images/B000RQO9S6.jpg,7:24326,4,130,34,gemini_embedding_2,qwen3vl2b_vllm,,2,0,0,0
4014,7:4015,composition_required,composition_required,multimodal_needed,Has shorter sleeves and shorter sleeved.,mbeir_images/fashioniq_images/B003IWGZQA.jpg,7:30025,5,5446,71,rzen_embed,rzen_embed,qwen3vl2b_vllm,3,0,0,0
4015,7:4016,unresolved,unresolved,multimodal_needed,Has longer sleeves and only one color and is more formal.,mbeir_images/fashioniq_images/B00B4XUVKG.jpg,7:6614,795,3618,2340,lamra,rzen_embed,qwen3vl2b_vllm,0,0,0,0
4016,7:4017,unresolved,unresolved,multimodal_needed,Has a collar and is light blue and has buttons and a lighter color.,mbeir_images/fashioniq_images/B001LNGY1E.jpg,7:30796,2429,1245,11780,lamra_qwen25vl,lamra_qwen25vl,lamra_qwen25vl,0,0,0,0
4017,7:4018,composition_required,composition_required,multimodal_needed,Is white without collar and is white and not colored.,mbeir_images/fashioniq_images/B008B18A8Y.jpg,7:30943,3,604,5625,qwen3vl8b_vllm,rzen_embed,qwen3vl2b_vllm,1,0,0,0
4019,7:4020,composition_required,composition_required,multimodal_needed,Is white in color and is white with different colored lettering.,mbeir_images/fashioniq_images/B004YOAT9A.jpg,7:38455,5,214,12,qwen3vl8b_vllm,gemini_embedding_2,,2,0,0,0
4022,7:4023,unresolved,unresolved,multimodal_needed,Is not as colorful and is blue and is a lighter shirt.,mbeir_images/fashioniq_images/B0085709D8.jpg,7:11892,49,2088,62,gme_qwen2vl_retriever_2,voyage_multimodal_35,,0,0,0,0
4024,7:4025,composition_required,composition_required,multimodal_needed,Is brighter and more colorful and is more red.,mbeir_images/fashioniq_images/B0036SQCKK.jpg,7:23546,4,2140,210,lamra,rzen_embed,lamra,2,0,0,0
4025,7:4026,unresolved,unresolved,multimodal_needed,Has a larger logo and is less faded.,mbeir_images/fashioniq_images/B009QCMOO8.jpg,7:11548,14,1727,22,e5_omni,gemini_embedding_2,rzen_embed,0,0,0,0
4026,7:4027,unresolved,unresolved,multimodal_needed,Is a brighter color and button down and it is less casual and less design.,mbeir_images/fashioniq_images/B009BDY8AA.jpg,7:46363,149,1005,13237,gemini_embedding_2,qwen3vl2b_vllm,voyage_multimodal_35,0,0,0,0
4028,7:4029,unresolved,unresolved,multimodal_needed,Is tropical with buttons and a collar and is button up and more floral.,mbeir_images/fashioniq_images/B00A87A77Q.jpg,7:46894,77,72,8097,gme_qwen2vl_retriever_2,lamra,voyage_multimodal_35,0,0,0,0
4029,7:4030,unresolved,unresolved,multimodal_needed,Is darker in color and has a bigger graphic and is much darker in colour.,mbeir_images/fashioniq_images/B005R961PM.jpg,7:21339,28,2134,341,lamra_qwen25vl,mmembed,vlm2vec_v2,0,0,0,0
4031,7:4032,composition_required,composition_required,multimodal_needed,Is white and looks looser and is lighter.,mbeir_images/fashioniq_images/B004YWBYNW.jpg,7:66781,1,1410,11,voyage_multimodal_35,voyage_multimodal_35,,8,0,0,0
4032,7:4033,unresolved,unresolved,multimodal_needed,Is more of a muscle shirt with skull and has no sleeves.,mbeir_images/fashioniq_images/B009SNIEGW.jpg,7:63130,12,14,4433,lamra,lamra_qwen25vl,mmembed,0,0,0,0
4034,7:4035,unresolved,unresolved,multimodal_needed,Is more monochromatic and grey and solid colored no shoulder straps.,mbeir_images/fashioniq_images/B005G4XMFK.jpg,7:11527,27,1788,77,vlm2vec_v2,vlm2vec_v2,e5_omni,0,0,0,0
4036,7:4037,unresolved,unresolved,multimodal_needed,Is a black short sleeve tshirt full white logo and is a black tshirt with a white design covering it.,mbeir_images/fashioniq_images/B008MATC54.jpg,7:35827,66,43,4553,gemini_embedding_2,gemini_embedding_2,lamra,0,0,0,0
4038,7:4039,unresolved,unresolved,multimodal_needed,Has stripes and button down with pocket on front and is a button down with longer sleeves.,mbeir_images/fashioniq_images/B009WVHAXI.jpg,7:37540,138,59,730,gme_qwen2vl_retriever_2,lamra_qwen25vl,gme_qwen2vl_retriever_2,0,0,0,0
4041,7:4042,unresolved,unresolved,multimodal_needed,Is blue and has sleeves and is a gray graphic tee.,mbeir_images/fashioniq_images/B0026HE9CU.jpg,7:62014,2625,691,23230,lamra_qwen25vl,gemini_embedding_2,vlm2vec_v2,0,0,0,0
4042,7:4043,unresolved,unresolved,multimodal_needed,Has more patterns and is darker in color and has more stripes.,mbeir_images/fashioniq_images/B00CB7F3E8.jpg,7:42838,1322,3132,2298,lamra_qwen25vl,voyage_multimodal_35,vlm2vec_v2,0,0,0,0
4043,7:4044,unresolved,unresolved,multimodal_needed,Has longer sleeves and blue in the plaid and is blue in color.,mbeir_images/fashioniq_images/B004U9F624.jpg,7:14747,12,137,60,vlm2vec_v2,e5_omni,voyage_multimodal_35,0,0,0,0
4048,7:4049,unresolved,unresolved,multimodal_needed,I taank top and has spaghetti straps.,mbeir_images/fashioniq_images/B0088WRQVS.jpg,7:36443,269,74,12265,mmembed,gme_qwen2vl_retriever_2,gemini_embedding_2,0,0,0,0
4052,7:4053,unresolved,unresolved,multimodal_needed,Is red in color and is red and less revealing.,mbeir_images/fashioniq_images/B007GO8A00.jpg,7:9189,14,852,1794,lamra,e5_omni,voyage_multimodal_35,0,0,0,0
4053,7:4054,composition_required,composition_required,multimodal_needed,The shirt is white with gray designs and is long sleeved and button up.,mbeir_images/fashioniq_images/B0081XJQZI.jpg,7:72653,1,26,1560,lamra,lamra,lamra_qwen25vl,5,0,0,0
4055,7:4056,composition_required,composition_required,multimodal_needed,Has a black color and no v-neck and is darker and has a higher neckline.,mbeir_images/fashioniq_images/B00ADM33S6.jpg,7:52985,7,372,387,lamra_qwen25vl,e5_omni,,1,0,0,0
4059,7:4060,unresolved,unresolved,multimodal_needed,Has long sleeves and is more yellow and red color.,mbeir_images/fashioniq_images/B00BE75USU.jpg,7:67770,115,684,284,e5_omni,voyage_multimodal_35,gemini_embedding_2,0,0,0,0
4061,7:4062,unresolved,unresolved,multimodal_needed,The tank top has a flower pattern and has brighter flowers & a cinched waist.,mbeir_images/fashioniq_images/B007G11JF6.jpg,7:51836,54,27,367,voyage_multimodal_35,mmembed,gme_qwen2vl_retriever_2,0,0,0,0
4062,7:4063,composition_required,composition_required,multimodal_needed,Is shorter and more bold and is orange.,mbeir_images/fashioniq_images/B006MHUH0I.jpg,7:70597,3,406,218,gemini_embedding_2,rzen_embed,qwen3vl8b_vllm,7,0,0,0
4066,7:4067,unresolved,unresolved,multimodal_needed,Is longer and more loose fitting and is much looser and lighter colored.,mbeir_images/fashioniq_images/B00CN3WUP0.jpg,7:21284,46,850,60,vlm2vec_v2,voyage_multimodal_35,,0,0,0,0
4067,7:4068,unresolved,unresolved,multimodal_needed,Is sleeveless and more grunge and has shorter sleeves.,mbeir_images/fashioniq_images/B006C4Y45A.jpg,7:59710,13,36,12748,vlm2vec_v2,lamra_qwen25vl,vlm2vec_v2,0,0,0,0
4069,7:4070,composition_required,composition_required,multimodal_needed,Has floral and shiny color and is more multi colored.,mbeir_images/fashioniq_images/B00DLYL2ZO.jpg,7:56054,8,88,23068,gemini_embedding_2,qwen3vl2b_vllm,rzen_embed,2,0,0,0
4070,7:4071,unresolved,unresolved,multimodal_needed,Orange pleating in front and is orange.,mbeir_images/fashioniq_images/B008A4OUC2.jpg,7:58010,70,118,9132,qwen3vl2b_vllm,lamra,qwen3vl2b_vllm,0,0,0,0
4071,7:4072,composition_required,composition_required,multimodal_needed,Has a long sleeve and black color and is darker colored and has a v-neck.,mbeir_images/fashioniq_images/B005V9YOS4.jpg,7:25363,2,34,86,gme_qwen2vl_retriever_2,rzen_embed,,4,0,0,0
4074,7:4075,unresolved,unresolved,multimodal_needed,Is striped down and has wide neck and is a light fabric in gray colors and a non button up.,mbeir_images/fashioniq_images/B00DLAFC0O.jpg,7:44844,66,35,5627,mmembed,mmembed,mmembed,0,0,0,0
4076,7:4077,composition_required,composition_required,multimodal_needed,A short sleeve striped loose shirt and has no buttons.,mbeir_images/fashioniq_images/B00CTA3OT8.jpg,7:756,3,37,1203,lamra_qwen25vl,gemini_embedding_2,e5_omni,3,0,0,0
4080,7:4081,unresolved,unresolved,multimodal_needed,Has short sleeves with colorful art and has a solid background.,mbeir_images/fashioniq_images/B002Q2O178.jpg,7:2159,52,57,5261,lamra,lamra,lamra,0,0,0,0
4081,7:4082,unresolved,unresolved,multimodal_needed,Is darker with no print and white t-shirt.,mbeir_images/fashioniq_images/B00BP9DXPO.jpg,7:20196,392,4213,10320,mmembed,mmembed,mmembed,0,0,0,0
4082,7:4083,unresolved,unresolved,multimodal_needed,More colorful and patterned and has more of a pattern to it.,mbeir_images/fashioniq_images/B00DV6C8LE.jpg,7:20724,15,221,2396,rzen_embed,lamra,qwen3vl2b_vllm,0,0,0,0
4083,7:4084,unresolved,unresolved,multimodal_needed,It is darker in color with not sleeves and black spaghetti strap tank top.,mbeir_images/fashioniq_images/B000PZQ0MW.jpg,7:3108,32,34,1691,gemini_embedding_2,gemini_embedding_2,qwen3vl2b_vllm,0,0,0,0
4084,7:4085,unresolved,unresolved,multimodal_needed,Is darker and has longer sleeves and is grey and more flowing.,mbeir_images/fashioniq_images/B000YYBM54.jpg,7:40354,32,22,3670,gme_qwen2vl_retriever_2,e5_omni,e5_omni,0,0,0,0
4087,7:4088,composition_required,composition_required,multimodal_needed,The shirt is long sleeved white in color with black cuffs and a black stripe and is a lighter color and has a gaphic.,mbeir_images/fashioniq_images/B0077497O2.jpg,7:12082,5,99,2245,rzen_embed,lamra_qwen25vl,mmembed,2,0,0,0
4089,7:4090,composition_required,composition_required,multimodal_needed,Is white sleeveless with floral print and is white with floral pattern.,mbeir_images/fashioniq_images/B00BADDV6Q.jpg,7:7575,6,31,5432,lamra,lamra_qwen25vl,lamra_qwen25vl,2,0,0,0
4090,7:4091,unresolved,unresolved,multimodal_needed,Is sleeveless solid black and ruffled and is darker and has shorter sleeves.,mbeir_images/fashioniq_images/B005Z94IMM.jpg,7:33494,25,47,1243,lamra_qwen25vl,gme_qwen2vl_retriever_2,mmembed,0,0,0,0
4091,7:4092,unresolved,unresolved,multimodal_needed,Is white with longer sleeves and with v neckline.,mbeir_images/fashioniq_images/B00BF6VD2M.jpg,7:63719,73,598,837,rzen_embed,voyage_multimodal_35,rzen_embed,0,0,0,0
4092,7:4093,unresolved,unresolved,multimodal_needed,Has no sleeves and only black color and is more black and fitted.,mbeir_images/fashioniq_images/B007O3TPJI.jpg,7:34932,18,56,832,gme_qwen2vl_retriever_2,gme_qwen2vl_retriever_2,qwen3vl8b_vllm,0,0,0,0
4093,7:4094,unresolved,unresolved,multimodal_needed,Has v neck and color is less blue and is blue in color.,mbeir_images/fashioniq_images/B0090YFTEE.jpg,7:16634,51,3953,314,gemini_embedding_2,qwen3vl8b_vllm,gemini_embedding_2,0,0,0,0
4094,7:4095,unresolved,unresolved,multimodal_needed,Is black colored and less revealing and has a higher neckline and is less sporty.,mbeir_images/fashioniq_images/B007E67LT6.jpg,7:5261,185,229,2325,qwen3vl8b_vllm,voyage_multimodal_35,,0,0,0,0
4095,7:4096,composition_required,composition_required,multimodal_needed,Is a short sleeve with gray and white stripes and is pale grey and white stripes.,mbeir_images/fashioniq_images/B00AK1OD66.jpg,7:58830,1,56,123,gemini_embedding_2,gemini_embedding_2,mmembed,7,0,0,0
4096,7:4097,composition_required,composition_required,multimodal_needed,Is more colorful and tighter and is blue.,mbeir_images/fashioniq_images/B007WAE516.jpg,7:39327,2,128,165,lamra_qwen25vl,qwen3vl2b_vllm,,7,0,0,0
4097,7:4098,unresolved,unresolved,multimodal_needed,The shirt is black and is in a floral design.,mbeir_images/fashioniq_images/B008TBS8UG.jpg,7:1752,2078,3196,15466,qwen3vl8b_vllm,vlm2vec_v2,,0,0,0,0
4098,7:4099,unresolved,unresolved,multimodal_needed,Is a wrapped up tube and exposes the midriff.,mbeir_images/fashioniq_images/B00BDGQK90.jpg,7:64022,1019,19,4600,gemini_embedding_2,mmembed,gemini_embedding_2,0,0,0,0
4100,7:4101,unresolved,unresolved,multimodal_needed,Is less revealing and official and is black colored with sleeves and less revealing.,mbeir_images/fashioniq_images/B00BDGQK90.jpg,7:63522,449,4427,688,lamra_qwen25vl,lamra_qwen25vl,rzen_embed,0,0,0,0
4101,7:4102,unresolved,unresolved,multimodal_needed,Is solid colored and more femanen.,mbeir_images/fashioniq_images/B00BU9F40G.jpg,7:62747,13,12,1708,voyage_multimodal_35,voyage_multimodal_35,mmembed,0,0,0,0
4102,7:4103,composition_required,composition_required,multimodal_needed,Is gold glitter with black top and has longer sleeves and is tighter.,mbeir_images/fashioniq_images/B005JR1KA8.jpg,7:34342,2,12,29,gemini_embedding_2,qwen3vl2b_vllm,qwen3vl2b_vllm,1,0,0,0
4104,7:4105,composition_required,composition_required,multimodal_needed,Is sleeveless and is black and white and sleeveless.,mbeir_images/fashioniq_images/B00FJF5ZEC.jpg,7:660,3,202,1481,lamra,lamra_qwen25vl,,2,0,0,0
4105,7:4106,composition_required,composition_required,multimodal_needed,Is a solid color and is red and has a dot pattern.,mbeir_images/fashioniq_images/B00BXIPAQ2.jpg,7:20549,2,68,535,mmembed,qwen3vl8b_vllm,,7,0,0,0
4106,7:4107,unresolved,unresolved,multimodal_needed,Is a fitted blue t shirt and is lighter colored.,mbeir_images/fashioniq_images/B009K2N8GW.jpg,7:6433,102,124,372,gemini_embedding_2,lamra,,0,0,0,0
4108,7:4109,composition_required,composition_required,multimodal_needed,The long sleeve shirt is red and gray in color and it is red and has a longer sleeve.,mbeir_images/fashioniq_images/B00A0I88VU.jpg,7:46740,4,81,4741,mmembed,mmembed,lamra,2,0,0,0
4109,7:4110,unresolved,unresolved,multimodal_needed,Has more images and shorter sleeves and is blue with short sleeves.,mbeir_images/fashioniq_images/B009LHR3P8.jpg,7:21992,17,41,10772,lamra,lamra,voyage_multimodal_35,0,0,0,0
4110,7:4111,composition_required,composition_required,multimodal_needed,Has longer sleeves and is shorter and has long sleeves and is darker.,mbeir_images/fashioniq_images/B003IM4JU4.jpg,7:12408,2,59,67,gme_qwen2vl_retriever_2,gme_qwen2vl_retriever_2,,5,0,0,0
4111,7:4112,composition_required,composition_required,multimodal_needed,The shirt is short sleeved and light green in color and is soft green colored.,mbeir_images/fashioniq_images/B003QORJKQ.jpg,7:36488,1,33,46,e5_omni,gemini_embedding_2,,11,0,0,0
4113,7:4114,composition_required,composition_required,multimodal_needed,Is red with yellow lettering and red different logo.,mbeir_images/fashioniq_images/B004NE6UZ8.jpg,7:71065,5,53,4783,qwen3vl8b_vllm,qwen3vl8b_vllm,gme_qwen2vl_retriever_2,1,0,0,0
4114,7:4115,composition_required,composition_required,multimodal_needed,Is more  colorful  and has a pattern and is more plaid and longer sleeves.,mbeir_images/fashioniq_images/B00A3MV3CO.jpg,7:40578,3,176,339,rzen_embed,vlm2vec_v2,,5,0,0,0
4115,7:4116,unresolved,unresolved,multimodal_needed,Is black with short sleeves and is darker in color.,mbeir_images/fashioniq_images/B005JWECI0.jpg,7:4716,1171,125,17396,lamra_qwen25vl,lamra,qwen3vl8b_vllm,0,0,0,0
4116,7:4117,unresolved,unresolved,multimodal_needed,Is lighter and is dark grey and has round neck.,mbeir_images/fashioniq_images/B007C3LIX6.jpg,7:16565,3225,1755,9778,lamra,qwen3vl8b_vllm,lamra,0,0,0,0
4117,7:4118,unresolved,unresolved,multimodal_needed,Has short sleeves and is a larger fit and is black with white logo.,mbeir_images/fashioniq_images/B007R1QAJA.jpg,7:32038,242,248,19278,mmembed,gemini_embedding_2,mmembed,0,0,0,0
4118,7:4119,unresolved,unresolved,multimodal_needed,Is darker and looser and has a bigger logo and more blue in it.,mbeir_images/fashioniq_images/B00CHYIX56.jpg,7:51757,2296,1277,9034,qwen3vl8b_vllm,lamra_qwen25vl,rzen_embed,0,0,0,0
4119,7:4120,unresolved,unresolved,multimodal_needed,Short sleeves and is white with shorter sleeves.,mbeir_images/fashioniq_images/B0035EPUBW.jpg,7:23349,1137,920,5314,qwen3vl8b_vllm,qwen3vl8b_vllm,vlm2vec_v2,0,0,0,0
4121,7:4122,unresolved,unresolved,multimodal_needed,Has shorter sleeves and a design and has short sleeves.,mbeir_images/fashioniq_images/B00ALWZLS8.jpg,7:70678,5585,885,5300,mmembed,,gme_qwen2vl_retriever_2,0,0,0,0
4122,7:4123,unresolved,unresolved,multimodal_needed,Sleeveless and is more shiny and sexy.,mbeir_images/fashioniq_images/B00C8FZDCK.jpg,7:1741,12,15,8986,lamra,lamra,rzen_embed,0,0,0,0
4123,7:4124,unresolved,unresolved,multimodal_needed,Is more revealing and is more sexy and revealing.,mbeir_images/fashioniq_images/B0092TZZ1Y.jpg,7:15904,5170,251,32002,lamra_qwen25vl,lamra_qwen25vl,mmembed,0,0,0,0
4124,7:4125,unresolved,unresolved,multimodal_needed,Is solid black with a v neck and is black and has short sleeves.,mbeir_images/fashioniq_images/B0076OB20A.jpg,7:69108,19,44,480,vlm2vec_v2,lamra_qwen25vl,vlm2vec_v2,0,0,0,0
4127,7:4128,unresolved,unresolved,multimodal_needed,Is navy blue with white words and is darker colored.,mbeir_images/fashioniq_images/B007TWL7L8.jpg,7:5096,452,441,6981,gme_qwen2vl_retriever_2,gme_qwen2vl_retriever_2,qwen3vl2b_vllm,0,0,0,0
4128,7:4129,unresolved,unresolved,multimodal_needed,Has a shorter sleeve with different art patterns and has 3/4 sleeves.,mbeir_images/fashioniq_images/B00BGV7G9A.jpg,7:12284,71,1690,181,lamra_qwen25vl,lamra_qwen25vl,e5_omni,0,0,0,0
4129,7:4130,composition_required,composition_required,multimodal_needed,Is yellow and has short sleeves and is beige and shorter sleeves.,mbeir_images/fashioniq_images/B00CJGBH1Y.jpg,7:27851,7,517,67,lamra,gemini_embedding_2,vlm2vec_v2,2,0,0,0
4130,7:4131,unresolved,unresolved,multimodal_needed,Has short sleeves and white shiny and is white.,mbeir_images/fashioniq_images/B008P6YR6E.jpg,7:58942,20,67,781,e5_omni,qwen3vl8b_vllm,lamra,0,0,0,0
4132,7:4133,composition_required,composition_required,multimodal_needed,Is gray with colorful prints and is more colorful and less formal.,mbeir_images/fashioniq_images/B004F3NKGO.jpg,7:69332,1,31,89,e5_omni,qwen3vl8b_vllm,lamra,10,0,0,0
4134,7:4135,composition_required,composition_required,multimodal_needed,Is more flowy and darker and is solid black in color.,mbeir_images/fashioniq_images/B00522PG28.jpg,7:57080,10,124,276,qwen3vl8b_vllm,gemini_embedding_2,rzen_embed,2,0,0,0
4135,7:4136,unresolved,unresolved,multimodal_needed,Is a short sleeve black gothic shirt and is darker and more scary looking.,mbeir_images/fashioniq_images/B00CIB6S96.jpg,7:29133,68,549,231,qwen3vl8b_vllm,qwen3vl8b_vllm,voyage_multimodal_35,0,0,0,0
4137,7:4138,unresolved,unresolved,multimodal_needed,Has large red and blue flower and has flower motif in red and blue.,mbeir_images/fashioniq_images/B008J7WSS8.jpg,7:2205,31,38,584,gemini_embedding_2,gemini_embedding_2,,0,0,0,0
4141,7:4142,composition_required,composition_required,multimodal_needed,Is darker and less nerdy and is dark brown and has more print.,mbeir_images/fashioniq_images/B006C2CO40.jpg,7:57810,10,52,30,lamra_qwen25vl,gme_qwen2vl_retriever_2,lamra_qwen25vl,1,0,0,0
4142,7:4143,unresolved,unresolved,multimodal_needed,Is red with more sleeves and has short sleeves and is entirely in red.,mbeir_images/fashioniq_images/B0083WYHCO.jpg,7:16042,19,1013,666,vlm2vec_v2,mmembed,,0,0,0,0
4143,7:4144,composition_required,composition_required,multimodal_needed,Is purple and more plain and is darker.,mbeir_images/fashioniq_images/B00ATF1P8M.jpg,7:46014,2,256,320,lamra_qwen25vl,lamra_qwen25vl,,4,0,0,0
4144,7:4145,unresolved,unresolved,multimodal_needed,Is more brighter in color and has lace and pink.,mbeir_images/fashioniq_images/B00DEZTDCE.jpg,7:63651,32,203,3214,qwen3vl2b_vllm,e5_omni,qwen3vl2b_vllm,0,0,0,0
4145,7:4146,unresolved,unresolved,multimodal_needed,Is lighter with a different logo and has a lighter blue.,mbeir_images/fashioniq_images/B0043Y8L5K.jpg,7:18584,102,53,617,lamra_qwen25vl,gme_qwen2vl_retriever_2,lamra_qwen25vl,0,0,0,0
4146,7:4147,unresolved,unresolved,multimodal_needed,Has a bolder pattern and is less sophisticated and has large round neck and is light blue color.,mbeir_images/fashioniq_images/B008LZL9EW.jpg,7:10896,19,217,262,mmembed,gemini_embedding_2,mmembed,0,0,0,0
4147,7:4148,unresolved,unresolved,multimodal_needed,Is black and has short sleeves and is grey with image.,mbeir_images/fashioniq_images/B008WYCFGI.jpg,7:71160,3752,809,60841,mmembed,mmembed,qwen3vl2b_vllm,0,0,0,0
4148,7:4149,composition_required,composition_required,multimodal_needed,Is wider and is more wordy and less form fitting.,mbeir_images/fashioniq_images/B003TY105S.jpg,7:36816,6,5841,35,lamra,vlm2vec_v2,lamra,2,0,0,0
4149,7:4150,unresolved,unresolved,multimodal_needed,The long sleeve shirt is pink in color and is pink with regular sleeves.,mbeir_images/fashioniq_images/B004H3XMYM.jpg,7:37652,15,84,3001,lamra_qwen25vl,gme_qwen2vl_retriever_2,,0,0,0,0
4152,7:4153,unresolved,unresolved,multimodal_needed,Is white t shirt and masculine and is white.,mbeir_images/fashioniq_images/B00C0G8TI2.jpg,7:68048,322,710,9615,e5_omni,e5_omni,rzen_embed,0,0,0,0
4153,7:4154,unresolved,unresolved,multimodal_needed,Is tunic Tacy and less yellow and is frizzy and brown and sexy.,mbeir_images/fashioniq_images/B005NY5YK4.jpg,7:72205,38,872,153,qwen3vl8b_vllm,lamra_qwen25vl,mmembed,0,0,0,0
4154,7:4155,composition_required,composition_required,multimodal_needed,Is yellow colored and is yellow.,mbeir_images/fashioniq_images/B003EACZ9M.jpg,7:35109,4,67,143,gme_qwen2vl_retriever_2,rzen_embed,,9,0,0,0
4155,7:4156,composition_required,composition_required,multimodal_needed,Is purple and has smaller round neck and is pink color.,mbeir_images/fashioniq_images/B004TSAE9Q.jpg,7:43146,4,159,1170,lamra_qwen25vl,gemini_embedding_2,e5_omni,2,0,0,0
4156,7:4157,unresolved,unresolved,multimodal_needed,Is more whimsical and colorful and it is colorful and has a short sleeve.,mbeir_images/fashioniq_images/B007HEWEWE.jpg,7:51916,98,2235,2932,qwen3vl2b_vllm,voyage_multimodal_35,gemini_embedding_2,0,0,0,0
4158,7:4159,composition_required,composition_required,multimodal_needed,Has long sleeves and has long sleeves and a blue fabric decorating the midriff.,mbeir_images/fashioniq_images/B007GO8A00.jpg,7:32875,1,27,1001,lamra,e5_omni,qwen3vl2b_vllm,7,0,0,0
4160,7:4161,unresolved,unresolved,multimodal_needed,Is orange and has long sleeves and white graphic.,mbeir_images/fashioniq_images/B006MQ5XBW.jpg,7:66857,36,70,2902,gme_qwen2vl_retriever_2,gme_qwen2vl_retriever_2,gme_qwen2vl_retriever_2,0,0,0,0
4161,7:4162,composition_required,composition_required,multimodal_needed,Is sleeveless and pink and is shorter and more beachy.,mbeir_images/fashioniq_images/B00C64M1BY.jpg,7:26522,7,123,4351,lamra_qwen25vl,voyage_multimodal_35,gemini_embedding_2,2,0,0,0
4165,7:4166,unresolved,unresolved,multimodal_needed,Is more of a tank top with less floral pattern and is dark pink and has smaller v-neck.,mbeir_images/fashioniq_images/B006M6B9ME.jpg,7:38452,208,3025,445,rzen_embed,rzen_embed,lamra,0,0,0,0
4166,7:4167,unresolved,unresolved,multimodal_needed,The shirt has cut outs in the back and is black in color and has a zipper back and with no sleeves.,mbeir_images/fashioniq_images/B009F1HC8I.jpg,7:31619,24,31,24856,qwen3vl2b_vllm,qwen3vl8b_vllm,qwen3vl8b_vllm,0,0,0,0
4168,7:4169,composition_required,composition_required,multimodal_needed,Is darker and has narrower straps and is more grungy.,mbeir_images/fashioniq_images/B00AX2S3TU.jpg,7:34164,1,318,31,voyage_multimodal_35,mmembed,,4,0,0,0
4169,7:4170,composition_required,composition_required,multimodal_needed,Is brighter and is yellow in color.,mbeir_images/fashioniq_images/B005X6RYYQ.jpg,7:9663,1,219,330,qwen3vl8b_vllm,e5_omni,gemini_embedding_2,7,0,0,0
4170,7:4171,unresolved,unresolved,multimodal_needed,Is brighter in color and is lighter and masculine.,mbeir_images/fashioniq_images/B007Z4WRC8.jpg,7:51190,2390,9155,3839,mmembed,gemini_embedding_2,voyage_multimodal_35,0,0,0,0
4171,7:4172,unresolved,unresolved,multimodal_needed,Has shorter sleeves and is solid white and cream with shorter sleeves.,mbeir_images/fashioniq_images/B00CTA3OT8.jpg,7:7106,28,26,4304,qwen3vl8b_vllm,gemini_embedding_2,,0,0,0,0
4172,7:4173,composition_required,composition_required,multimodal_needed,The shirt is loose fitting and brown in color and is a brown color.,mbeir_images/fashioniq_images/B007W9ZJK8.jpg,7:43097,2,13,499,qwen3vl2b_vllm,qwen3vl8b_vllm,qwen3vl8b_vllm,3,0,0,0
4173,7:4174,composition_required,composition_required,multimodal_needed,Is sleevelass and a solid color and is white with straps.,mbeir_images/fashioniq_images/B005MGB0S8.jpg,7:13832,4,30,2866,gemini_embedding_2,vlm2vec_v2,gemini_embedding_2,6,0,0,0
4174,7:4175,unresolved,unresolved,multimodal_needed,Is a black  with white loose fitting dress and is less colorful and less floral.,mbeir_images/fashioniq_images/B00FIYMN9Y.jpg,7:49271,2180,965,7688,qwen3vl2b_vllm,lamra,mmembed,0,0,0,0
4176,7:4177,unresolved,unresolved,multimodal_needed,Is lighter and has longer sleeves and is pure white colored.,mbeir_images/fashioniq_images/B007UJVK8A.jpg,7:48353,11,23,812,rzen_embed,mmembed,gemini_embedding_2,0,0,0,0
4178,7:4179,unresolved,unresolved,multimodal_needed,The long sleeved shirt is olive green and is a button down grey long sleeve shirt.,mbeir_images/fashioniq_images/B009SSTEPW.jpg,7:8136,154,429,263,voyage_multimodal_35,lamra_qwen25vl,lamra_qwen25vl,0,0,0,0
4180,7:4181,unresolved,unresolved,multimodal_needed,Has long sleeves and classy and it has a longer sleeve and it is white.,mbeir_images/fashioniq_images/B00DEZTDCE.jpg,7:61272,244,86,9977,voyage_multimodal_35,rzen_embed,e5_omni,0,0,0,0
4182,7:4183,composition_required,composition_required,multimodal_needed,Is white colored and is less religious and more humorous.,mbeir_images/fashioniq_images/B00DHLT0T6.jpg,7:65957,3,33,1462,gme_qwen2vl_retriever_2,e5_omni,voyage_multimodal_35,2,0,0,0
4184,7:4185,unresolved,unresolved,multimodal_needed,Has more colored patterns and is more colorful.,mbeir_images/fashioniq_images/B00BM27KWQ.jpg,7:22395,18,464,200,lamra_qwen25vl,voyage_multimodal_35,qwen3vl8b_vllm,0,0,0,0
4185,7:4186,unresolved,unresolved,multimodal_needed,Is more revealing and is blue with a skirted bottom.,mbeir_images/fashioniq_images/B0058GP0K6.jpg,7:35675,871,446,9235,gme_qwen2vl_retriever_2,lamra_qwen25vl,qwen3vl8b_vllm,0,0,0,0
4188,7:4189,composition_required,composition_required,multimodal_needed,Has deeper neckline and longer sleeves and has longer sleeves and a lower neckline.,mbeir_images/fashioniq_images/B000GHI53Q.jpg,7:41136,1,610,29,mmembed,e5_omni,vlm2vec_v2,4,0,0,0
4189,7:4190,composition_required,composition_required,multimodal_needed,The shirt is white in color and is a white tshirt.,mbeir_images/fashioniq_images/B007M47VUY.jpg,7:8029,2,742,21,gme_qwen2vl_retriever_2,vlm2vec_v2,gemini_embedding_2,5,0,0,0
4190,7:4191,composition_required,composition_required,multimodal_needed,Is more plain and ruched at the bottom and is grey and longer sleeved.,mbeir_images/fashioniq_images/B0093Y4HTE.jpg,7:28621,3,90,402,gme_qwen2vl_retriever_2,gme_qwen2vl_retriever_2,,3,0,0,0
4192,7:4193,unresolved,unresolved,multimodal_needed,Is red and less revealing and is solid red.,mbeir_images/fashioniq_images/B0074HOAEO.jpg,7:49233,1934,3305,6404,lamra_qwen25vl,qwen3vl8b_vllm,qwen3vl8b_vllm,0,0,0,0
4193,7:4194,composition_required,composition_required,multimodal_needed,Has a shorter sleeve with multiple stripes and is multi colored scoop neck with 1/4 sleeves.,mbeir_images/fashioniq_images/B00C8FZDCK.jpg,7:14634,1,12,997,gme_qwen2vl_retriever_2,gme_qwen2vl_retriever_2,gemini_embedding_2,6,0,0,0
4195,7:4196,unresolved,unresolved,multimodal_needed,Is more sheer and one color and strap sleeves pink under shirt with long sleeve lace over shirt.,mbeir_images/fashioniq_images/B000ACJV9Y.jpg,7:33273,98,51,9216,lamra_qwen25vl,qwen3vl2b_vllm,lamra,0,0,0,0
4196,7:4197,unresolved,unresolved,multimodal_needed,Is a three quarter sleeve v neck footbal shirt and is black colored and gray stripe sleeve detail.,mbeir_images/fashioniq_images/B0018DWZJC.jpg,7:13583,19,20,6144,lamra,gemini_embedding_2,voyage_multimodal_35,0,0,0,0
4197,7:4198,unresolved,unresolved,multimodal_needed,Is lighter and longer with no buttons and is white with brown stripes.,mbeir_images/fashioniq_images/B00AMOM4FI.jpg,7:57996,138,102,9064,mmembed,mmembed,mmembed,0,0,0,0
4200,7:4201,unresolved,unresolved,multimodal_needed,Is more casual and fitted and is a green form-fitting T-shirt.,mbeir_images/fashioniq_images/B00BQLAARU.jpg,7:32467,177,170,27415,qwen3vl8b_vllm,lamra,qwen3vl8b_vllm,0,0,0,0
4201,7:4202,composition_required,composition_required,multimodal_needed,Is two toned and casual and has red color to it.,mbeir_images/fashioniq_images/B007WA3ZE4.jpg,7:54841,1,11,31,gme_qwen2vl_retriever_2,mmembed,gme_qwen2vl_retriever_2,10,0,0,0
4202,7:4203,unresolved,unresolved,multimodal_needed,The shirt is loss fitting and black and white in color and is darker in color and has sleeves.,mbeir_images/fashioniq_images/B00BDJ1DQM.jpg,7:17677,21,325,3560,qwen3vl8b_vllm,lamra_qwen25vl,,0,0,0,0
4203,7:4204,unresolved,unresolved,multimodal_needed,The shirt is blue and light bllue and is a solid blue color.,mbeir_images/fashioniq_images/B00BADDV6Q.jpg,7:5475,681,2792,3852,mmembed,qwen3vl8b_vllm,mmembed,0,0,0,0
4204,7:4205,unresolved,unresolved,multimodal_needed,Is darker and has shorter sleeves and purple tunic teeshirt  suicide squad logo.,mbeir_images/fashioniq_images/B00AO4NI3I.jpg,7:51478,50,44,15144,lamra_qwen25vl,gemini_embedding_2,mmembed,0,0,0,0
4205,7:4206,unresolved,unresolved,multimodal_needed,Is blue with white lettering and is blue.,mbeir_images/fashioniq_images/B007MMYOQU.jpg,7:26038,24,22,3955,lamra_qwen25vl,lamra,gemini_embedding_2,0,0,0,0
4206,7:4207,composition_required,composition_required,multimodal_needed,Is longer with a vibrant print and is longer with zigzag.,mbeir_images/fashioniq_images/B0036MPEUU.jpg,7:16080,4,33,11874,lamra_qwen25vl,qwen3vl8b_vllm,qwen3vl8b_vllm,2,0,0,0
4207,7:4208,composition_required,composition_required,multimodal_needed,The shirt is black in color with a yellow and white design and goes on the torso and is black colored.,mbeir_images/fashioniq_images/B009M8MWK2.jpg,7:59321,2,64,65,qwen3vl8b_vllm,e5_omni,gemini_embedding_2,5,0,0,0
4209,7:4210,unresolved,unresolved,multimodal_needed,Is black with cheetah designs and has sleeves and is black.,mbeir_images/fashioniq_images/B009YK91RA.jpg,7:18163,32,47,5325,rzen_embed,voyage_multimodal_35,vlm2vec_v2,0,0,0,0
4210,7:4211,composition_required,composition_required,multimodal_needed,Has no sleeves and has a blue color and strap sleeves blue.,mbeir_images/fashioniq_images/B00987K8EO.jpg,7:4830,1,238,1677,lamra,gemini_embedding_2,qwen3vl2b_vllm,6,0,0,0
4211,7:4212,composition_required,composition_required,multimodal_needed,Is dark blue and is navy blue tee shirt with different writing.,mbeir_images/fashioniq_images/B00A6OUUQY.jpg,7:46876,2,35,158,lamra,gemini_embedding_2,lamra,7,0,0,0
4212,7:4213,unresolved,unresolved,multimodal_needed,Is a plain color and no design and has black printing on white background.,mbeir_images/fashioniq_images/B00AIQRCMU.jpg,7:10148,64,138,2848,rzen_embed,e5_omni,gemini_embedding_2,0,0,0,0
4214,7:4215,unresolved,unresolved,multimodal_needed,Is lacy and more fitted and has no sleeves and is black.,mbeir_images/fashioniq_images/B00BOFWF2G.jpg,7:49818,15,17,6884,qwen3vl2b_vllm,qwen3vl2b_vllm,vlm2vec_v2,0,0,0,0
4215,7:4216,unresolved,unresolved,multimodal_needed,Is more boldy colored and more casual and is light pink and has short sleeve.,mbeir_images/fashioniq_images/B008B68XO0.jpg,7:27472,513,64,31964,lamra,qwen3vl2b_vllm,lamra_qwen25vl,0,0,0,0
4216,7:4217,composition_required,composition_required,multimodal_needed,Is more aloha and colorful and is a tropical.,mbeir_images/fashioniq_images/B006TAEHZO.jpg,7:14105,3,11,23168,lamra,lamra_qwen25vl,gme_qwen2vl_retriever_2,3,0,0,0
4217,7:4218,composition_required,composition_required,multimodal_needed,Has no buttons and is darker and is black in color.,mbeir_images/fashioniq_images/B00APM86BS.jpg,7:58995,1,279,25,gemini_embedding_2,gemini_embedding_2,,9,0,0,0
4218,7:4219,composition_required,composition_required,multimodal_needed,Is a solid teal and is lighter.,mbeir_images/fashioniq_images/B0096HONUG.jpg,7:13546,1,133,121,gemini_embedding_2,gme_qwen2vl_retriever_2,qwen3vl8b_vllm,10,0,0,0
4219,7:4220,composition_required,composition_required,multimodal_needed,Is blue and is a bright blue.,mbeir_images/fashioniq_images/B00522PG28.jpg,7:63954,3,106,22,gme_qwen2vl_retriever_2,rzen_embed,voyage_multimodal_35,8,0,0,0
4220,7:4221,composition_required,composition_required,multimodal_needed,Less fitted and green and is lighter in colour with shorter sleeves.,mbeir_images/fashioniq_images/B0045ZH0AO.jpg,7:56136,7,121,339,qwen3vl8b_vllm,e5_omni,voyage_multimodal_35,1,0,0,0
4221,7:4222,unresolved,unresolved,multimodal_needed,The shirt is loose and black in color and has long sleeves and a v neck.,mbeir_images/fashioniq_images/B00BI1E7AE.jpg,7:25446,91,29,27100,lamra_qwen25vl,lamra_qwen25vl,lamra,0,0,0,0
4222,7:4223,unresolved,unresolved,multimodal_needed,Is more casual and wordy and has no buttons and is more casual.,mbeir_images/fashioniq_images/B004HO6MI4.jpg,7:50520,117,129,1391,qwen3vl8b_vllm,rzen_embed,qwen3vl2b_vllm,0,0,0,0
4223,7:4224,composition_required,composition_required,multimodal_needed,Has deep blue and less solid and has a blue color.,mbeir_images/fashioniq_images/B00APM86BS.jpg,7:13537,2,2070,28,rzen_embed,e5_omni,,8,0,0,0
4226,7:4227,unresolved,unresolved,multimodal_needed,The shirt is white and is pinker with a black undershirt.,mbeir_images/fashioniq_images/B0069HMDM6.jpg,7:11403,87,212,1021,qwen3vl2b_vllm,vlm2vec_v2,e5_omni,0,0,0,0
4229,7:4230,composition_required,composition_required,multimodal_needed,Is black with white spots and is black and white and less revealing.,mbeir_images/fashioniq_images/B006BOKB30.jpg,7:26334,2,39,2660,lamra,voyage_multimodal_35,,2,0,0,0
4230,7:4231,unresolved,unresolved,multimodal_needed,Its a striped sweater with a higher nackline and is sleeveless and has a brighter color pattern.,mbeir_images/fashioniq_images/B008JYNN30.jpg,7:49443,221,339,3425,lamra,vlm2vec_v2,e5_omni,0,0,0,0
4231,7:4232,composition_required,composition_required,multimodal_needed,Has a lot of striped patterns and is plaid with a hood.,mbeir_images/fashioniq_images/B00A0I86S0.jpg,7:63241,1,12,170,e5_omni,e5_omni,mmembed,10,0,0,0
4232,7:4233,composition_required,composition_required,multimodal_needed,Has longer sleeves and it has long sleeve and less plain.,mbeir_images/fashioniq_images/B003YJG5S0.jpg,7:22260,3,245,367,mmembed,lamra,mmembed,2,0,0,0
4233,7:4234,composition_required,composition_required,multimodal_needed,Has no sleeves with a different logo and has no sleeves.,mbeir_images/fashioniq_images/B00F4635ZW.jpg,7:58305,5,179,1134,lamra,mmembed,gme_qwen2vl_retriever_2,1,0,0,0
4235,7:4236,composition_required,composition_required,multimodal_needed,The shirt is long sleeved and multi-colored and has more colors.,mbeir_images/fashioniq_images/B002SW2QGE.jpg,7:54701,5,19,11936,lamra,mmembed,vlm2vec_v2,2,0,0,0
4236,7:4237,unresolved,unresolved,multimodal_needed,White tunic ruffled bodice short sleeves and has longer sleeves.,mbeir_images/fashioniq_images/B004GHO03G.jpg,7:16014,52,271,1831,voyage_multimodal_35,gme_qwen2vl_retriever_2,lamra_qwen25vl,0,0,0,0
4237,7:4238,composition_required,composition_required,multimodal_needed,Is lighter in color and more lacy and is white with lace.,mbeir_images/fashioniq_images/B008X04NMK.jpg,7:34281,5,15,1484,qwen3vl2b_vllm,qwen3vl8b_vllm,voyage_multimodal_35,3,0,0,0
4240,7:4241,composition_required,composition_required,multimodal_needed,The shirt is low cut and purple in color and is pink with longer sleeves.,mbeir_images/fashioniq_images/B00AG35TN4.jpg,7:68323,5,32,2882,lamra,voyage_multimodal_35,e5_omni,3,0,0,0
4244,7:4245,unresolved,unresolved,multimodal_needed,Is black colored and has longer sleeves and no zipper.,mbeir_images/fashioniq_images/B000JWVPYO.jpg,7:25870,559,81,12154,lamra,lamra,vlm2vec_v2,0,0,0,0
4245,7:4246,unresolved,unresolved,multimodal_needed,The long sleeve shirt is white and is lighter color and has no graphic.,mbeir_images/fashioniq_images/B00GIOKE8U.jpg,7:22033,261,164,14289,mmembed,gme_qwen2vl_retriever_2,qwen3vl2b_vllm,0,0,0,0
4248,7:4249,unresolved,unresolved,multimodal_needed,The shirt is white with a colorful design and more  colors and no words.,mbeir_images/fashioniq_images/B000PJDKPS.jpg,7:29063,53,50,5421,gemini_embedding_2,rzen_embed,lamra_qwen25vl,0,0,0,0
4250,7:4251,unresolved,unresolved,multimodal_needed,Is less yellow and shorter sleeves and has short sleeves and yellow.,mbeir_images/fashioniq_images/B00BPPALLM.jpg,7:2193,93,86,1285,lamra_qwen25vl,gemini_embedding_2,vlm2vec_v2,0,0,0,0
4251,7:4252,unresolved,unresolved,multimodal_needed,Is looser and is less graphic and buttons up.,mbeir_images/fashioniq_images/B00E0L2FAI.jpg,7:51812,65,160,1519,rzen_embed,gemini_embedding_2,gme_qwen2vl_retriever_2,0,0,0,0
4253,7:4254,unresolved,unresolved,multimodal_needed,White long sleeve tunic and long sleeves white drees shirt.,mbeir_images/fashioniq_images/B009YJEDT2.jpg,7:46788,27,71,967,lamra_qwen25vl,lamra_qwen25vl,vlm2vec_v2,0,0,0,0
4256,7:4257,unresolved,unresolved,multimodal_needed,Is less revealing and has longer sleeves with a graphic.,mbeir_images/fashioniq_images/B005E9GLD2.jpg,7:16419,1240,303,40544,qwen3vl8b_vllm,lamra,voyage_multimodal_35,0,0,0,0
4257,7:4258,composition_required,composition_required,multimodal_needed,Has different shades of pink and has a less busy look to it.,mbeir_images/fashioniq_images/B00945C5QE.jpg,7:35935,10,123,58,lamra_qwen25vl,gemini_embedding_2,lamra_qwen25vl,1,0,0,0
4258,7:4259,unresolved,unresolved,multimodal_needed,Is longer sleeved with a different pattern and is floral and has sleeves.,mbeir_images/fashioniq_images/B00CCHVW88.jpg,7:40822,322,857,2073,qwen3vl8b_vllm,qwen3vl8b_vllm,gme_qwen2vl_retriever_2,0,0,0,0
4259,7:4260,composition_required,composition_required,multimodal_needed,Is plain black and more fitted and is solid black.,mbeir_images/fashioniq_images/B00ECRIKTA.jpg,7:23161,1,418,310,qwen3vl8b_vllm,voyage_multimodal_35,,6,0,0,0
4261,7:4262,unresolved,unresolved,multimodal_needed,Is more flowy and more plain and is lighter.,mbeir_images/fashioniq_images/B008AEE5VS.jpg,7:43590,105,1499,110,lamra_qwen25vl,lamra,lamra_qwen25vl,0,0,0,0
4262,7:4263,composition_required,composition_required,multimodal_needed,Is lighter and has shorter sleeves and is white.,mbeir_images/fashioniq_images/B009GL0KKO.jpg,7:41970,1,142,34,gme_qwen2vl_retriever_2,lamra,,6,0,0,0
4264,7:4265,unresolved,unresolved,multimodal_needed,The long sleeve shirt is white in color and is white with shorter sleeves.,mbeir_images/fashioniq_images/B005TVOFNS.jpg,7:24812,112,37,1603,gme_qwen2vl_retriever_2,gme_qwen2vl_retriever_2,vlm2vec_v2,0,0,0,0
4265,7:4266,unresolved,unresolved,multimodal_needed,Has shorter sleeves and less grey and white crew neck tee.,mbeir_images/fashioniq_images/B007PU81HM.jpg,7:63766,14606,3017,22067,gme_qwen2vl_retriever_2,vlm2vec_v2,lamra_qwen25vl,0,0,0,0
4267,7:4268,composition_required,composition_required,multimodal_needed,Has side way striped and is striped.,mbeir_images/fashioniq_images/B0087AYOE8.jpg,7:35751,4,588,78,gemini_embedding_2,lamra_qwen25vl,gme_qwen2vl_retriever_2,3,0,0,0
4268,7:4269,composition_required,composition_required,multimodal_needed,The tank top is loose fitting and is black in color and is a tank in solid black.,mbeir_images/fashioniq_images/B007YSB65E.jpg,7:480,3,18,745,gemini_embedding_2,gemini_embedding_2,voyage_multimodal_35,1,0,0,0
4269,7:4270,unresolved,unresolved,multimodal_needed,Is more casual and is a yellow graphic tee.,mbeir_images/fashioniq_images/B00794W7JC.jpg,7:49178,55,43,28288,gme_qwen2vl_retriever_2,vlm2vec_v2,qwen3vl2b_vllm,0,0,0,0
4270,7:4271,unresolved,unresolved,multimodal_needed,Is darker and it has collar and pockets.,mbeir_images/fashioniq_images/B00BSUEASE.jpg,7:10687,329,2922,3475,rzen_embed,gme_qwen2vl_retriever_2,e5_omni,0,0,0,0
4271,7:4272,composition_required,composition_required,multimodal_needed,Is monochromatic and less beachy and is a 3/4 blue shirt.,mbeir_images/fashioniq_images/B00D01FO34.jpg,7:5569,1,19,7017,lamra,gme_qwen2vl_retriever_2,vlm2vec_v2,2,0,0,0
4272,7:4273,unresolved,unresolved,multimodal_needed,Animal print tighter shirt and is less casual and more patterned.,mbeir_images/fashioniq_images/B001NOFE4Y.jpg,7:32506,105,88,5297,vlm2vec_v2,gemini_embedding_2,vlm2vec_v2,0,0,0,0
4273,7:4274,unresolved,unresolved,multimodal_needed,Is more revaeling and is a blue crop top.,mbeir_images/fashioniq_images/B009IQD6E4.jpg,7:73759,412,305,46592,lamra_qwen25vl,lamra,,0,0,0,0
4275,7:4276,unresolved,unresolved,multimodal_needed,Is pink with longer sleeves and is dressier looking.,mbeir_images/fashioniq_images/B00BRCKMGC.jpg,7:3722,84,1231,1097,e5_omni,qwen3vl8b_vllm,e5_omni,0,0,0,0
4276,7:4277,composition_required,composition_required,multimodal_needed,The shirt is green in color and is blue with white trim.,mbeir_images/fashioniq_images/B008NA8BTG.jpg,7:66689,1,39,597,lamra_qwen25vl,mmembed,voyage_multimodal_35,7,0,0,0
4277,7:4278,unresolved,unresolved,multimodal_needed,Is darker colored and lower neckline.,mbeir_images/fashioniq_images/B00CDVICKY.jpg,7:16196,15,13292,17,gme_qwen2vl_retriever_2,lamra,qwen3vl2b_vllm,0,0,0,0
4279,7:4280,unresolved,unresolved,multimodal_needed,Has a long sleeve gray color and is gray with skeleton ribs and red heart.,mbeir_images/fashioniq_images/B00BNFFJ4I.jpg,7:27675,24,91,4759,qwen3vl8b_vllm,qwen3vl8b_vllm,e5_omni,0,0,0,0
4283,7:4284,unresolved,unresolved,multimodal_needed,Is lighter and is white and black.,mbeir_images/fashioniq_images/B00DCZSCUA.jpg,7:35421,59,5617,49,,gemini_embedding_2,,0,0,0,0
4285,7:4286,composition_required,composition_required,multimodal_needed,Is red colored and is wine colored and has fitted sleeves.,mbeir_images/fashioniq_images/B00G2GMBD0.jpg,7:49954,4,21,214,lamra,lamra,gemini_embedding_2,1,0,0,0
4287,7:4288,unresolved,unresolved,multimodal_needed,Is cotton and darker  in color and light brown.,mbeir_images/fashioniq_images/B006OMWE2U.jpg,7:15651,4263,17855,3105,,qwen3vl2b_vllm,gemini_embedding_2,0,0,0,0
4288,7:4289,composition_required,composition_required,multimodal_needed,The shirt is black with long sleeves and long sleeved and to the hip.,mbeir_images/fashioniq_images/B0035EPRWY.jpg,7:55916,1,350,14,gme_qwen2vl_retriever_2,gemini_embedding_2,gemini_embedding_2,7,0,0,0
4289,7:4290,unresolved,unresolved,multimodal_needed,The shirt is blue with a white emblem and is dark blue with white emblem.,mbeir_images/fashioniq_images/B004KSP3ZK.jpg,7:37982,13,84,1018,mmembed,qwen3vl8b_vllm,gemini_embedding_2,0,0,0,0
4290,7:4291,composition_required,composition_required,multimodal_needed,Has no sleeves and sexy open wide neck and is sleeveless.,mbeir_images/fashioniq_images/B006E3ZMA0.jpg,7:4098,2,13,33,qwen3vl2b_vllm,qwen3vl2b_vllm,vlm2vec_v2,5,0,0,0
4291,7:4292,unresolved,unresolved,multimodal_needed,The backless shirt is black in color and high-low hem.,mbeir_images/fashioniq_images/B00BB1UE9E.jpg,7:4932,571,82,1686,mmembed,mmembed,qwen3vl8b_vllm,0,0,0,0
4292,7:4293,composition_required,composition_required,multimodal_needed,Is solid black and is more fitting.,mbeir_images/fashioniq_images/B004070YLE.jpg,7:64003,6,1495,231,gme_qwen2vl_retriever_2,qwen3vl2b_vllm,,2,0,0,0
4295,7:4296,unresolved,unresolved,multimodal_needed,Has a big image in the middle and short sleeves and has shorter sleeves.,mbeir_images/fashioniq_images/B00ATTNOVE.jpg,7:63363,4919,10080,20311,lamra_qwen25vl,e5_omni,lamra_qwen25vl,0,0,0,0
4296,7:4297,composition_required,composition_required,multimodal_needed,Is more darker and is shorter & darker.,mbeir_images/fashioniq_images/B0026JOJQ4.jpg,7:44282,6,11200,32,vlm2vec_v2,vlm2vec_v2,qwen3vl2b_vllm,1,0,0,0
4297,7:4298,unresolved,unresolved,multimodal_needed,Has no sleeves and is v neck and is black with straps.,mbeir_images/fashioniq_images/B007QSN628.jpg,7:43108,39,223,11017,lamra_qwen25vl,lamra_qwen25vl,,0,0,0,0
4298,7:4299,composition_required,composition_required,multimodal_needed,Is blue colored and is more blue in color.,mbeir_images/fashioniq_images/B00ELK79BI.jpg,7:9623,5,74,68,voyage_multimodal_35,qwen3vl8b_vllm,qwen3vl8b_vllm,2,0,0,0
4299,7:4300,unresolved,unresolved,multimodal_needed,Is black colored with sleeves and is black with white print and full sleeves on the crew neck.,mbeir_images/fashioniq_images/B003IKOOTW.jpg,7:22098,1632,2257,29703,lamra,qwen3vl8b_vllm,gemini_embedding_2,0,0,0,0
4300,7:4301,unresolved,unresolved,multimodal_needed,The tank top has ruffles and is black in color and is a sleeveless frilled non-button up shirt.,mbeir_images/fashioniq_images/B003U2T0DI.jpg,7:5480,16,34,12102,lamra,voyage_multimodal_35,e5_omni,0,0,0,0
4301,7:4302,unresolved,unresolved,multimodal_needed,Has a lower neckine and is less premium and is a short sleeved tee shirt.,mbeir_images/fashioniq_images/B0014JXLMK.jpg,7:45761,220,321,330,voyage_multimodal_35,gme_qwen2vl_retriever_2,,0,0,0,0
4304,7:4305,composition_required,composition_required,multimodal_needed,Is more wordy and is a grey crew neck with print.,mbeir_images/fashioniq_images/B0094I4IOI.jpg,7:34064,7,150,162,lamra_qwen25vl,lamra_qwen25vl,gme_qwen2vl_retriever_2,1,0,0,0
4305,7:4306,unresolved,unresolved,multimodal_needed,The polo shirt is pink in color and has long sleeves.,mbeir_images/fashioniq_images/B00D8AWLL0.jpg,7:53863,787,4022,474,,lamra,,0,0,0,0
4308,7:4309,unresolved,unresolved,multimodal_needed,Is darker and more vintage and has a bit print and is black color.,mbeir_images/fashioniq_images/B007Z4WSA4.jpg,7:54826,233,5283,515,mmembed,mmembed,,0,0,0,0
4311,7:4312,unresolved,unresolved,multimodal_needed,Button up and solid pink and is black and has no sleeve.,mbeir_images/fashioniq_images/B009LEG3XO.jpg,7:44623,6381,8278,17607,lamra,lamra,qwen3vl8b_vllm,0,0,0,0
4312,7:4313,composition_required,composition_required,multimodal_needed,I need short sleeves and black in color with some kind of design on the front and has shorter sleeves & is black.,mbeir_images/fashioniq_images/B008PFGQP0.jpg,7:30353,7,575,2694,lamra,gme_qwen2vl_retriever_2,gemini_embedding_2,2,0,0,0
4313,7:4314,unresolved,unresolved,multimodal_needed,Is lighter and is blue with a pocket.,mbeir_images/fashioniq_images/B005C5RPYW.jpg,7:53112,19,33,8349,qwen3vl8b_vllm,lamra_qwen25vl,lamra_qwen25vl,0,0,0,0
4315,7:4316,composition_required,composition_required,multimodal_needed,Is black and white plaid and is longer with a flannel pattern.,mbeir_images/fashioniq_images/B00BZF3B3M.jpg,7:39029,3,11,1426,lamra,lamra,mmembed,2,0,0,0
4316,7:4317,unresolved,unresolved,multimodal_needed,Has a lower scoop neck and print and is lighter and has a print with light sleeves.,mbeir_images/fashioniq_images/B006SF8D3M.jpg,7:8470,26,94,3138,mmembed,e5_omni,mmembed,0,0,0,0
4319,7:4320,unresolved,unresolved,multimodal_needed,Has a less revealing neckline and is edgier and is a darker color and has a higher neckline.,mbeir_images/fashioniq_images/B008IZLWTM.jpg,7:20725,30,34,521,qwen3vl8b_vllm,qwen3vl2b_vllm,,0,0,0,0
4320,7:4321,unresolved,unresolved,multimodal_needed,Is more graphic and less preppy and has graphic images in front.,mbeir_images/fashioniq_images/B007Q2KFQO.jpg,7:1214,4098,344,11626,qwen3vl2b_vllm,gemini_embedding_2,gme_qwen2vl_retriever_2,0,0,0,0
4325,7:4326,composition_required,composition_required,multimodal_needed,Is beige colored and has more tan colors.,mbeir_images/fashioniq_images/B006ZJ1SMY.jpg,7:17834,1,53,15,rzen_embed,gme_qwen2vl_retriever_2,rzen_embed,10,0,0,0
4329,7:4330,composition_required,composition_required,multimodal_needed,Is a darker color and is in blue with pink lettering.,mbeir_images/fashioniq_images/B00BIQADUW.jpg,7:59581,10,15,394,qwen3vl2b_vllm,lamra,qwen3vl8b_vllm,1,0,0,0
4330,7:4331,unresolved,unresolved,multimodal_needed,Is black and shorter sleeves and is darker.,mbeir_images/fashioniq_images/B0030LH1QC.jpg,7:4006,124,2245,289,mmembed,lamra_qwen25vl,mmembed,0,0,0,0
4331,7:4332,composition_required,composition_required,multimodal_needed,Is darker and more sleek and is black and has a skirt.,mbeir_images/fashioniq_images/B008J7WSS8.jpg,7:38948,9,18,8532,gme_qwen2vl_retriever_2,voyage_multimodal_35,qwen3vl2b_vllm,1,0,0,0
4332,7:4333,unresolved,unresolved,multimodal_needed,Is white colored and sleeveless and is white with no sleeves.,mbeir_images/fashioniq_images/B007RBI9P8.jpg,7:53282,39,95,1432,voyage_multimodal_35,voyage_multimodal_35,,0,0,0,0
4334,7:4335,unresolved,unresolved,multimodal_needed,Belted and is less political and more punk rocki.,mbeir_images/fashioniq_images/B003RW1XTK.jpg,7:50106,182,739,2184,lamra_qwen25vl,lamra,lamra_qwen25vl,0,0,0,0
4337,7:4338,composition_required,composition_required,multimodal_needed,It has a v-neck and is more solid tan.,mbeir_images/fashioniq_images/B00CP7TJ4E.jpg,7:7048,7,13,195,qwen3vl8b_vllm,qwen3vl8b_vllm,mmembed,1,0,0,0
4338,7:4339,composition_required,composition_required,multimodal_needed,Is white with a graphic print and is a tank top.,mbeir_images/fashioniq_images/B007C4EYY0.jpg,7:5940,1,13,13779,mmembed,qwen3vl2b_vllm,gemini_embedding_2,3,0,0,0
4340,7:4341,unresolved,unresolved,multimodal_needed,The shirt is white with animal print and longer sleeves.,mbeir_images/fashioniq_images/B005HPV9VC.jpg,7:25035,444,173,9500,mmembed,mmembed,gme_qwen2vl_retriever_2,0,0,0,0
4341,7:4342,unresolved,unresolved,multimodal_needed,Is more fitting and plain black and is a solid black color.,mbeir_images/fashioniq_images/B008DEUD7A.jpg,7:38299,143,194,235,lamra_qwen25vl,gemini_embedding_2,mmembed,0,0,0,0
4343,7:4344,unresolved,unresolved,multimodal_needed,Is more fitted and feminine and has shorter sleeves.,mbeir_images/fashioniq_images/B00B1GLPWE.jpg,7:21825,59,7051,453,lamra,lamra,rzen_embed,0,0,0,0
4344,7:4345,composition_required,composition_required,multimodal_needed,Has a lighter color and is more white and has a bigger graphic.,mbeir_images/fashioniq_images/B009GGSKAG.jpg,7:3794,10,84,36,gme_qwen2vl_retriever_2,gme_qwen2vl_retriever_2,,1,0,0,0
4345,7:4346,unresolved,unresolved,multimodal_needed,Is blue with long sleeves and lighter.,mbeir_images/fashioniq_images/B00ES89826.jpg,7:47565,98,157,14108,rzen_embed,mmembed,gemini_embedding_2,0,0,0,0
4346,7:4347,unresolved,unresolved,multimodal_needed,Is more flowing and is looser fitted and is lighter in color.,mbeir_images/fashioniq_images/B007WAFEWK.jpg,7:63475,23,120,2608,mmembed,mmembed,gemini_embedding_2,0,0,0,0
4347,7:4348,composition_required,composition_required,multimodal_needed,More gathered at the waist and is tan with short sleeves.,mbeir_images/fashioniq_images/B00DMP10Y0.jpg,7:28678,7,38,468,lamra,voyage_multimodal_35,,2,0,0,0
4348,7:4349,unresolved,unresolved,multimodal_needed,Is more flowing and  darker and is more sheer and loose.,mbeir_images/fashioniq_images/B006OC3YR4.jpg,7:12682,660,228,10122,rzen_embed,voyage_multimodal_35,,0,0,0,0
4349,7:4350,composition_required,composition_required,multimodal_needed,Has sleeves and less revealing and has sleeves.,mbeir_images/fashioniq_images/B007T8HCPW.jpg,7:21643,3,11928,20,lamra,lamra,vlm2vec_v2,4,0,0,0
4350,7:4351,unresolved,unresolved,multimodal_needed,The shirt is loose fitting and gray and is not as sheer.,mbeir_images/fashioniq_images/B00BWYJ9XM.jpg,7:41501,828,590,1189,gemini_embedding_2,gemini_embedding_2,qwen3vl8b_vllm,0,0,0,0
4351,7:4352,unresolved,unresolved,multimodal_needed,Is more ruffled and fitted and is grey with longer sleeves.,mbeir_images/fashioniq_images/B005GI9BQ0.jpg,7:65939,17,56,352,qwen3vl8b_vllm,voyage_multimodal_35,lamra,0,0,0,0
4353,7:4354,composition_required,composition_required,multimodal_needed,Is button up with sleeves and is more sheer.,mbeir_images/fashioniq_images/B00BRCKMGC.jpg,7:28118,1,12,1229,gme_qwen2vl_retriever_2,lamra,mmembed,8,0,0,0
4354,7:4355,composition_required,composition_required,multimodal_needed,Has longer sleeves and is solid white and has longer sleeves and is white.,mbeir_images/fashioniq_images/B007SOBBBI.jpg,7:25942,7,57,286,rzen_embed,rzen_embed,,2,0,0,0
4357,7:4358,composition_required,composition_required,multimodal_needed,Is lighter in color with a different print and is a lighter color.,mbeir_images/fashioniq_images/B006VJXGAU.jpg,7:66925,4,12866,156,lamra_qwen25vl,e5_omni,lamra_qwen25vl,1,0,0,0
4358,7:4359,composition_required,composition_required,multimodal_needed,Is green and fuller and is green and red.,mbeir_images/fashioniq_images/B005FMVQ1U.jpg,7:61768,1,85,14,lamra,lamra,,10,0,0,0
4359,7:4360,composition_required,composition_required,multimodal_needed,Has shorter sleeves with red color and is red in color and short-sleeved.,mbeir_images/fashioniq_images/B003QOR38E.jpg,7:18904,1,41,18,gemini_embedding_2,gme_qwen2vl_retriever_2,e5_omni,11,0,0,0
4362,7:4363,unresolved,unresolved,multimodal_needed,Is white with a different logo and it is white.,mbeir_images/fashioniq_images/B00CD8H0N2.jpg,7:8720,16,549,681,lamra,gme_qwen2vl_retriever_2,voyage_multimodal_35,0,0,0,0
4363,7:4364,unresolved,unresolved,multimodal_needed,Has a darker color and a text print and is black and doesn't have a collar.,mbeir_images/fashioniq_images/B0071XH3WM.jpg,7:18811,88,269,6646,qwen3vl8b_vllm,e5_omni,qwen3vl8b_vllm,0,0,0,0
4364,7:4365,unresolved,unresolved,multimodal_needed,Is more adult and is more navy blue colored.,mbeir_images/fashioniq_images/B00ADX6GYS.jpg,7:50865,69,126,4086,rzen_embed,gme_qwen2vl_retriever_2,lamra,0,0,0,0
4367,7:4368,unresolved,unresolved,multimodal_needed,The shirt is loose fitting and brown in color and has shorter sleeves and is darker in colour.,mbeir_images/fashioniq_images/B003ICLHAO.jpg,7:37370,20,44,8129,qwen3vl8b_vllm,lamra_qwen25vl,vlm2vec_v2,0,0,0,0
4370,7:4371,unresolved,unresolved,multimodal_needed,Is long sleeve solid black and is plain color and has long sleeves.,mbeir_images/fashioniq_images/B009YK8DFQ.jpg,7:60898,15,556,2121,rzen_embed,rzen_embed,e5_omni,0,0,0,0
4371,7:4372,composition_required,composition_required,multimodal_needed,Is light blue with buttons down and is a bright button up shirt with pocket.,mbeir_images/fashioniq_images/B0036MPEUU.jpg,7:6096,6,31,5350,voyage_multimodal_35,gemini_embedding_2,vlm2vec_v2,1,0,0,0
4372,7:4373,composition_required,composition_required,multimodal_needed,Is violet and sleeveless and is lavender and sleeveless.,mbeir_images/fashioniq_images/B00858UOEQ.jpg,7:65881,9,39,6154,gme_qwen2vl_retriever_2,qwen3vl8b_vllm,gemini_embedding_2,2,0,0,0
4373,7:4374,composition_required,composition_required,multimodal_needed,The shirt has short sleeves and is melon in color and has short sleeves on it.,mbeir_images/fashioniq_images/B0064XXI42.jpg,7:61207,1,75,142,gme_qwen2vl_retriever_2,gemini_embedding_2,vlm2vec_v2,6,0,0,0
4375,7:4376,unresolved,unresolved,multimodal_needed,Is more revealing and solid blue and is not a ruffled button up look.,mbeir_images/fashioniq_images/B00BULGQGK.jpg,7:59749,37,187,2802,mmembed,rzen_embed,e5_omni,0,0,0,0
4377,7:4378,composition_required,composition_required,multimodal_needed,Is whiter and desired item is white with tank top sleeves.,mbeir_images/fashioniq_images/B0071G9W8M.jpg,7:46335,5,11,551,gemini_embedding_2,voyage_multimodal_35,gemini_embedding_2,1,0,0,0
4379,7:4380,unresolved,unresolved,multimodal_needed,It is a brown t-shirt with letters and is darker and more casual.,mbeir_images/fashioniq_images/B002FU6SQS.jpg,7:73803,93,185,13241,qwen3vl8b_vllm,qwen3vl8b_vllm,gemini_embedding_2,0,0,0,0
4380,7:4381,unresolved,unresolved,multimodal_needed,Is lighter and has shorter sleeves and has longer sleeve and is white color.,mbeir_images/fashioniq_images/B0045ZH0AO.jpg,7:13603,27,160,803,lamra_qwen25vl,qwen3vl8b_vllm,,0,0,0,0
4381,7:4382,composition_required,composition_required,multimodal_needed,The shirt is a black button up shirt and is black in color.,mbeir_images/fashioniq_images/B0016C0VIW.jpg,7:36101,2,30,279,lamra,gme_qwen2vl_retriever_2,qwen3vl8b_vllm,3,0,0,0
4382,7:4383,unresolved,unresolved,multimodal_needed,Is darker and desired item is a graphic tee with white lettering.,mbeir_images/fashioniq_images/B0089JCK3O.jpg,7:74237,566,1050,8083,lamra,gme_qwen2vl_retriever_2,qwen3vl2b_vllm,0,0,0,0
4384,7:4385,composition_required,composition_required,multimodal_needed,Is crisper looking and less muted and is pink with white logo.,mbeir_images/fashioniq_images/B002V0N9M8.jpg,7:36277,9,133,298,qwen3vl8b_vllm,lamra,qwen3vl8b_vllm,1,0,0,0
4385,7:4386,unresolved,unresolved,multimodal_needed,Is grey colored and is lighter in color.,mbeir_images/fashioniq_images/B003RW1XTK.jpg,7:60253,21,431,3131,lamra,lamra_qwen25vl,qwen3vl2b_vllm,0,0,0,0
4388,7:4389,unresolved,unresolved,multimodal_needed,Is blue with deep neck and blue.,mbeir_images/fashioniq_images/B00E8DA258.jpg,7:27906,201,1000,1747,qwen3vl8b_vllm,qwen3vl8b_vllm,,0,0,0,0
4389,7:4390,composition_required,composition_required,multimodal_needed,Is a summery and has brighter colors & is fitted.,mbeir_images/fashioniq_images/B00BG0FKN0.jpg,7:15729,4,512,46,qwen3vl8b_vllm,lamra,,3,0,0,0
4390,7:4391,composition_required,composition_required,multimodal_needed,The shirt is bright purple in color and loose fitting and shorter sleeves.,mbeir_images/fashioniq_images/B00APD8ZDQ.jpg,7:50146,7,32,3876,lamra,qwen3vl8b_vllm,,2,0,0,0
4391,7:4392,unresolved,unresolved,multimodal_needed,The shirt is black with white lettering and is more casual with a higher neckline.,mbeir_images/fashioniq_images/B00CP55VFM.jpg,7:35867,1029,395,9073,lamra,,gme_qwen2vl_retriever_2,0,0,0,0
4392,7:4393,unresolved,unresolved,multimodal_needed,Is lighter and has longer sleeves and is a solid button down.,mbeir_images/fashioniq_images/B004T6ZAO2.jpg,7:19934,36,306,5418,e5_omni,voyage_multimodal_35,e5_omni,0,0,0,0
4394,7:4395,composition_required,composition_required,multimodal_needed,Is darker and has striped end of sleevedesign.,mbeir_images/fashioniq_images/B00APD9FKS.jpg,7:2786,10,3074,55,mmembed,qwen3vl8b_vllm,mmembed,1,0,0,0
4395,7:4396,unresolved,unresolved,multimodal_needed,The shirt is white in color with black and red lettering and pink round neck with large graphic.,mbeir_images/fashioniq_images/B0036WSZVA.jpg,7:21192,250,66,4902,mmembed,e5_omni,qwen3vl8b_vllm,0,0,0,0
4397,7:4398,unresolved,unresolved,multimodal_needed,Has no sleeves and is white and is lighter in color and has no sleeves.,mbeir_images/fashioniq_images/B005A1U8OC.jpg,7:48986,30,86,2020,qwen3vl8b_vllm,vlm2vec_v2,vlm2vec_v2,0,0,0,0
4399,7:4400,composition_required,composition_required,multimodal_needed,A dark colored loong sleeve button down shirt with no pockets and is darker colored.,mbeir_images/fashioniq_images/B009FF1MDA.jpg,7:20305,2,15,1475,mmembed,mmembed,e5_omni,3,0,0,0
4400,7:4401,unresolved,unresolved,multimodal_needed,Has lower neckline and has iconic graphic and is white with an open neck.,mbeir_images/fashioniq_images/B008P57GXG.jpg,7:18239,22,55,1609,gme_qwen2vl_retriever_2,gme_qwen2vl_retriever_2,voyage_multimodal_35,0,0,0,0
4401,7:4402,composition_required,composition_required,multimodal_needed,Is more photographic and less witty and has a man on it.,mbeir_images/fashioniq_images/B00CUU2RUO.jpg,7:52025,1,102,29,lamra_qwen25vl,gemini_embedding_2,lamra_qwen25vl,5,0,0,0
4402,7:4403,unresolved,unresolved,multimodal_needed,And doesn't have buttons and it has long sleeve and it is red.,mbeir_images/fashioniq_images/B00CDZC2VA.jpg,7:32711,134,148,15850,lamra_qwen25vl,mmembed,gemini_embedding_2,0,0,0,0
4403,7:4404,unresolved,unresolved,multimodal_needed,Frilly and button up and is a button up with loose fitting.,mbeir_images/fashioniq_images/B008DVXGO0.jpg,7:46578,29,136,1075,voyage_multimodal_35,voyage_multimodal_35,lamra,0,0,0,0
4404,7:4405,unresolved,unresolved,multimodal_needed,Has no sleeves and lighter colored.,mbeir_images/fashioniq_images/B00980K5X0.jpg,7:54939,15,321,1260,gme_qwen2vl_retriever_2,gemini_embedding_2,gemini_embedding_2,0,0,0,0
4405,7:4406,unresolved,unresolved,multimodal_needed,The shirt is red and white plaid and is a button down shirt.,mbeir_images/fashioniq_images/B000J41PCO.jpg,7:9274,16,77,5232,e5_omni,gemini_embedding_2,e5_omni,0,0,0,0
4406,7:4407,unresolved,unresolved,multimodal_needed,Has a darker purple color and orange block.,mbeir_images/fashioniq_images/B009325DWG.jpg,7:5119,37,449,327,rzen_embed,voyage_multimodal_35,rzen_embed,0,0,0,0
4409,7:4410,unresolved,unresolved,multimodal_needed,Is more sexy and shorter and orange print.,mbeir_images/fashioniq_images/B00GR9QGL0.jpg,7:63636,330,212,814,mmembed,mmembed,rzen_embed,0,0,0,0
4410,7:4411,composition_required,composition_required,multimodal_needed,Red and is red button-up with long sleeves.,mbeir_images/fashioniq_images/B007IFMWA6.jpg,7:19376,1,12,3101,gemini_embedding_2,gemini_embedding_2,gemini_embedding_2,7,0,0,0
4411,7:4412,unresolved,unresolved,multimodal_needed,Is more ethnic and more patterned and is aqua colored and patterned design.,mbeir_images/fashioniq_images/B007GO8A00.jpg,7:16877,22,57,4489,vlm2vec_v2,voyage_multimodal_35,qwen3vl2b_vllm,0,0,0,0
4413,7:4414,unresolved,unresolved,multimodal_needed,Is short sleeved with a large graphic on it and desired item is a graphic tee.,mbeir_images/fashioniq_images/B006PATFFU.jpg,7:59589,15,235,4374,lamra,voyage_multimodal_35,lamra,0,0,0,0
4414,7:4415,unresolved,unresolved,multimodal_needed,Has shorter sleeves with an image in the center and is darker in color and more  casual.,mbeir_images/fashioniq_images/B008L464E8.jpg,7:72799,1123,1211,34896,mmembed,lamra,mmembed,0,0,0,0
4415,7:4416,composition_required,composition_required,multimodal_needed,The tank top is purple and pink in color and has graphic and is darker purple with stribes.,mbeir_images/fashioniq_images/B008UFVTP2.jpg,7:64120,2,41,69,lamra_qwen25vl,qwen3vl8b_vllm,lamra,1,0,0,0
4416,7:4417,unresolved,unresolved,multimodal_needed,Purple and white and is loose fitting and is black with long sleeves.,mbeir_images/fashioniq_images/B00C0QCRHG.jpg,7:44580,43,1725,23,,lamra,gemini_embedding_2,0,0,0,0
4418,7:4419,composition_required,composition_required,multimodal_needed,Has longer sleeves and color is black and black solid with white button-down mid-sleeve.,mbeir_images/fashioniq_images/B007OZIXJO.jpg,7:22141,2,16,115,qwen3vl2b_vllm,gme_qwen2vl_retriever_2,,4,0,0,0
4419,7:4420,unresolved,unresolved,multimodal_needed,Is blue with no sleeves and is blue and a tank top.,mbeir_images/fashioniq_images/B0051DQXH0.jpg,7:56524,22,17,5279,gme_qwen2vl_retriever_2,lamra,qwen3vl8b_vllm,0,0,0,0
4420,7:4421,composition_required,composition_required,multimodal_needed,And red with Alice in Wonderland and is in solid red.,mbeir_images/fashioniq_images/B00CE5Z5OA.jpg,7:62497,4,375,54,gemini_embedding_2,gemini_embedding_2,,2,0,0,0
4423,7:4424,unresolved,unresolved,multimodal_needed,The shirt is gray with black lettering and is mostly gray.,mbeir_images/fashioniq_images/B00D6ANVMU.jpg,7:49410,12,90,3827,lamra_qwen25vl,gemini_embedding_2,lamra,0,0,0,0
4425,7:4426,unresolved,unresolved,multimodal_needed,The tight fitting shirt has long sleeves and is black in color and is very similar.,mbeir_images/fashioniq_images/B0036MPEUU.jpg,7:44349,48,125,30,rzen_embed,rzen_embed,lamra_qwen25vl,0,0,0,0
4426,7:4427,unresolved,unresolved,multimodal_needed,Is darker with longer sleeves and purple with grey trim and slim fit.,mbeir_images/fashioniq_images/B0026JKY9A.jpg,7:67611,28,1092,27,,voyage_multimodal_35,,0,0,0,0
4428,7:4429,composition_required,composition_required,multimodal_needed,Has longer sleeves and beige colored and is more sheer and whimsical.,mbeir_images/fashioniq_images/B00BQSWLC0.jpg,7:30844,10,652,491,lamra,lamra,,1,0,0,0
4430,7:4431,composition_required,composition_required,multimodal_needed,Its black with some glitter an no button down and it has one color and it is pleated.,mbeir_images/fashioniq_images/B00ECRIKTA.jpg,7:18592,1,51,453,lamra,gme_qwen2vl_retriever_2,,3,0,0,0
4432,7:4433,unresolved,unresolved,multimodal_needed,Has shorter sleeves and lighter color and is lighter and has shorter sleeves.,mbeir_images/fashioniq_images/B00A3MVCUC.jpg,7:62552,36,595,878,lamra,voyage_multimodal_35,voyage_multimodal_35,0,0,0,0
4433,7:4434,unresolved,unresolved,multimodal_needed,Is feminine fitting and pink and is pink with shorter sleeves.,mbeir_images/fashioniq_images/B005E0TR32.jpg,7:54900,68,847,3892,qwen3vl8b_vllm,lamra,mmembed,0,0,0,0
4434,7:4435,composition_required,composition_required,multimodal_needed,Is pink colored and checkered pattern and is longer.,mbeir_images/fashioniq_images/B00DEMQAH8.jpg,7:73073,3,32,48,gemini_embedding_2,gme_qwen2vl_retriever_2,qwen3vl2b_vllm,1,0,0,0
4435,7:4436,unresolved,unresolved,multimodal_needed,Is less see-thru and less feminine and draped.,mbeir_images/fashioniq_images/B00DP8U3GU.jpg,7:37320,31987,38489,14250,gme_qwen2vl_retriever_2,gemini_embedding_2,gme_qwen2vl_retriever_2,0,0,0,0
4436,7:4437,composition_required,composition_required,multimodal_needed,Is lighter and has longer sleeves and is white with long sleeves.,mbeir_images/fashioniq_images/B0070TYTWO.jpg,7:48329,1,342,172,gme_qwen2vl_retriever_2,gemini_embedding_2,gemini_embedding_2,8,0,0,0
4439,7:4440,unresolved,unresolved,multimodal_needed,Is black with long sleeves and is black and less revealing.,mbeir_images/fashioniq_images/B00AG42HGU.jpg,7:35548,139,59,1765,rzen_embed,voyage_multimodal_35,qwen3vl8b_vllm,0,0,0,0
4441,7:4442,composition_required,composition_required,multimodal_needed,Has a short sleeve blue color and more blue more polo style.,mbeir_images/fashioniq_images/B0089FEXNI.jpg,7:63304,1,62,96,qwen3vl8b_vllm,qwen3vl8b_vllm,lamra_qwen25vl,7,0,0,0
4444,7:4445,unresolved,unresolved,multimodal_needed,Is a fitted black tank top and is black with thin straps.,mbeir_images/fashioniq_images/B002RL9VFA.jpg,7:42955,12,65,433,lamra_qwen25vl,lamra,lamra_qwen25vl,0,0,0,0
4445,7:4446,composition_required,composition_required,multimodal_needed,Is black and has no words and has a bigger graphic.,mbeir_images/fashioniq_images/B00CS5PAZU.jpg,7:44514,6,103,13,e5_omni,e5_omni,e5_omni,2,0,0,0
4446,7:4447,composition_required,composition_required,multimodal_needed,Short sleeved orange top and is more orange.,mbeir_images/fashioniq_images/B000Q6K9CM.jpg,7:15554,6,11,2343,e5_omni,lamra_qwen25vl,qwen3vl2b_vllm,1,0,0,0
4447,7:4448,unresolved,unresolved,multimodal_needed,Is beige with a design and is grey and has more print.,mbeir_images/fashioniq_images/B007YSB65E.jpg,7:48489,21,44,18230,lamra_qwen25vl,qwen3vl2b_vllm,,0,0,0,0
4450,7:4451,composition_required,composition_required,multimodal_needed,The shirt has white and red stripes and red and white stripes.,mbeir_images/fashioniq_images/B008NA89DE.jpg,7:66476,5,328,46,gemini_embedding_2,gemini_embedding_2,gemini_embedding_2,3,0,0,0
4451,7:4452,unresolved,unresolved,multimodal_needed,Short sleeved top with different colors and is sleeveless with a pattern.,mbeir_images/fashioniq_images/B00BJYIR9C.jpg,7:6454,123,463,12454,lamra_qwen25vl,lamra,voyage_multimodal_35,0,0,0,0
4452,7:4453,unresolved,unresolved,multimodal_needed,Has sleeves and is ligher pink.,mbeir_images/fashioniq_images/B002UNLYPK.jpg,7:44918,2116,1518,2957,lamra_qwen25vl,e5_omni,mmembed,0,0,0,0
4454,7:4455,composition_required,composition_required,multimodal_needed,The shirt is black with white a white picture and has a different graphic.,mbeir_images/fashioniq_images/B003RW60ES.jpg,7:33285,5,770,103,lamra,gemini_embedding_2,qwen3vl8b_vllm,1,0,0,0
4457,7:4458,unresolved,unresolved,multimodal_needed,Is more blousey and more dressy and has long sleeves and is black.,mbeir_images/fashioniq_images/B002Q2O178.jpg,7:5866,32,20,14700,lamra,gemini_embedding_2,vlm2vec_v2,0,0,0,0
4458,7:4459,composition_required,composition_required,multimodal_needed,Is a long sleeve black dress and is darker with longer sleeves.,mbeir_images/fashioniq_images/B00A0I8G08.jpg,7:71337,8,1742,448,gemini_embedding_2,voyage_multimodal_35,gemini_embedding_2,1,0,0,0
4459,7:4460,composition_required,composition_required,multimodal_needed,Is lighter and is pink and has more metallic silver.,mbeir_images/fashioniq_images/B00B8QSVT2.jpg,7:10747,2,119,99,gemini_embedding_2,gemini_embedding_2,gemini_embedding_2,3,0,0,0
4461,7:4462,unresolved,unresolved,multimodal_needed,Is longer and more chic and is solid black with white borders.,mbeir_images/fashioniq_images/B008P36HLK.jpg,7:12800,95,97,4184,qwen3vl8b_vllm,qwen3vl8b_vllm,,0,0,0,0
4462,7:4463,unresolved,unresolved,multimodal_needed,Is more feminine and is more sexy and revealing.,mbeir_images/fashioniq_images/B00FLX8STQ.jpg,7:70448,3304,2010,16748,lamra_qwen25vl,e5_omni,qwen3vl2b_vllm,0,0,0,0
4466,7:4467,composition_required,composition_required,multimodal_needed,More natural colored and longer sleeves.,mbeir_images/fashioniq_images/B009YJEDT2.jpg,7:2314,3,1212,140,gme_qwen2vl_retriever_2,qwen3vl8b_vllm,gme_qwen2vl_retriever_2,2,0,0,0
4467,7:4468,composition_required,composition_required,multimodal_needed,The short sleeve shirt is white in color and has shorter sleeves in blue and white color.,mbeir_images/fashioniq_images/B008QW03K6.jpg,7:51460,10,217,7081,lamra,mmembed,,1,0,0,0
4468,7:4469,composition_required,composition_required,multimodal_needed,Is white and is lighter and has a graphic.,mbeir_images/fashioniq_images/B004045DEA.jpg,7:39759,1,29,4871,lamra,gme_qwen2vl_retriever_2,gemini_embedding_2,1,0,0,0
4470,7:4471,unresolved,unresolved,multimodal_needed,Has shorter sleeves and more buttons and has shorter sleeves.,mbeir_images/fashioniq_images/B00AWMNV8Y.jpg,7:38944,17,170,551,lamra,lamra_qwen25vl,mmembed,0,0,0,0
4471,7:4472,unresolved,unresolved,multimodal_needed,Is lighter and is blue and more casual.,mbeir_images/fashioniq_images/B007X4CRXE.jpg,7:60697,11,189,577,lamra,rzen_embed,lamra,0,0,0,0
4472,7:4473,composition_required,composition_required,multimodal_needed,Is layered and brighter in color and orange tank with high neckline.,mbeir_images/fashioniq_images/B00EWDMU7M.jpg,7:6242,8,40,2749,gemini_embedding_2,qwen3vl8b_vllm,qwen3vl2b_vllm,1,0,0,0
4473,7:4474,unresolved,unresolved,multimodal_needed,Has less print and has long sleeves.,mbeir_images/fashioniq_images/B008BT60TM.jpg,7:52061,75,6908,186,gemini_embedding_2,lamra_qwen25vl,qwen3vl8b_vllm,0,0,0,0
4474,7:4475,composition_required,composition_required,multimodal_needed,Is more revealing and more pastel colored and is white with no sleeves.,mbeir_images/fashioniq_images/B0090KE5XE.jpg,7:11891,5,44,5915,gme_qwen2vl_retriever_2,gme_qwen2vl_retriever_2,gemini_embedding_2,1,0,0,0
4475,7:4476,composition_required,composition_required,multimodal_needed,The shirt is blue and red with white stripes and is striped with blue trim.,mbeir_images/fashioniq_images/B00BNQVHEI.jpg,7:11048,1,42,24,gme_qwen2vl_retriever_2,gemini_embedding_2,,11,0,0,0
4478,7:4479,composition_required,composition_required,multimodal_needed,Has buttons and has pockets and has buttons and pockets.,mbeir_images/fashioniq_images/B00C2G46RS.jpg,7:71102,1,372,79,gme_qwen2vl_retriever_2,gemini_embedding_2,e5_omni,9,0,0,0
4479,7:4480,composition_required,composition_required,multimodal_needed,Is lighter and has longer sleeves and has more orange.,mbeir_images/fashioniq_images/B00CY7NCB6.jpg,7:67441,3,961,752,lamra_qwen25vl,vlm2vec_v2,gemini_embedding_2,2,0,0,0
4481,7:4482,unresolved,unresolved,multimodal_needed,Is darker with white lettering` and has more text on it.,mbeir_images/fashioniq_images/B008XJWRCY.jpg,7:72052,22,11,11436,lamra_qwen25vl,lamra_qwen25vl,qwen3vl2b_vllm,0,0,0,0
4483,7:4484,unresolved,unresolved,multimodal_needed,Is off-shoulder and Crochet white and has no sleeves.,mbeir_images/fashioniq_images/B00BN7XJNO.jpg,7:68483,2766,9735,692,e5_omni,voyage_multimodal_35,gme_qwen2vl_retriever_2,0,0,0,0
4484,7:4485,unresolved,unresolved,multimodal_needed,Is more casual and is darker and has shorter sleeves.,mbeir_images/fashioniq_images/B00G3J4GB6.jpg,7:70451,5889,1125,37446,mmembed,lamra_qwen25vl,mmembed,0,0,0,0
4485,7:4486,composition_required,composition_required,multimodal_needed,Is blue with a different logo and is blue with bigger graphic.,mbeir_images/fashioniq_images/B00408M6QO.jpg,7:49266,10,15,567,mmembed,mmembed,qwen3vl8b_vllm,1,0,0,0
4487,7:4488,unresolved,unresolved,multimodal_needed,Has longer sleeves and is black and red with long sleeves.,mbeir_images/fashioniq_images/B0058GP0K6.jpg,7:5912,49,199,1029,qwen3vl2b_vllm,rzen_embed,vlm2vec_v2,0,0,0,0
4488,7:4489,unresolved,unresolved,multimodal_needed,More colorful and has text on it.,mbeir_images/fashioniq_images/B0067EUKX0.jpg,7:70434,1444,1348,8028,lamra_qwen25vl,qwen3vl8b_vllm,lamra_qwen25vl,0,0,0,0
4489,7:4490,composition_required,composition_required,multimodal_needed,Is a solid color and is green and more plain.,mbeir_images/fashioniq_images/B007UR329M.jpg,7:13932,1,137,23,gme_qwen2vl_retriever_2,e5_omni,voyage_multimodal_35,7,0,0,0
4490,7:4491,unresolved,unresolved,multimodal_needed,Is blue jersey and has short sleeves and is blue in color.,mbeir_images/fashioniq_images/B00FQUAV9E.jpg,7:42265,1027,247,19074,lamra,lamra,gme_qwen2vl_retriever_2,0,0,0,0
4491,7:4492,composition_required,composition_required,multimodal_needed,Is blue and has sleeves and is blue with short sleeves.,mbeir_images/fashioniq_images/B005M02XIA.jpg,7:22274,3,225,1092,lamra,qwen3vl8b_vllm,vlm2vec_v2,5,0,0,0
4492,7:4493,composition_required,composition_required,multimodal_needed,The shirt is tight fitting with short sleeves and white in color and is lighter in color.,mbeir_images/fashioniq_images/B0045ZH0AO.jpg,7:16999,5,85,72,qwen3vl8b_vllm,rzen_embed,voyage_multimodal_35,2,0,0,0
4493,7:4494,unresolved,unresolved,multimodal_needed,Is darker and is darker and less musical.,mbeir_images/fashioniq_images/B008FMRCQK.jpg,7:41544,111,1544,272,mmembed,lamra_qwen25vl,gemini_embedding_2,0,0,0,0
4494,7:4495,unresolved,unresolved,multimodal_needed,Is more attractive and is lighter and features a different animal.,mbeir_images/fashioniq_images/B00A061DH8.jpg,7:69769,67,1600,547,lamra,mmembed,gemini_embedding_2,0,0,0,0
4497,7:4498,unresolved,unresolved,multimodal_needed,Is blue with short sleeves and is blue and has shorter sleeve.,mbeir_images/fashioniq_images/B002TNOCNW.jpg,7:21098,16,69,3550,rzen_embed,gemini_embedding_2,qwen3vl8b_vllm,0,0,0,0
4499,7:4500,unresolved,unresolved,multimodal_needed,Is more sweater and longer sleeves and is lighter and has longer sleeves.,mbeir_images/fashioniq_images/B00BNQW9CM.jpg,7:73755,504,1193,14473,qwen3vl2b_vllm,voyage_multimodal_35,voyage_multimodal_35,0,0,0,0
4504,7:4505,unresolved,unresolved,multimodal_needed,Is red without stripes and more fitted.,mbeir_images/fashioniq_images/B0073PZW2Q.jpg,7:32113,3341,14065,3569,voyage_multimodal_35,vlm2vec_v2,,0,0,0,0
4507,7:4508,unresolved,unresolved,multimodal_needed,Is darker with thicker straps and is black and less revealing.,mbeir_images/fashioniq_images/B00B02GQ1E.jpg,7:46823,362,76,2780,gme_qwen2vl_retriever_2,lamra_qwen25vl,lamra,0,0,0,0
4509,7:4510,unresolved,unresolved,multimodal_needed,Is white colored and is white with a more colorful pattern.,mbeir_images/fashioniq_images/B009ZYYBVG.jpg,7:63525,108,48,8207,qwen3vl8b_vllm,mmembed,qwen3vl8b_vllm,0,0,0,0
4510,7:4511,unresolved,unresolved,multimodal_needed,The top is less revealing and the bottom is a trouser and is more chic.,mbeir_images/fashioniq_images/B007PAD4YC.jpg,7:68898,230,346,6412,lamra_qwen25vl,voyage_multimodal_35,lamra,0,0,0,0
4511,7:4512,composition_required,composition_required,multimodal_needed,The shirt is melon in color and is orange in color with short sleeves.,mbeir_images/fashioniq_images/B005J29QHW.jpg,7:3258,6,49,5397,vlm2vec_v2,rzen_embed,vlm2vec_v2,1,0,0,0
4512,7:4513,unresolved,unresolved,multimodal_needed,Is less plain and more whimsical and is yellow with a colourful pattern.,mbeir_images/fashioniq_images/B008HZFIUM.jpg,7:16458,17,79,2545,gemini_embedding_2,gemini_embedding_2,qwen3vl8b_vllm,0,0,0,0
4513,7:4514,unresolved,unresolved,multimodal_needed,Is no sleeves and more lighter and is lighter colored with less shoulder straps.,mbeir_images/fashioniq_images/B0085K0LQU.jpg,7:14676,471,983,744,gme_qwen2vl_retriever_2,mmembed,gme_qwen2vl_retriever_2,0,0,0,0
4515,7:4516,unresolved,unresolved,multimodal_needed,Is less feminine and is brown and sleeveless.,mbeir_images/fashioniq_images/B003RW1XTK.jpg,7:18932,184,1151,1437,rzen_embed,voyage_multimodal_35,e5_omni,0,0,0,0
4516,7:4517,unresolved,unresolved,multimodal_needed,Is darker and has longer sleeves and is solid black with sleeves.,mbeir_images/fashioniq_images/B00BWUM7YE.jpg,7:29838,930,1285,2313,mmembed,lamra_qwen25vl,rzen_embed,0,0,0,0
4517,7:4518,composition_required,composition_required,multimodal_needed,Is more flowing and white and is shiny.,mbeir_images/fashioniq_images/B007RMNIE4.jpg,7:28907,1,179,65,lamra_qwen25vl,qwen3vl8b_vllm,qwen3vl8b_vllm,6,0,0,0
4521,7:4522,unresolved,unresolved,multimodal_needed,Is darker and is darker with a lighter emblem.,mbeir_images/fashioniq_images/B00CNCURMO.jpg,7:44885,119,2378,45,gemini_embedding_2,e5_omni,gemini_embedding_2,0,0,0,0
4522,7:4523,composition_required,composition_required,multimodal_needed,The shirt is white with flowers and is lighter.,mbeir_images/fashioniq_images/B008VOY01M.jpg,7:68103,1,73,21,lamra,voyage_multimodal_35,gme_qwen2vl_retriever_2,11,0,0,0
4523,7:4524,unresolved,unresolved,multimodal_needed,Is more frilly and more revealing and is pink and has off shoulder.,mbeir_images/fashioniq_images/B00BPPALLM.jpg,7:32237,187,612,4217,lamra_qwen25vl,gemini_embedding_2,gemini_embedding_2,0,0,0,0
4525,7:4526,unresolved,unresolved,multimodal_needed,Is white colored and is white lace.,mbeir_images/fashioniq_images/B00DS0TDAW.jpg,7:67321,21,171,1236,lamra_qwen25vl,lamra_qwen25vl,qwen3vl8b_vllm,0,0,0,0
4527,7:4528,unresolved,unresolved,multimodal_needed,Has a shorter sleeve and is brighter colored and is pink in color.,mbeir_images/fashioniq_images/B008DVXGO0.jpg,7:67152,290,305,8727,qwen3vl8b_vllm,e5_omni,voyage_multimodal_35,0,0,0,0
4529,7:4530,unresolved,unresolved,multimodal_needed,Is darker and is blue.,mbeir_images/fashioniq_images/B00D3ZHQ5G.jpg,7:30065,557,2030,742,qwen3vl2b_vllm,gme_qwen2vl_retriever_2,gemini_embedding_2,0,0,0,0
4531,7:4532,composition_required,composition_required,multimodal_needed,It is a darker blue and long sleeves and has longer sleeves and is darker.,mbeir_images/fashioniq_images/B00ADM33S6.jpg,7:44418,9,80,415,lamra_qwen25vl,lamra,e5_omni,1,0,0,0
4533,7:4534,composition_required,composition_required,multimodal_needed,Is darker and has longer sleeves and is more casual and less breezy.,mbeir_images/fashioniq_images/B007POA5NG.jpg,7:74367,3,598,1472,voyage_multimodal_35,voyage_multimodal_35,e5_omni,1,0,0,0
4534,7:4535,unresolved,unresolved,multimodal_needed,Is less black and has short sleeves and has smaller graphics on it.,mbeir_images/fashioniq_images/B00ESB1S80.jpg,7:3620,2581,602,17132,mmembed,mmembed,gme_qwen2vl_retriever_2,0,0,0,0
4535,7:4536,unresolved,unresolved,multimodal_needed,Has a smaller graphic and looks less feminine and is a solid pink tee.,mbeir_images/fashioniq_images/B00AO4O7NI.jpg,7:34533,19,108,178,gemini_embedding_2,gemini_embedding_2,,0,0,0,0
4537,7:4538,unresolved,unresolved,multimodal_needed,Is black and has shorter hem and rock-band theme.,mbeir_images/fashioniq_images/B003N1BT76.jpg,7:45036,62,104,292,qwen3vl8b_vllm,gemini_embedding_2,,0,0,0,0
4538,7:4539,composition_required,composition_required,multimodal_needed,Has shorter sleeves and darker colored and is tighter.,mbeir_images/fashioniq_images/B00EW1H8XK.jpg,7:52972,2,6176,38,vlm2vec_v2,gme_qwen2vl_retriever_2,,1,0,0,0
4539,7:4540,unresolved,unresolved,multimodal_needed,Is black with red words and black with a print.,mbeir_images/fashioniq_images/B00579WNTA.jpg,7:6282,363,88,803,lamra,lamra,gme_qwen2vl_retriever_2,0,0,0,0
4540,7:4541,composition_required,composition_required,multimodal_needed,The shirt is loose fitting with blue and white checkers and has longer sleeves.,mbeir_images/fashioniq_images/B004P5P1I2.jpg,7:43803,1,50,3882,lamra,gemini_embedding_2,gemini_embedding_2,7,0,0,0
4541,7:4542,composition_required,composition_required,multimodal_needed,The short sleeve shirt is white with a white and black ball and is white with a different graphic.,mbeir_images/fashioniq_images/B0067F9A0S.jpg,7:73611,2,17,51,rzen_embed,rzen_embed,e5_omni,5,0,0,0
4542,7:4543,unresolved,unresolved,multimodal_needed,No sleeves different logo and is darker colored.,mbeir_images/fashioniq_images/B004U32SXK.jpg,7:25120,331,1009,7805,lamra,qwen3vl8b_vllm,gme_qwen2vl_retriever_2,0,0,0,0
4543,7:4544,unresolved,unresolved,multimodal_needed,Is green and not as fitted and has a darker color and larger graphics.,mbeir_images/fashioniq_images/B005TGIFKC.jpg,7:62853,831,866,9718,qwen3vl8b_vllm,lamra,gemini_embedding_2,0,0,0,0
4544,7:4545,unresolved,unresolved,multimodal_needed,Blue and has sleeves and is sporty and more revealing.,mbeir_images/fashioniq_images/B006Z8F286.jpg,7:14415,22,188,1088,rzen_embed,vlm2vec_v2,vlm2vec_v2,0,0,0,0
4545,7:4546,unresolved,unresolved,multimodal_needed,Is blue in color and is a blue tee printed shirt.,mbeir_images/fashioniq_images/B008K7SPQQ.jpg,7:20064,30,280,414,lamra,lamra,,0,0,0,0
4546,7:4547,unresolved,unresolved,multimodal_needed,Is longer and less revealing and is longer.,mbeir_images/fashioniq_images/B0043VDDUQ.jpg,7:56017,12067,8669,7358,lamra_qwen25vl,,lamra_qwen25vl,0,0,0,0
4549,7:4550,composition_required,composition_required,multimodal_needed,Has floral and color is black`` and has more graphics and is darker.,mbeir_images/fashioniq_images/B001PO54QU.jpg,7:62630,1,11,12102,lamra,qwen3vl8b_vllm,gemini_embedding_2,2,0,0,0
4550,7:4551,composition_required,composition_required,multimodal_needed,Is lighter and is purple with a gathered bottom hem.,mbeir_images/fashioniq_images/B00BG0FKN0.jpg,7:25881,1,77,596,mmembed,mmembed,gemini_embedding_2,5,0,0,0
4551,7:4552,composition_required,composition_required,multimodal_needed,Is blue and has longer sleeves and is short sleeved and blue.,mbeir_images/fashioniq_images/B005LVNTOW.jpg,7:63306,1,32,134,qwen3vl2b_vllm,gemini_embedding_2,gemini_embedding_2,2,0,0,0
4554,7:4555,unresolved,unresolved,multimodal_needed,Has no sleeves and different color patterns and is colorful with more sleeves.,mbeir_images/fashioniq_images/B00B99TW1E.jpg,7:68921,29,38,996,lamra,qwen3vl8b_vllm,qwen3vl2b_vllm,0,0,0,0
4555,7:4556,unresolved,unresolved,multimodal_needed,Is blue with no print and is turquoise colored with no pattern.,mbeir_images/fashioniq_images/B00B99NYWC.jpg,7:19609,14,607,1546,rzen_embed,gemini_embedding_2,gemini_embedding_2,0,0,0,0
4557,7:4558,unresolved,unresolved,multimodal_needed,The shirt is light purple and lacy white gloves.,mbeir_images/fashioniq_images/B00FM8D476.jpg,7:50952,667,343,7214,qwen3vl8b_vllm,mmembed,lamra,0,0,0,0
4558,7:4559,unresolved,unresolved,multimodal_needed,Is brighter colored with short sleeves and is lighter in color.,mbeir_images/fashioniq_images/B007MO6BNM.jpg,7:57153,10574,3586,31223,lamra,e5_omni,qwen3vl2b_vllm,0,0,0,0
4559,7:4560,unresolved,unresolved,multimodal_needed,Is black and has shorter sleeves and is black and more fitted.,mbeir_images/fashioniq_images/B00CNP18BA.jpg,7:7738,69,94,6421,lamra,gme_qwen2vl_retriever_2,qwen3vl2b_vllm,0,0,0,0
4560,7:4561,unresolved,unresolved,multimodal_needed,Has more lettering and is less like costume and is a short sleeved tee shirt with letters.,mbeir_images/fashioniq_images/B007LLWQMQ.jpg,7:40812,256,116,11400,qwen3vl8b_vllm,qwen3vl8b_vllm,gme_qwen2vl_retriever_2,0,0,0,0
4563,7:4564,unresolved,unresolved,multimodal_needed,Has shorter sleeves and shorter.,mbeir_images/fashioniq_images/B005GA8YB6.jpg,7:22724,2701,5671,16020,lamra_qwen25vl,lamra_qwen25vl,gme_qwen2vl_retriever_2,0,0,0,0
4564,7:4565,unresolved,unresolved,multimodal_needed,Is darker with a different logo and is black in color.,mbeir_images/fashioniq_images/B000EOXMAM.jpg,7:41698,75,79,187,lamra,gme_qwen2vl_retriever_2,,0,0,0,0
4565,7:4566,composition_required,composition_required,multimodal_needed,Is a black waste fitted top with scoop necked collar and is darker and has longer sleeves.,mbeir_images/fashioniq_images/B00B99NYWC.jpg,7:37128,1,268,1132,gemini_embedding_2,qwen3vl8b_vllm,gemini_embedding_2,6,0,0,0
4566,7:4567,composition_required,composition_required,multimodal_needed,Is black in color and is black with white image.,mbeir_images/fashioniq_images/B00BF3FG0U.jpg,7:50738,8,147,54,lamra_qwen25vl,lamra_qwen25vl,qwen3vl8b_vllm,1,0,0,0
4568,7:4569,composition_required,composition_required,multimodal_needed,Is lighter and is a light gray casual top with red-lined collar.,mbeir_images/fashioniq_images/B00AE6IWMS.jpg,7:38495,2,15,11,gemini_embedding_2,qwen3vl8b_vllm,mmembed,10,0,0,0
4570,7:4571,unresolved,unresolved,multimodal_needed,3/4 sleeved blouse with shapes on it and is black.,mbeir_images/fashioniq_images/B008PFGQP0.jpg,7:57327,105,823,80,gemini_embedding_2,gemini_embedding_2,mmembed,0,0,0,0
4571,7:4572,unresolved,unresolved,multimodal_needed,Has buttons in middle and is darker blue with longer sleeves.,mbeir_images/fashioniq_images/B00AG35TN4.jpg,7:5931,17,205,2456,qwen3vl2b_vllm,gemini_embedding_2,vlm2vec_v2,0,0,0,0
4572,7:4573,composition_required,composition_required,multimodal_needed,Is long sleeves with purple color and is purple and less revealing.,mbeir_images/fashioniq_images/B0013WQ03U.jpg,7:53483,1,51,2772,lamra_qwen25vl,qwen3vl8b_vllm,gemini_embedding_2,10,0,0,0
4573,7:4574,composition_required,composition_required,multimodal_needed,Is white with long sleeves and it has longer sleeve and embroidered.,mbeir_images/fashioniq_images/B008UAL5YM.jpg,7:63839,3,31,635,lamra,rzen_embed,vlm2vec_v2,2,0,0,0
4576,7:4577,unresolved,unresolved,multimodal_needed,Has no sleeves and is black and is sleeveless and has an animal print.,mbeir_images/fashioniq_images/B00608J3R2.jpg,7:72568,16,116,3326,qwen3vl2b_vllm,lamra_qwen25vl,e5_omni,0,0,0,0
4577,7:4578,unresolved,unresolved,multimodal_needed,Is darker and light blue color and v-neck collar.,mbeir_images/fashioniq_images/B005E1LG9Y.jpg,7:39290,4777,2448,502,lamra,,gme_qwen2vl_retriever_2,0,0,0,0
4578,7:4579,unresolved,unresolved,multimodal_needed,Has short sleeves and is black and has longer sleeves.,mbeir_images/fashioniq_images/B00BI3DVGS.jpg,7:1175,777,2118,10694,lamra_qwen25vl,gme_qwen2vl_retriever_2,lamra_qwen25vl,0,0,0,0
4579,7:4580,unresolved,unresolved,multimodal_needed,Is looser short sleeved v necked and has longer sleeves and is darker.,mbeir_images/fashioniq_images/B00BB1UC5K.jpg,7:50891,842,559,1996,qwen3vl8b_vllm,mmembed,vlm2vec_v2,0,0,0,0
4580,7:4581,composition_required,composition_required,multimodal_needed,Has shorter sleeves and two more characters and is lighter in color.,mbeir_images/fashioniq_images/B009P2LMWE.jpg,7:54039,6,210,12,qwen3vl8b_vllm,gme_qwen2vl_retriever_2,qwen3vl2b_vllm,5,0,0,0
4582,7:4583,unresolved,unresolved,multimodal_needed,Has no sleeves and has thin straps and is all white.,mbeir_images/fashioniq_images/B00BF727US.jpg,7:26747,14,34,3962,gemini_embedding_2,gemini_embedding_2,vlm2vec_v2,0,0,0,0
4584,7:4585,unresolved,unresolved,multimodal_needed,Sleeveless and more pink and is pink with no straps.,mbeir_images/fashioniq_images/B004VRQFDE.jpg,7:9944,152,108,9157,lamra,qwen3vl8b_vllm,lamra_qwen25vl,0,0,0,0
4585,7:4586,unresolved,unresolved,multimodal_needed,Has shorter sleeves and quarter sleeves more colorfull.,mbeir_images/fashioniq_images/B002UKPUD0.jpg,7:14921,463,7924,684,gme_qwen2vl_retriever_2,gme_qwen2vl_retriever_2,vlm2vec_v2,0,0,0,0
4587,7:4588,unresolved,unresolved,multimodal_needed,Is white and has short sleeves and has longer sleeves and is less graphic.,mbeir_images/fashioniq_images/B0036JQOZM.jpg,7:42836,491,1209,2205,lamra_qwen25vl,lamra_qwen25vl,gemini_embedding_2,0,0,0,0
4588,7:4589,composition_required,composition_required,multimodal_needed,Has no sleeve with two different stripe patterns and is black and less revealing.,mbeir_images/fashioniq_images/B00BXI78D0.jpg,7:15677,7,83,759,rzen_embed,gemini_embedding_2,mmembed,1,0,0,0
4590,7:4591,unresolved,unresolved,multimodal_needed,Is gold colored and has more brown and tan pattern.,mbeir_images/fashioniq_images/B00A3NAH6G.jpg,7:57090,13,357,62,gemini_embedding_2,gme_qwen2vl_retriever_2,gemini_embedding_2,0,0,0,0
4592,7:4593,composition_required,composition_required,multimodal_needed,Is red colored and is red with collar.,mbeir_images/fashioniq_images/B008VA57I6.jpg,7:6586,1,14,2715,gemini_embedding_2,lamra_qwen25vl,gemini_embedding_2,3,0,0,0
4593,7:4594,unresolved,unresolved,multimodal_needed,Is white and is white woman's tee.,mbeir_images/fashioniq_images/B000GNYYDA.jpg,7:24540,169,159,20895,voyage_multimodal_35,gemini_embedding_2,voyage_multimodal_35,0,0,0,0
4594,7:4595,composition_required,composition_required,multimodal_needed,I want something thats one solid color and form fitting and is black with no other colors.,mbeir_images/fashioniq_images/B007QPJ3Q4.jpg,7:19187,4,12,164,lamra_qwen25vl,qwen3vl2b_vllm,gemini_embedding_2,5,0,0,0
4596,7:4597,unresolved,unresolved,multimodal_needed,Is more revealing and has a deeper neck and shorter sleeves.,mbeir_images/fashioniq_images/B005VA01DK.jpg,7:2216,14,280,101,lamra_qwen25vl,vlm2vec_v2,vlm2vec_v2,0,0,0,0
4597,7:4598,unresolved,unresolved,multimodal_needed,Fits tighter and is light pink and is lighter colored and more tshirt.,mbeir_images/fashioniq_images/B0068VGVK8.jpg,7:36705,14,20,11537,lamra,lamra,rzen_embed,0,0,0,0
4598,7:4599,unresolved,unresolved,multimodal_needed,Is brighter colored and short sleeve tunic brown and white.,mbeir_images/fashioniq_images/B00C5NMEPE.jpg,7:21206,1997,79,21749,lamra_qwen25vl,gemini_embedding_2,lamra,0,0,0,0
4600,7:4601,composition_required,composition_required,multimodal_needed,The shirt is light green in color and is very light olive.,mbeir_images/fashioniq_images/B001OOLPBY.jpg,7:70411,1,11,18,gme_qwen2vl_retriever_2,lamra,qwen3vl8b_vllm,9,0,0,0
4601,7:4602,unresolved,unresolved,multimodal_needed,Has longer sleeves with a skull graphic and is black with logo.,mbeir_images/fashioniq_images/B004W4CV52.jpg,7:71154,50,75,18382,lamra,e5_omni,vlm2vec_v2,0,0,0,0
4602,7:4603,unresolved,unresolved,multimodal_needed,Is brighter and less gothic and is yellow and shorter.,mbeir_images/fashioniq_images/B00C6IRB42.jpg,7:46293,35,33,4670,voyage_multimodal_35,voyage_multimodal_35,qwen3vl8b_vllm,0,0,0,0
4603,7:4604,unresolved,unresolved,multimodal_needed,Has a graphic and is more sporty and darker colored.,mbeir_images/fashioniq_images/B005MVACSM.jpg,7:11628,1324,593,14666,mmembed,mmembed,mmembed,0,0,0,0
4604,7:4605,unresolved,unresolved,multimodal_needed,Has  shorter sleeves and is patterned and has more designs and a darker color.,mbeir_images/fashioniq_images/B00FPT42EG.jpg,7:20149,71,442,1972,voyage_multimodal_35,voyage_multimodal_35,,0,0,0,0
4606,7:4607,composition_required,composition_required,multimodal_needed,Is green with ruffles and sheer on the bottom and more loose and darker in fabric.,mbeir_images/fashioniq_images/B00E5RNKN8.jpg,7:32512,5,80,894,lamra,gme_qwen2vl_retriever_2,voyage_multimodal_35,3,0,0,0
4607,7:4608,unresolved,unresolved,multimodal_needed,Is black with brown designs and tight fitting.,mbeir_images/fashioniq_images/B00AEXWZ7O.jpg,7:607,721,1563,4428,mmembed,mmembed,qwen3vl2b_vllm,0,0,0,0
4608,7:4609,unresolved,unresolved,multimodal_needed,Is sleeveless white smock and is sleeveless and white colored.,mbeir_images/fashioniq_images/B007Y9F3MA.jpg,7:3512,161,67,4488,lamra_qwen25vl,e5_omni,gme_qwen2vl_retriever_2,0,0,0,0
4609,7:4610,composition_required,composition_required,multimodal_needed,Is a sleeveless white with small black polka dots and is sleeveless with a dot pattern.,mbeir_images/fashioniq_images/B007G0I5EK.jpg,7:3695,4,26,12453,rzen_embed,qwen3vl8b_vllm,,4,0,0,0
4613,7:4614,unresolved,unresolved,multimodal_needed,Is purple with black accents and it is less plain with a longer sleeve.,mbeir_images/fashioniq_images/B007ZTGZSA.jpg,7:74031,13,52,384,qwen3vl8b_vllm,qwen3vl8b_vllm,gme_qwen2vl_retriever_2,0,0,0,0
4614,7:4615,unresolved,unresolved,multimodal_needed,Is black and more masculine and is black.,mbeir_images/fashioniq_images/B001R63KMQ.jpg,7:6717,1427,1485,9699,lamra_qwen25vl,lamra_qwen25vl,gemini_embedding_2,0,0,0,0
4615,7:4616,unresolved,unresolved,multimodal_needed,Is lighter in color and longer sleeved and has longer sleeves and is lighter.,mbeir_images/fashioniq_images/B0054S3X0C.jpg,7:67948,23,289,1801,gme_qwen2vl_retriever_2,gemini_embedding_2,,0,0,0,0
4617,7:4618,composition_required,composition_required,multimodal_needed,Has more graphics and is black colored with a different graphic.,mbeir_images/fashioniq_images/B003KW7PXK.jpg,7:17311,10,1413,88,rzen_embed,mmembed,vlm2vec_v2,1,0,0,0
4618,7:4619,unresolved,unresolved,multimodal_needed,Is blue with black designs and is lighter.,mbeir_images/fashioniq_images/B004S7QHVW.jpg,7:37309,57,468,437,gemini_embedding_2,gemini_embedding_2,lamra_qwen25vl,0,0,0,0
4619,7:4620,unresolved,unresolved,multimodal_needed,The shirt is aqua in color and is short sleeved and light blue.,mbeir_images/fashioniq_images/B0095YHVUY.jpg,7:37496,132,1846,831,gemini_embedding_2,,qwen3vl2b_vllm,0,0,0,0
4620,7:4621,unresolved,unresolved,multimodal_needed,Is worn above the waist and is black  and short sleeve t-shirt.,mbeir_images/fashioniq_images/B004HHNMRK.jpg,7:39570,37,15,859,rzen_embed,vlm2vec_v2,,0,0,0,0
4621,7:4622,unresolved,unresolved,multimodal_needed,Is a short sleeved tshirt and is a dark top.,mbeir_images/fashioniq_images/B000VCWJIS.jpg,7:68097,34,23,595,gemini_embedding_2,gemini_embedding_2,gme_qwen2vl_retriever_2,0,0,0,0
4622,7:4623,unresolved,unresolved,multimodal_needed,Is more patterend and more feminine and shorter sleeves red / white dress.,mbeir_images/fashioniq_images/B005HFYGOO.jpg,7:56586,64,1869,246,lamra,lamra_qwen25vl,,0,0,0,0
4623,7:4624,composition_required,composition_required,multimodal_needed,Is yellow colored and is yellow in color.,mbeir_images/fashioniq_images/B00BF71UBU.jpg,7:45456,1,196,81,gemini_embedding_2,e5_omni,gemini_embedding_2,10,0,0,0
4624,7:4625,unresolved,unresolved,multimodal_needed,Is black and white and is more dressy and is black and white in color.,mbeir_images/fashioniq_images/B00A4FC3HE.jpg,7:60007,167,538,1763,mmembed,qwen3vl8b_vllm,mmembed,0,0,0,0
4626,7:4627,composition_required,composition_required,multimodal_needed,Is white and sleeveless and is white and sleeveless.,mbeir_images/fashioniq_images/B003Q4VE8O.jpg,7:6832,3,128,1249,gemini_embedding_2,voyage_multimodal_35,e5_omni,1,0,0,0
4628,7:4629,unresolved,unresolved,multimodal_needed,Is lighter and has shorter sleeves and it has a short sleeve and it has no collar.,mbeir_images/fashioniq_images/B0094U96UW.jpg,7:71735,485,2550,3603,gemini_embedding_2,lamra_qwen25vl,gemini_embedding_2,0,0,0,0
4630,7:4631,unresolved,unresolved,multimodal_needed,The shirt is blue with white writing and is a blue top.,mbeir_images/fashioniq_images/B00CAAKD3M.jpg,7:59021,69,12,7868,qwen3vl8b_vllm,qwen3vl8b_vllm,gemini_embedding_2,0,0,0,0
4631,7:4632,unresolved,unresolved,multimodal_needed,Is black colored and longer sleeves and is more flowing and less casual.,mbeir_images/fashioniq_images/B00DDUSOWU.jpg,7:34398,293,501,2998,lamra,e5_omni,vlm2vec_v2,0,0,0,0
4632,7:4633,unresolved,unresolved,multimodal_needed,Is darker and is pink.,mbeir_images/fashioniq_images/B0067EHRQI.jpg,7:41306,216,202,21968,gme_qwen2vl_retriever_2,e5_omni,,0,0,0,0
4634,7:4635,composition_required,composition_required,multimodal_needed,Is lighter in color and more wordy and is less colorful and more casual.,mbeir_images/fashioniq_images/B00E0L1X3I.jpg,7:52511,4,40,45,lamra_qwen25vl,gemini_embedding_2,,1,0,0,0
4635,7:4636,composition_required,composition_required,multimodal_needed,Is white and is white and more professional.,mbeir_images/fashioniq_images/B00AHGAKZM.jpg,7:44998,1,54,73,mmembed,gme_qwen2vl_retriever_2,qwen3vl8b_vllm,9,0,0,0
4636,7:4637,unresolved,unresolved,multimodal_needed,Is lighter in color and but rather similar.,mbeir_images/fashioniq_images/B008OGUW32.jpg,7:47722,231,4569,664,lamra,gemini_embedding_2,lamra,0,0,0,0
4638,7:4639,composition_required,composition_required,multimodal_needed,Is less flared and more pink and is salmon and straight cut.,mbeir_images/fashioniq_images/B00APE63FM.jpg,7:24641,7,817,17,gme_qwen2vl_retriever_2,qwen3vl8b_vllm,lamra_qwen25vl,2,0,0,0
4639,7:4640,unresolved,unresolved,multimodal_needed,Is not colorful and is more revealing.,mbeir_images/fashioniq_images/B005I4KNX2.jpg,7:22134,16,638,125,mmembed,lamra,e5_omni,0,0,0,0
4641,7:4642,unresolved,unresolved,multimodal_needed,Is blue and is a pair of pants.,mbeir_images/fashioniq_images/B001AS562I.jpg,7:61113,50,107,31184,vlm2vec_v2,lamra_qwen25vl,qwen3vl2b_vllm,0,0,0,0
4642,7:4643,unresolved,unresolved,multimodal_needed,Has longer sleeves with red color and is red with longer sleeves.,mbeir_images/fashioniq_images/B001D6Y466.jpg,7:63687,104,228,11688,lamra,lamra,voyage_multimodal_35,0,0,0,0
4649,7:4650,unresolved,unresolved,multimodal_needed,Is a black t shirt with sleeves and has longer sleeves and is black.,mbeir_images/fashioniq_images/B00066ZPNA.jpg,7:30445,283,1794,2382,lamra,voyage_multimodal_35,vlm2vec_v2,0,0,0,0
4650,7:4651,unresolved,unresolved,multimodal_needed,Sleevless and has no sleeves and is black.,mbeir_images/fashioniq_images/B00CP11HK4.jpg,7:25550,428,318,12666,mmembed,qwen3vl8b_vllm,mmembed,0,0,0,0
4652,7:4653,unresolved,unresolved,multimodal_needed,Has a longer sleeve with different stripes and has longer sleeves.,mbeir_images/fashioniq_images/B009NGX6U8.jpg,7:2523,114,956,3487,lamra_qwen25vl,qwen3vl8b_vllm,lamra_qwen25vl,0,0,0,0
4653,7:4654,unresolved,unresolved,multimodal_needed,The shirt is dark gray in color and it has sleeves and it is longer.,mbeir_images/fashioniq_images/B009NGX6U8.jpg,7:43476,107,400,4031,gemini_embedding_2,gemini_embedding_2,gemini_embedding_2,0,0,0,0
4654,7:4655,unresolved,unresolved,multimodal_needed,Is grey colored and has text on it and is black with yellow lettering.,mbeir_images/fashioniq_images/B00DSS1KAK.jpg,7:61577,63,29,32967,lamra_qwen25vl,lamra_qwen25vl,mmembed,0,0,0,0
4655,7:4656,composition_required,composition_required,multimodal_needed,The shirt is long and black with white and black stripes and is black and white striped.,mbeir_images/fashioniq_images/B007WASYOA.jpg,7:24544,5,45,726,vlm2vec_v2,gemini_embedding_2,e5_omni,1,0,0,0
4659,7:4660,unresolved,unresolved,multimodal_needed,Has a longer sleeve with buttons and pockets and is darker and has longer sleeves.,mbeir_images/fashioniq_images/B008LCWM82.jpg,7:41288,200,780,16675,qwen3vl8b_vllm,qwen3vl8b_vllm,vlm2vec_v2,0,0,0,0
4660,7:4661,composition_required,composition_required,multimodal_needed,Has a shorter sleeve with Hello Kitty and is darker.,mbeir_images/fashioniq_images/B00F0TPBS2.jpg,7:29641,4,17,91,voyage_multimodal_35,mmembed,voyage_multimodal_35,2,0,0,0
4661,7:4662,unresolved,unresolved,multimodal_needed,Is blue with buttons down and is more of a blue color.,mbeir_images/fashioniq_images/B0087CC0GK.jpg,7:30728,180,32,3203,lamra_qwen25vl,gme_qwen2vl_retriever_2,lamra_qwen25vl,0,0,0,0
4662,7:4663,unresolved,unresolved,multimodal_needed,The shirt is black with white and yellow and is black.,mbeir_images/fashioniq_images/B005HTENIO.jpg,7:17268,60,221,438,gemini_embedding_2,mmembed,,0,0,0,0
4663,7:4664,unresolved,unresolved,multimodal_needed,Is lighter in color and more casual and is lighter and has longer sleeves.,mbeir_images/fashioniq_images/B006MXLXHI.jpg,7:18384,1687,1694,30462,lamra_qwen25vl,lamra,gemini_embedding_2,0,0,0,0
4664,7:4665,unresolved,unresolved,multimodal_needed,Is darker and has longer sleeves and is black and less sheer.,mbeir_images/fashioniq_images/B00B9Z7DNM.jpg,7:57328,721,208,12008,e5_omni,qwen3vl8b_vllm,gemini_embedding_2,0,0,0,0
4665,7:4666,composition_required,composition_required,multimodal_needed,Is black colored and is black and has button.,mbeir_images/fashioniq_images/B00B0NQ7CG.jpg,7:23642,1,105,28,qwen3vl2b_vllm,e5_omni,voyage_multimodal_35,9,0,0,0
4667,7:4668,composition_required,composition_required,multimodal_needed,Is plaid with longer sleeves and is plaid patterned with no collar.,mbeir_images/fashioniq_images/B008BPVQGS.jpg,7:34707,6,12,721,lamra_qwen25vl,qwen3vl8b_vllm,gme_qwen2vl_retriever_2,2,0,0,0
4669,7:4670,composition_required,composition_required,multimodal_needed,Is lighter and grey with a design.,mbeir_images/fashioniq_images/B008TV79LK.jpg,7:52691,3,583,1280,qwen3vl8b_vllm,qwen3vl2b_vllm,qwen3vl8b_vllm,2,0,0,0
4670,7:4671,composition_required,composition_required,multimodal_needed,Is more revealing with spagetti straps and elasticated waist and has very thin straps and a fitted elastic waist.,mbeir_images/fashioniq_images/B00C10NLIA.jpg,7:72917,5,28,148,lamra,gemini_embedding_2,lamra,3,0,0,0
4671,7:4672,composition_required,composition_required,multimodal_needed,Has a long sleeve black color shirt and is solid black with a full button front.,mbeir_images/fashioniq_images/B005L2NJKU.jpg,7:40977,1,32,1199,rzen_embed,lamra,gemini_embedding_2,4,0,0,0
4672,7:4673,composition_required,composition_required,multimodal_needed,Is darker and has long sleeves and stripes.,mbeir_images/fashioniq_images/B00819Q63W.jpg,7:45732,9,167,172,voyage_multimodal_35,voyage_multimodal_35,lamra_qwen25vl,1,0,0,0
4674,7:4675,composition_required,composition_required,multimodal_needed,The long sleeve shirt is green in color and is green with no pattern.,mbeir_images/fashioniq_images/B008293HO2.jpg,7:4595,4,52,24,mmembed,mmembed,qwen3vl2b_vllm,5,0,0,0
4675,7:4676,composition_required,composition_required,multimodal_needed,Has longer sleeves and is more feminine and has longer sleeves and buttons.,mbeir_images/fashioniq_images/B009Q55MKI.jpg,7:10837,4,28,226,qwen3vl8b_vllm,e5_omni,gme_qwen2vl_retriever_2,5,0,0,0
4676,7:4677,unresolved,unresolved,multimodal_needed,Has short sleeves and is pink in color and in pink with shorter sleeves.,mbeir_images/fashioniq_images/B0054P9Q1K.jpg,7:34154,290,319,11009,lamra,gemini_embedding_2,lamra,0,0,0,0
4677,7:4678,composition_required,composition_required,multimodal_needed,Is gray colored with no sleeves and is gray and a tank top style.,mbeir_images/fashioniq_images/B00F44KDMW.jpg,7:60514,2,15,579,gemini_embedding_2,gemini_embedding_2,gemini_embedding_2,5,0,0,0
4678,7:4679,unresolved,unresolved,multimodal_needed,Is lighter and has shorter sleeves and is colored only white.,mbeir_images/fashioniq_images/B00E0L2FAI.jpg,7:71777,256,52,3324,lamra_qwen25vl,gemini_embedding_2,mmembed,0,0,0,0
4679,7:4680,unresolved,unresolved,multimodal_needed,Is navy with shorter sleeves and is darker.,mbeir_images/fashioniq_images/B001AQ42SO.jpg,7:60665,141,104,4343,lamra,mmembed,voyage_multimodal_35,0,0,0,0
4683,7:4684,composition_required,composition_required,multimodal_needed,Is red colored and floral pattern and has flowery print.,mbeir_images/fashioniq_images/B008CFZW76.jpg,7:58500,5,185,1082,gme_qwen2vl_retriever_2,lamra_qwen25vl,voyage_multimodal_35,4,0,0,0
4685,7:4686,unresolved,unresolved,multimodal_needed,Has shorter sleeves and has no sleeve and is brown color.,mbeir_images/fashioniq_images/B008A4OUC2.jpg,7:35481,479,1326,3937,qwen3vl2b_vllm,qwen3vl2b_vllm,e5_omni,0,0,0,0
4686,7:4687,unresolved,unresolved,multimodal_needed,Is gray and is white with black logo.,mbeir_images/fashioniq_images/B002KG5WD2.jpg,7:32848,452,485,11459,lamra_qwen25vl,lamra_qwen25vl,gemini_embedding_2,0,0,0,0
4687,7:4688,composition_required,composition_required,multimodal_needed,Is pink and less elegant and is sleeveless and is a brighter color.,mbeir_images/fashioniq_images/B004IOL0UI.jpg,7:45216,1,96,1653,qwen3vl8b_vllm,qwen3vl8b_vllm,gemini_embedding_2,7,0,0,0
4688,7:4689,unresolved,unresolved,multimodal_needed,Has a cheetah pattern and is lighter colored & more flowy.,mbeir_images/fashioniq_images/B008BHSRFO.jpg,7:58109,25,45,202,lamra_qwen25vl,mmembed,lamra,0,0,0,0
4692,7:4693,unresolved,unresolved,multimodal_needed,Is lighter and has shorter sleeves and more blue.,mbeir_images/fashioniq_images/B00A3QE0QQ.jpg,7:8399,33,127,128,qwen3vl8b_vllm,voyage_multimodal_35,qwen3vl2b_vllm,0,0,0,0
4694,7:4695,unresolved,unresolved,multimodal_needed,The shirt is black with white writing and is black with sleeves.,mbeir_images/fashioniq_images/B00AN9Y388.jpg,7:9907,255,641,34796,qwen3vl2b_vllm,vlm2vec_v2,qwen3vl2b_vllm,0,0,0,0
4695,7:4696,unresolved,unresolved,multimodal_needed,A button up and much longer and is buttoned and has collar.,mbeir_images/fashioniq_images/B00C85FTH4.jpg,7:3388,311,243,8013,gemini_embedding_2,gemini_embedding_2,,0,0,0,0
4696,7:4697,composition_required,composition_required,multimodal_needed,Is an orange dress with no sleeves and is lighter and has shorter sleeves.,mbeir_images/fashioniq_images/B007P5GAJS.jpg,7:5508,5,37,8243,mmembed,rzen_embed,qwen3vl2b_vllm,3,0,0,0
4697,7:4698,unresolved,unresolved,multimodal_needed,Is more plan and not patterned and is sleevless and more plain.,mbeir_images/fashioniq_images/B005Y8GDYK.jpg,7:10264,55,1644,1593,lamra_qwen25vl,lamra_qwen25vl,e5_omni,0,0,0,0
4700,7:4701,composition_required,composition_required,multimodal_needed,Is brighter in color and has horizontal stripes and is red striped instead of blue.,mbeir_images/fashioniq_images/B00B7X6HWE.jpg,7:51295,1,266,278,gme_qwen2vl_retriever_2,qwen3vl8b_vllm,gemini_embedding_2,7,0,0,0
4703,7:4704,composition_required,composition_required,multimodal_needed,Is brown and is a brown top.,mbeir_images/fashioniq_images/B00CMVSRDC.jpg,7:4151,1,172,32,gme_qwen2vl_retriever_2,qwen3vl2b_vllm,mmembed,7,0,0,0
4704,7:4705,unresolved,unresolved,multimodal_needed,Is white and has large neck and is a sleeveless white top.,mbeir_images/fashioniq_images/B004GHO03G.jpg,7:57193,71,300,1085,lamra,lamra_qwen25vl,lamra_qwen25vl,0,0,0,0
4705,7:4706,unresolved,unresolved,multimodal_needed,Is lighter and has a graphic print on it with no words.,mbeir_images/fashioniq_images/B002EIS4BS.jpg,7:39201,1440,4494,3130,qwen3vl2b_vllm,mmembed,gemini_embedding_2,0,0,0,0
4706,7:4707,unresolved,unresolved,multimodal_needed,Is more colorful and is red and more everyday.,mbeir_images/fashioniq_images/B003BWL0EE.jpg,7:3624,15,48,621,gme_qwen2vl_retriever_2,gme_qwen2vl_retriever_2,lamra,0,0,0,0
4707,7:4708,unresolved,unresolved,multimodal_needed,Has a tighter neckline and is more animalistic and longer sleeved.,mbeir_images/fashioniq_images/B008OGUW32.jpg,7:72125,140,340,2242,lamra_qwen25vl,e5_omni,,0,0,0,0
4709,7:4710,unresolved,unresolved,multimodal_needed,The shirt is white in color and is gray with shorter sleeves.,mbeir_images/fashioniq_images/B003Q6C28I.jpg,7:57763,184,125,2716,lamra_qwen25vl,lamra_qwen25vl,,0,0,0,0
4710,7:4711,unresolved,unresolved,multimodal_needed,Has a white back ground with small black dots and purple colored.,mbeir_images/fashioniq_images/B00FGDQ2VM.jpg,7:36563,1055,2062,1844,lamra_qwen25vl,voyage_multimodal_35,vlm2vec_v2,0,0,0,0
4712,7:4713,unresolved,unresolved,multimodal_needed,Has no sleeves and is sleeveless and sheer white with blue shoulders.,mbeir_images/fashioniq_images/B004I72CMU.jpg,7:31854,19,34,2020,qwen3vl8b_vllm,qwen3vl8b_vllm,qwen3vl8b_vllm,0,0,0,0
4715,7:4716,unresolved,unresolved,multimodal_needed,Is more slouche and lighter and is longer with a lighter color.,mbeir_images/fashioniq_images/B00BL8ISHW.jpg,7:15982,22,376,275,lamra,mmembed,gemini_embedding_2,0,0,0,0
4720,7:4721,unresolved,unresolved,multimodal_needed,Is lighter and has shorter sleeves and it has no sleeves and it is white.,mbeir_images/fashioniq_images/B000V9W4CM.jpg,7:67182,350,103,11904,gme_qwen2vl_retriever_2,lamra,vlm2vec_v2,0,0,0,0
4721,7:4722,unresolved,unresolved,multimodal_needed,Is much less revealing and  white and is a short sleeved tunis.,mbeir_images/fashioniq_images/B0060Q7E0W.jpg,7:67313,89,19,20789,qwen3vl8b_vllm,rzen_embed,vlm2vec_v2,0,0,0,0
4723,7:4724,unresolved,unresolved,multimodal_needed,The button up shirt has long sleeves and is black in color and is less humorous and more junior.,mbeir_images/fashioniq_images/B00BHM7F9Y.jpg,7:38329,62,18271,61,,gemini_embedding_2,,0,0,0,0
4724,7:4725,composition_required,composition_required,multimodal_needed,Is lighter and has more grey and longer sleeves.,mbeir_images/fashioniq_images/B00A8YYL1C.jpg,7:65252,2,114,78,gme_qwen2vl_retriever_2,qwen3vl8b_vllm,qwen3vl2b_vllm,5,0,0,0
4727,7:4728,unresolved,unresolved,multimodal_needed,Has a darker color and a print and is darker in color.,mbeir_images/fashioniq_images/B001OOLPBY.jpg,7:6983,123,4643,350,rzen_embed,gme_qwen2vl_retriever_2,lamra_qwen25vl,0,0,0,0
4728,7:4729,composition_required,composition_required,multimodal_needed,Has horizontal stripes and black and white in color and has a round neckline and is stripped.,mbeir_images/fashioniq_images/B0093AO0F4.jpg,7:11792,3,110,2197,lamra,lamra,gemini_embedding_2,3,0,0,0
4729,7:4730,unresolved,unresolved,multimodal_needed,Is a less revealing top and has sleeves.,mbeir_images/fashioniq_images/B009ZMX47A.jpg,7:63156,309,455,5492,lamra_qwen25vl,qwen3vl2b_vllm,gme_qwen2vl_retriever_2,0,0,0,0
4730,7:4731,composition_required,composition_required,multimodal_needed,Is a white tank top and has no sleeves.,mbeir_images/fashioniq_images/B002076ABE.jpg,7:64529,5,71,2815,e5_omni,e5_omni,e5_omni,1,0,0,0
4732,7:4733,unresolved,unresolved,multimodal_needed,Is lighter shinier and has shorter sleeves and has no sleeves.,mbeir_images/fashioniq_images/B00AYCOA0K.jpg,7:13509,15,988,1149,lamra_qwen25vl,lamra_qwen25vl,vlm2vec_v2,0,0,0,0
4738,7:4739,unresolved,unresolved,multimodal_needed,Is less eccentric and more subdued and is all black & longer.,mbeir_images/fashioniq_images/B00B7EU09O.jpg,7:60722,50,670,715,voyage_multimodal_35,e5_omni,lamra_qwen25vl,0,0,0,0
4739,7:4740,composition_required,composition_required,multimodal_needed,Is less revealing and more pink and has no buttons on it.,mbeir_images/fashioniq_images/B00FA670M0.jpg,7:45199,7,147,2124,lamra_qwen25vl,lamra_qwen25vl,,1,0,0,0
4740,7:4741,unresolved,unresolved,multimodal_needed,Has a short sleeve with orange art and is white and long.,mbeir_images/fashioniq_images/B003KQJHR8.jpg,7:24622,18,31,4962,gemini_embedding_2,gemini_embedding_2,qwen3vl2b_vllm,0,0,0,0
4742,7:4743,unresolved,unresolved,multimodal_needed,Has mp sleeved and is darker colored and is darker colored.,mbeir_images/fashioniq_images/B005GVB93K.jpg,7:42577,1419,1242,7131,gemini_embedding_2,gemini_embedding_2,gemini_embedding_2,0,0,0,0
4744,7:4745,unresolved,unresolved,multimodal_needed,Has long sleeves and has longer sleeves.,mbeir_images/fashioniq_images/B005GIF2JA.jpg,7:46332,136,4348,526,lamra,voyage_multimodal_35,gemini_embedding_2,0,0,0,0
4745,7:4746,composition_required,composition_required,multimodal_needed,Is white colored and has longer sleeves and is frilled as well in solid white.,mbeir_images/fashioniq_images/B00751ZL9M.jpg,7:35938,4,24,413,mmembed,mmembed,gme_qwen2vl_retriever_2,5,0,0,0
4746,7:4747,composition_required,composition_required,multimodal_needed,Dressier without print and is color tan and has an opening on front.,mbeir_images/fashioniq_images/B00BGVT030.jpg,7:12867,1,299,110,voyage_multimodal_35,qwen3vl2b_vllm,e5_omni,7,0,0,0
4747,7:4748,composition_required,composition_required,multimodal_needed,Is more floral and has rounder neck and is lighter grey in color with graphic of flowers.,mbeir_images/fashioniq_images/B003XII7B0.jpg,7:32150,6,19,3788,mmembed,qwen3vl8b_vllm,lamra,2,0,0,0
4748,7:4749,unresolved,unresolved,multimodal_needed,More revealing with no sleeves. black and has no sleeves and is darker.,mbeir_images/fashioniq_images/B0009GG2RA.jpg,7:15726,18,226,1514,mmembed,rzen_embed,gemini_embedding_2,0,0,0,0
4749,7:4750,unresolved,unresolved,multimodal_needed,Has no sleeves and is black and white and is white with black stribe and is sleeveless.,mbeir_images/fashioniq_images/B00CXXIGTY.jpg,7:62595,42,57,36421,gme_qwen2vl_retriever_2,gme_qwen2vl_retriever_2,qwen3vl8b_vllm,0,0,0,0
4751,7:4752,unresolved,unresolved,multimodal_needed,Is tight fitting with a bow and no sleeves blouse.,mbeir_images/fashioniq_images/B008I8YP52.jpg,7:72513,58,347,199,gemini_embedding_2,gemini_embedding_2,qwen3vl2b_vllm,0,0,0,0
4752,7:4753,unresolved,unresolved,multimodal_needed,Is brighter and less chic and is a red tank with buttons on the neck to button down.,mbeir_images/fashioniq_images/B00DEZTDCE.jpg,7:47326,153,542,1418,gemini_embedding_2,vlm2vec_v2,voyage_multimodal_35,0,0,0,0
4757,7:4758,unresolved,unresolved,multimodal_needed,The shirt is loose fitting and red in color and has no buttons and is less ethnic.,mbeir_images/fashioniq_images/B006YLXHFY.jpg,7:24546,68,249,3417,rzen_embed,gemini_embedding_2,qwen3vl8b_vllm,0,0,0,0
4758,7:4759,composition_required,composition_required,multimodal_needed,Has no sleeves and is darker in color.,mbeir_images/fashioniq_images/B000A35AMK.jpg,7:45337,2,1738,2031,lamra,lamra,vlm2vec_v2,1,0,0,0
4760,7:4761,unresolved,unresolved,multimodal_needed,Is blue and has tiny hips and is royal blue with white logo.,mbeir_images/fashioniq_images/B007MB2OAE.jpg,7:10616,14,65,284,rzen_embed,gme_qwen2vl_retriever_2,rzen_embed,0,0,0,0
4764,7:4765,unresolved,unresolved,multimodal_needed,Has more images in the middle and is lighter in color.,mbeir_images/fashioniq_images/B00H879A5Y.jpg,7:43319,1505,111,14828,lamra,vlm2vec_v2,gemini_embedding_2,0,0,0,0
4767,7:4768,unresolved,unresolved,multimodal_needed,Is more lacy and flowing and is less revealing and more feminine.,mbeir_images/fashioniq_images/B008MN5ONU.jpg,7:2709,236,273,4222,lamra_qwen25vl,mmembed,,0,0,0,0
4768,7:4769,unresolved,unresolved,multimodal_needed,Is lighter and has shorter sleeves and is white and has a more simple neckline.,mbeir_images/fashioniq_images/B003BYA9H6.jpg,7:58012,383,3594,689,gme_qwen2vl_retriever_2,gme_qwen2vl_retriever_2,qwen3vl2b_vllm,0,0,0,0
4769,7:4770,unresolved,unresolved,multimodal_needed,Short sleeve checker design black and white and is plaid and longer sleeves.,mbeir_images/fashioniq_images/B002Q2O178.jpg,7:51115,15,115,1998,gemini_embedding_2,qwen3vl8b_vllm,gemini_embedding_2,0,0,0,0
4773,7:4774,unresolved,unresolved,multimodal_needed,Is less scarier and is a shirt.,mbeir_images/fashioniq_images/B00133IN7K.jpg,7:71893,3121,10485,3312,lamra,gme_qwen2vl_retriever_2,voyage_multimodal_35,0,0,0,0
4776,7:4777,unresolved,unresolved,multimodal_needed,The boat neck shirt is lavender in color and is shorter and tan with a round neck.,mbeir_images/fashioniq_images/B004SWH4I2.jpg,7:66843,32,34,2018,lamra,voyage_multimodal_35,voyage_multimodal_35,0,0,0,0
4777,7:4778,composition_required,composition_required,multimodal_needed,Is tighter and is red and navy and is black with red dots.,mbeir_images/fashioniq_images/B006M6B9ME.jpg,7:63648,4,20,761,qwen3vl8b_vllm,gemini_embedding_2,gemini_embedding_2,4,0,0,0
4779,7:4780,unresolved,unresolved,multimodal_needed,Is a black t-shirt with a logo and it is black.,mbeir_images/fashioniq_images/B008H865JM.jpg,7:13022,48,95,11009,lamra_qwen25vl,e5_omni,rzen_embed,0,0,0,0
4780,7:4781,unresolved,unresolved,multimodal_needed,Has shorter sleeves with a pink color and is pink with graphics.,mbeir_images/fashioniq_images/B002YAEG7C.jpg,7:5932,107,85,14241,lamra_qwen25vl,lamra_qwen25vl,mmembed,0,0,0,0
4781,7:4782,composition_required,composition_required,multimodal_needed,Is white and is cream colored.,mbeir_images/fashioniq_images/B0079EIEQM.jpg,7:17324,8,232,324,lamra_qwen25vl,gemini_embedding_2,gemini_embedding_2,1,0,0,0
4782,7:4783,composition_required,composition_required,multimodal_needed,Has longer sleeves with dot patterns and no animal graphics.,mbeir_images/fashioniq_images/B005GI9FCK.jpg,7:16238,1,31,68,gme_qwen2vl_retriever_2,lamra_qwen25vl,mmembed,9,0,0,0
4784,7:4785,composition_required,composition_required,multimodal_needed,Has a darker color and is black with a more open neck.,mbeir_images/fashioniq_images/B00BJYIR9C.jpg,7:1992,2,310,24,lamra_qwen25vl,lamra_qwen25vl,voyage_multimodal_35,1,0,0,0
4785,7:4786,unresolved,unresolved,multimodal_needed,Is a lime green t-shirt with printing and is green with short sleeves.,mbeir_images/fashioniq_images/B00DLWPKZO.jpg,7:63028,80,58,42175,lamra,qwen3vl8b_vllm,lamra_qwen25vl,0,0,0,0
4787,7:4788,unresolved,unresolved,multimodal_needed,Has long sleeves and is less feminine and is brown and has long sleeve.,mbeir_images/fashioniq_images/B00BHRICZU.jpg,7:66438,392,1602,10847,mmembed,qwen3vl8b_vllm,,0,0,0,0
4789,7:4790,composition_required,composition_required,multimodal_needed,Is brighter and has longer sleeves and has mid sleeves.,mbeir_images/fashioniq_images/B008O55QZW.jpg,7:1785,1,23,14,lamra_qwen25vl,gme_qwen2vl_retriever_2,rzen_embed,10,0,0,0
4790,7:4791,unresolved,unresolved,multimodal_needed,Is yellow and has sleeves.,mbeir_images/fashioniq_images/B00BKTH75G.jpg,7:15309,20,60,2992,vlm2vec_v2,e5_omni,,0,0,0,0
4791,7:4792,composition_required,composition_required,multimodal_needed,Is a long blue blouse and is blue and more casual.,mbeir_images/fashioniq_images/B00DO49KKK.jpg,7:68334,6,30,2932,qwen3vl8b_vllm,qwen3vl8b_vllm,lamra,2,0,0,0
4793,7:4794,unresolved,unresolved,multimodal_needed,Is black and has floral and has a separate print with purple text.,mbeir_images/fashioniq_images/B0081ZRYN2.jpg,7:4008,33,14,2231,mmembed,e5_omni,gme_qwen2vl_retriever_2,0,0,0,0
4794,7:4795,composition_required,composition_required,multimodal_needed,Is longer and grey and is more flowing and plain.,mbeir_images/fashioniq_images/B00AG4409C.jpg,7:45550,4,24,3416,lamra,voyage_multimodal_35,rzen_embed,1,0,0,0
4797,7:4798,unresolved,unresolved,multimodal_needed,Red and yellow pictures and has a full halter top to the waist.,mbeir_images/fashioniq_images/B00DULOFW0.jpg,7:12373,67,453,12,gemini_embedding_2,mmembed,qwen3vl8b_vllm,0,0,0,0
4798,7:4799,unresolved,unresolved,multimodal_needed,Has a long sleeve with brighter color and is grey and has longer sleeves.,mbeir_images/fashioniq_images/B00BXI5XOG.jpg,7:32845,69,45,4400,rzen_embed,vlm2vec_v2,mmembed,0,0,0,0
4799,7:4800,unresolved,unresolved,multimodal_needed,Is black with white words and has white text on it.,mbeir_images/fashioniq_images/B00754F60S.jpg,7:60115,1118,1685,6802,lamra_qwen25vl,lamra,vlm2vec_v2,0,0,0,0
4801,7:4802,unresolved,unresolved,multimodal_needed,Is more flowing and girly and is lace tank shirt with pink designs.,mbeir_images/fashioniq_images/B001AYHVZ2.jpg,7:18677,31,16,15428,lamra_qwen25vl,gemini_embedding_2,,0,0,0,0
4802,7:4803,composition_required,composition_required,multimodal_needed,Is more flowy and longer and is more frilly and mature.,mbeir_images/fashioniq_images/B00342VD8O.jpg,7:50381,3,1086,94,vlm2vec_v2,voyage_multimodal_35,qwen3vl8b_vllm,2,0,0,0
4805,7:4806,composition_required,composition_required,multimodal_needed,Is dark blue colored and is blue and lighter in color.,mbeir_images/fashioniq_images/B003PD0G30.jpg,7:59691,6,485,41,gme_qwen2vl_retriever_2,e5_omni,,1,0,0,0
4807,7:4808,composition_required,composition_required,multimodal_needed,The shirt is black with red writing and a woman in red and has redder colors on the graphic.,mbeir_images/fashioniq_images/B005LIXPPI.jpg,7:46640,6,17,33,lamra,qwen3vl2b_vllm,rzen_embed,3,0,0,0
4808,7:4809,unresolved,unresolved,multimodal_needed,A tie dye tank top with light and dark colors and has no sleeves.,mbeir_images/fashioniq_images/B0001W1KSI.jpg,7:52199,359,68,8596,rzen_embed,gemini_embedding_2,vlm2vec_v2,0,0,0,0
4810,7:4811,composition_required,composition_required,multimodal_needed,Is more casual and has straps and is grey.,mbeir_images/fashioniq_images/B0081XJQZI.jpg,7:20537,6,598,21,e5_omni,qwen3vl2b_vllm,gme_qwen2vl_retriever_2,2,0,0,0
4812,7:4813,unresolved,unresolved,multimodal_needed,Is blue and has short sleeves and is blue and has larger round neck.,mbeir_images/fashioniq_images/B00AU8BW5Y.jpg,7:13014,760,2975,4089,gemini_embedding_2,voyage_multimodal_35,gemini_embedding_2,0,0,0,0
4814,7:4815,composition_required,composition_required,multimodal_needed,Is sleeveless and is a strapped tank with blue added to the coloring.,mbeir_images/fashioniq_images/B007H9KGT2.jpg,7:21603,1,140,169,gemini_embedding_2,gemini_embedding_2,gemini_embedding_2,5,0,0,0
4817,7:4818,unresolved,unresolved,multimodal_needed,Is darker and is in plain black.,mbeir_images/fashioniq_images/B00G3J4GB6.jpg,7:14183,20,270,841,rzen_embed,gme_qwen2vl_retriever_2,lamra,0,0,0,0
4818,7:4819,unresolved,unresolved,multimodal_needed,Is less busty and is navy and has longer sleeves and is dark blue.,mbeir_images/fashioniq_images/B006LN0WHG.jpg,7:13020,195,27,6537,e5_omni,e5_omni,mmembed,0,0,0,0
4819,7:4820,composition_required,composition_required,multimodal_needed,Is long sleeved and more fitted and is brown with longer sleeves.,mbeir_images/fashioniq_images/B008RDDD8I.jpg,7:16393,2,22,809,gemini_embedding_2,gemini_embedding_2,gemini_embedding_2,6,0,0,0
4820,7:4821,unresolved,unresolved,multimodal_needed,Is more shinier and is brown and is dark pink shiny and less revealing neck.,mbeir_images/fashioniq_images/B00836H3JE.jpg,7:9912,13,42,725,lamra_qwen25vl,voyage_multimodal_35,lamra,0,0,0,0
4822,7:4823,unresolved,unresolved,multimodal_needed,The short sleeved shirt is white and has no sleeves.,mbeir_images/fashioniq_images/B00DEJR2EQ.jpg,7:25486,6634,2872,26439,lamra,lamra,,0,0,0,0
4823,7:4824,composition_required,composition_required,multimodal_needed,Is pinched more below the bust and is brown in color.,mbeir_images/fashioniq_images/B00BWULMFY.jpg,7:29810,1,119,652,lamra_qwen25vl,lamra_qwen25vl,,5,0,0,0
4824,7:4825,unresolved,unresolved,multimodal_needed,Is scoop neck with shorter sleeves and is shorter sleeved.,mbeir_images/fashioniq_images/B008QW7RWS.jpg,7:37531,137,36,872,qwen3vl2b_vllm,voyage_multimodal_35,,0,0,0,0
4825,7:4826,composition_required,composition_required,multimodal_needed,Is solid white with 3/4 sleeves and has white long sleeves.,mbeir_images/fashioniq_images/B008DI1PAU.jpg,7:4293,5,36,6148,rzen_embed,voyage_multimodal_35,e5_omni,4,0,0,0
4827,7:4828,unresolved,unresolved,multimodal_needed,Has long sleeves and is a blouse with long sleeves and a ruffled bottom.,mbeir_images/fashioniq_images/B005PXI0A4.jpg,7:67660,12,12,394,lamra,voyage_multimodal_35,gme_qwen2vl_retriever_2,0,0,0,0
4829,7:4830,composition_required,composition_required,multimodal_needed,The shirt is red and white in color and is reddish pink and has shorter sleeves.,mbeir_images/fashioniq_images/B0087AYJRA.jpg,7:48684,2,27,439,lamra,gemini_embedding_2,,6,0,0,0
4830,7:4831,composition_required,composition_required,multimodal_needed,Has no sleeves but an image and has off shoulder and is black color.,mbeir_images/fashioniq_images/B00E4OQWQY.jpg,7:50784,2,1156,56,lamra,lamra_qwen25vl,,3,0,0,0
4831,7:4832,unresolved,unresolved,multimodal_needed,Is coral and is pink and has off shoulder.,mbeir_images/fashioniq_images/B009YJB6PG.jpg,7:21594,904,69,15924,qwen3vl8b_vllm,e5_omni,gme_qwen2vl_retriever_2,0,0,0,0
4832,7:4833,unresolved,unresolved,multimodal_needed,Is dark grey colored and has shorter sleeves and is darker coloured.,mbeir_images/fashioniq_images/B00BXIPAQ2.jpg,7:55168,68,7918,628,lamra,lamra_qwen25vl,vlm2vec_v2,0,0,0,0
4834,7:4835,composition_required,composition_required,multimodal_needed,Is grey with sleeves and is with short sleeves and has a wider neckline.,mbeir_images/fashioniq_images/B00775KKV0.jpg,7:52610,2,82,561,qwen3vl2b_vllm,gemini_embedding_2,lamra_qwen25vl,1,0,0,0
4835,7:4836,unresolved,unresolved,multimodal_needed,Is curvier and less solid and has a green round color and is dark grey.,mbeir_images/fashioniq_images/B003V6J31C.jpg,7:35360,25,2752,54,lamra_qwen25vl,rzen_embed,lamra_qwen25vl,0,0,0,0
4836,7:4837,unresolved,unresolved,multimodal_needed,Is darker with a purple logo and is black in color.,mbeir_images/fashioniq_images/B009R8P3I0.jpg,7:40287,41,291,3131,gemini_embedding_2,lamra,qwen3vl8b_vllm,0,0,0,0
4837,7:4838,unresolved,unresolved,multimodal_needed,The shirt is short sleeved gray in color with red writing and is grey with red print.,mbeir_images/fashioniq_images/B00AZ0180G.jpg,7:4809,54,21,468,lamra_qwen25vl,lamra,gemini_embedding_2,0,0,0,0
4839,7:4840,composition_required,composition_required,multimodal_needed,Is black with red and yellow designs and is less animal-like and more graphic inspirsed.,mbeir_images/fashioniq_images/B008NDWZJ0.jpg,7:7019,2,93,50,gme_qwen2vl_retriever_2,mmembed,qwen3vl2b_vllm,3,0,0,0
4840,7:4841,composition_required,composition_required,multimodal_needed,Is brighter and much more revealing and is sleeveless colored green.,mbeir_images/fashioniq_images/B0052XIUXO.jpg,7:70874,3,75,8425,lamra_qwen25vl,lamra_qwen25vl,voyage_multimodal_35,2,0,0,0
4841,7:4842,unresolved,unresolved,multimodal_needed,Is a t shirt with a design and and darker and has shorter sleeves.,mbeir_images/fashioniq_images/B00BLYSR1I.jpg,7:4918,1791,8281,22330,lamra,lamra,lamra,0,0,0,0
4842,7:4843,unresolved,unresolved,multimodal_needed,Has long sleeves and has longer sleeves.,mbeir_images/fashioniq_images/B00CWAF7SG.jpg,7:73750,366,835,673,qwen3vl2b_vllm,voyage_multimodal_35,qwen3vl2b_vllm,0,0,0,0
4843,7:4844,unresolved,unresolved,multimodal_needed,Has a pink color with text in the middle and is light pink colored.,mbeir_images/fashioniq_images/B00DNZNKKQ.jpg,7:59971,18,79,499,lamra,qwen3vl2b_vllm,qwen3vl2b_vllm,0,0,0,0
4847,7:4848,unresolved,unresolved,multimodal_needed,Has blue jean color and longer sleeves.,mbeir_images/fashioniq_images/B00BGEPG76.jpg,7:26922,2541,12,18348,mmembed,mmembed,rzen_embed,0,0,0,0
4849,7:4850,unresolved,unresolved,multimodal_needed,Has longer sleeves and is black cowl neck long sleeved.,mbeir_images/fashioniq_images/B0051SM8SS.jpg,7:66056,31,25,7615,lamra,qwen3vl2b_vllm,vlm2vec_v2,0,0,0,0
4850,7:4851,composition_required,composition_required,multimodal_needed,Has buttons and is brighter colored and is green and white buttons.,mbeir_images/fashioniq_images/B0009MGZQ2.jpg,7:59480,2,45,28,qwen3vl2b_vllm,qwen3vl2b_vllm,gemini_embedding_2,10,0,0,0
4852,7:4853,composition_required,composition_required,multimodal_needed,Has the same design and is black and orange and more revealing.,mbeir_images/fashioniq_images/B006MHUHM6.jpg,7:53835,1,144,57,lamra,lamra_qwen25vl,gemini_embedding_2,5,0,0,0
4853,7:4854,composition_required,composition_required,multimodal_needed,Is grey colored and is cool gray with white lettering.,mbeir_images/fashioniq_images/B004KUUKCO.jpg,7:29842,2,347,30,lamra,mmembed,gemini_embedding_2,6,0,0,0
4855,7:4856,unresolved,unresolved,multimodal_needed,Has more color and has less black and is less sexy.,mbeir_images/fashioniq_images/B004KE48Y6.jpg,7:54147,3628,1469,4919,qwen3vl8b_vllm,mmembed,qwen3vl8b_vllm,0,0,0,0
4856,7:4857,composition_required,composition_required,multimodal_needed,Is black with writing on it and is  black with white lettering.,mbeir_images/fashioniq_images/B005VSPMEK.jpg,7:72775,10,45,3925,qwen3vl8b_vllm,e5_omni,qwen3vl8b_vllm,1,0,0,0
4857,7:4858,composition_required,composition_required,multimodal_needed,Is similar with black buttons and has a red logo.,mbeir_images/fashioniq_images/B006IV779W.jpg,7:70814,1,15,27,mmembed,qwen3vl8b_vllm,qwen3vl8b_vllm,10,0,0,0
4858,7:4859,unresolved,unresolved,multimodal_needed,The shirt is black in color and is black.,mbeir_images/fashioniq_images/B00522PG28.jpg,7:4867,473,48,4569,gemini_embedding_2,gemini_embedding_2,,0,0,0,0
4859,7:4860,unresolved,unresolved,multimodal_needed,A floral shirt and is a flowered top.,mbeir_images/fashioniq_images/B0075623M0.jpg,7:27468,12,15,1991,mmembed,e5_omni,e5_omni,0,0,0,0
4860,7:4861,unresolved,unresolved,multimodal_needed,Is more formal with longer sleeves and buttons and is solid white with collar and buttons.,mbeir_images/fashioniq_images/B00C64M1BY.jpg,7:24668,43,1265,684,gemini_embedding_2,lamra_qwen25vl,gemini_embedding_2,0,0,0,0
4862,7:4863,unresolved,unresolved,multimodal_needed,Is darker and is black with a different graphic.,mbeir_images/fashioniq_images/B005M3UGH2.jpg,7:28209,30,2418,135,gme_qwen2vl_retriever_2,gme_qwen2vl_retriever_2,gemini_embedding_2,0,0,0,0
4863,7:4864,unresolved,unresolved,multimodal_needed,Has shorter sleeves and is black and is darker with shorter sleeves.,mbeir_images/fashioniq_images/B00FBI8K08.jpg,7:49615,89,5087,536,mmembed,lamra_qwen25vl,gemini_embedding_2,0,0,0,0
4864,7:4865,unresolved,unresolved,multimodal_needed,Is sleeveless and has shorter sleeves.,mbeir_images/fashioniq_images/B00E6793SS.jpg,7:27013,29,85,8009,voyage_multimodal_35,voyage_multimodal_35,rzen_embed,0,0,0,0
4865,7:4866,unresolved,unresolved,multimodal_needed,Has no sleeves but more stripes and is more colourfull.,mbeir_images/fashioniq_images/B004X80K3M.jpg,7:61454,225,445,586,gme_qwen2vl_retriever_2,qwen3vl8b_vllm,,0,0,0,0
4867,7:4868,composition_required,composition_required,multimodal_needed,Has more colors and has shorter sleeves and is more colourful.,mbeir_images/fashioniq_images/B004F3NKGO.jpg,7:61842,1,133,179,qwen3vl8b_vllm,qwen3vl8b_vllm,vlm2vec_v2,7,0,0,0
4868,7:4869,unresolved,unresolved,multimodal_needed,This white dress looks so fashionable and has a solid white color to it.,mbeir_images/fashioniq_images/B007SVC5P2.jpg,7:46990,100,1754,2000,lamra,voyage_multimodal_35,voyage_multimodal_35,0,0,0,0
4870,7:4871,unresolved,unresolved,multimodal_needed,Blue tee with logo and is navy with a different graphic.,mbeir_images/fashioniq_images/B003Y5LY76.jpg,7:19492,116,187,1190,lamra,mmembed,lamra,0,0,0,0
4873,7:4874,composition_required,composition_required,multimodal_needed,Is black colored with more text and is dark blue.,mbeir_images/fashioniq_images/B003ECTX36.jpg,7:66373,4,48,228,lamra_qwen25vl,lamra,qwen3vl8b_vllm,1,0,0,0
4874,7:4875,composition_required,composition_required,multimodal_needed,Is more eccentric and longer and is multi-colored.,mbeir_images/fashioniq_images/B009PIM60A.jpg,7:71183,7,86,73,lamra_qwen25vl,gemini_embedding_2,,2,0,0,0
4876,7:4877,unresolved,unresolved,multimodal_needed,Is green with more sleeves and is green colored and short sleeved.,mbeir_images/fashioniq_images/B006HT244S.jpg,7:19843,19,109,4950,gme_qwen2vl_retriever_2,lamra_qwen25vl,gemini_embedding_2,0,0,0,0
4877,7:4878,composition_required,composition_required,multimodal_needed,Is black with gray sides and has a tighter fit and is two toned.,mbeir_images/fashioniq_images/B008DEXUSY.jpg,7:61566,1,47,81,lamra,gme_qwen2vl_retriever_2,gme_qwen2vl_retriever_2,8,0,0,0
4878,7:4879,unresolved,unresolved,multimodal_needed,Is blue with white and red designs and has longer sleeves and is more blue.,mbeir_images/fashioniq_images/B005ABVTOU.jpg,7:33583,14,150,4200,lamra,lamra,,0,0,0,0
4879,7:4880,unresolved,unresolved,multimodal_needed,Is lighter and is white with black letters.,mbeir_images/fashioniq_images/B004KSP3ZK.jpg,7:47956,43,42,356,qwen3vl2b_vllm,e5_omni,vlm2vec_v2,0,0,0,0
4881,7:4882,unresolved,unresolved,multimodal_needed,Is a brown t-shirt and has shorter sleeves and a darker color.,mbeir_images/fashioniq_images/B0077BSFCA.jpg,7:36387,213,58,31218,lamra_qwen25vl,lamra,qwen3vl8b_vllm,0,0,0,0
4882,7:4883,unresolved,unresolved,multimodal_needed,The shirt is black with a colorful picture and is darker coloured.,mbeir_images/fashioniq_images/B007Z4WSA4.jpg,7:3408,35,61,1060,e5_omni,e5_omni,gemini_embedding_2,0,0,0,0
4884,7:4885,composition_required,composition_required,multimodal_needed,Is lighter and is tie dyed.,mbeir_images/fashioniq_images/B003ENGNX8.jpg,7:45282,10,204,24,lamra_qwen25vl,lamra,gemini_embedding_2,1,0,0,0
4885,7:4886,unresolved,unresolved,multimodal_needed,Is black with purple and is darker colored and more pop culture.,mbeir_images/fashioniq_images/B0084S6I4C.jpg,7:15618,137,114,3554,qwen3vl2b_vllm,rzen_embed,qwen3vl8b_vllm,0,0,0,0
4886,7:4887,unresolved,unresolved,multimodal_needed,Is similar but more orange in colour and is darker.,mbeir_images/fashioniq_images/B000YVMK30.jpg,7:24471,171,24496,79,gemini_embedding_2,voyage_multimodal_35,gemini_embedding_2,0,0,0,0
4888,7:4889,unresolved,unresolved,multimodal_needed,Is patterned and it is black.,mbeir_images/fashioniq_images/B000EVG98W.jpg,7:6401,407,5866,2949,gemini_embedding_2,e5_omni,gemini_embedding_2,0,0,0,0
4890,7:4891,unresolved,unresolved,multimodal_needed,Long sleeved and below waist long and with a frilly bottom.,mbeir_images/fashioniq_images/B0083E6IS8.jpg,7:6326,1388,1090,2693,gemini_embedding_2,gemini_embedding_2,,0,0,0,0
4891,7:4892,unresolved,unresolved,multimodal_needed,Is blue with pocket and sleeveless.,mbeir_images/fashioniq_images/B00D4FQJQW.jpg,7:49099,2462,4635,12418,gemini_embedding_2,gme_qwen2vl_retriever_2,,0,0,0,0
4893,7:4894,unresolved,unresolved,multimodal_needed,Has black color and off-shoulder and is solid colored.,mbeir_images/fashioniq_images/B00C89WXFG.jpg,7:43415,94,1952,207,gemini_embedding_2,rzen_embed,qwen3vl8b_vllm,0,0,0,0
4895,7:4896,composition_required,composition_required,multimodal_needed,The shirt is blue characters and is blue.,mbeir_images/fashioniq_images/B00CV2DS40.jpg,7:36200,8,16,1820,voyage_multimodal_35,e5_omni,gme_qwen2vl_retriever_2,2,0,0,0
4897,7:4898,composition_required,composition_required,multimodal_needed,Is blue and is more fitted and bright blue.,mbeir_images/fashioniq_images/B0092S985O.jpg,7:15986,1,319,41,gme_qwen2vl_retriever_2,gme_qwen2vl_retriever_2,voyage_multimodal_35,10,0,0,0
4898,7:4899,unresolved,unresolved,multimodal_needed,The shirt is black with white writing and has a more detailed graphic.,mbeir_images/fashioniq_images/B005C5RPYW.jpg,7:23346,82,842,163,qwen3vl2b_vllm,mmembed,gme_qwen2vl_retriever_2,0,0,0,0
4899,7:4900,composition_required,composition_required,multimodal_needed,Is lighter and is less fashionable and more shirty.,mbeir_images/fashioniq_images/B007WA3P44.jpg,7:4075,7,1093,49,mmembed,gme_qwen2vl_retriever_2,mmembed,1,0,0,0
4901,7:4902,unresolved,unresolved,multimodal_needed,Has skinny straps and one color and is smaller straps and fitted waist.,mbeir_images/fashioniq_images/B0053Y6WG4.jpg,7:23460,295,33,3656,lamra,e5_omni,gme_qwen2vl_retriever_2,0,0,0,0
4902,7:4903,composition_required,composition_required,multimodal_needed,Is a short sleeve gray shirt with an image and text and is grey with image.,mbeir_images/fashioniq_images/B00FDZ8PRM.jpg,7:41775,5,76,20,lamra,lamra,mmembed,10,0,0,0
4903,7:4904,composition_required,composition_required,multimodal_needed,Is grey in color with red and green logo and is dark colored.,mbeir_images/fashioniq_images/B008SHUIP4.jpg,7:61827,1,70,13,gme_qwen2vl_retriever_2,lamra_qwen25vl,,7,0,0,0
4906,7:4907,unresolved,unresolved,multimodal_needed,Is white and has longer sleeves and has short sleeves and is white.,mbeir_images/fashioniq_images/B004XJJRIU.jpg,7:51897,428,157,8640,voyage_multimodal_35,voyage_multimodal_35,,0,0,0,0
4909,7:4910,composition_required,composition_required,multimodal_needed,Is white and grey and is lighter colored and more busy.,mbeir_images/fashioniq_images/B008293HO2.jpg,7:34337,1,210,11,gme_qwen2vl_retriever_2,voyage_multimodal_35,gemini_embedding_2,7,0,0,0
4910,7:4911,composition_required,composition_required,multimodal_needed,Contains no sleeves and a lower cut chest and is a rank with no sleeves and a green print.,mbeir_images/fashioniq_images/B0001TOS2Q.jpg,7:22601,2,19,17624,lamra_qwen25vl,lamra_qwen25vl,qwen3vl8b_vllm,1,0,0,0
4912,7:4913,composition_required,composition_required,multimodal_needed,Is red with letters printed on it and is red with larger graphics.,mbeir_images/fashioniq_images/B00FR621O0.jpg,7:61134,3,21,2424,rzen_embed,mmembed,voyage_multimodal_35,2,0,0,0
4914,7:4915,unresolved,unresolved,multimodal_needed,Has an inappropriate message and is a black tee.,mbeir_images/fashioniq_images/B00EY69KF2.jpg,7:41028,43,81,26957,rzen_embed,rzen_embed,gme_qwen2vl_retriever_2,0,0,0,0
4915,7:4916,unresolved,unresolved,multimodal_needed,Is more revealing with one color and is black with white stripes.,mbeir_images/fashioniq_images/B008UALEK2.jpg,7:49926,245,3994,3991,rzen_embed,lamra,e5_omni,0,0,0,0
4916,7:4917,composition_required,composition_required,multimodal_needed,Is dark colored and transparent with sleeves and it is more lacy and long sleeved.,mbeir_images/fashioniq_images/B006LGV2JK.jpg,7:64351,3,25,8024,gemini_embedding_2,qwen3vl8b_vllm,,1,0,0,0
4918,7:4919,unresolved,unresolved,multimodal_needed,Is red and has bit longer sleeves and is not as tight and has a solid color.,mbeir_images/fashioniq_images/B007H9KGT2.jpg,7:37941,42,212,1684,mmembed,lamra_qwen25vl,mmembed,0,0,0,0
4920,7:4921,unresolved,unresolved,multimodal_needed,Is longer and brighter colored with collars and has a collar and is longer.,mbeir_images/fashioniq_images/B003NTI0OS.jpg,7:64477,2609,6542,7915,mmembed,mmembed,mmembed,0,0,0,0
4921,7:4922,unresolved,unresolved,multimodal_needed,Is brighter colored and has long sleeves and is blue with sleeves.,mbeir_images/fashioniq_images/B00DEOOUGO.jpg,7:50096,463,76,17117,gme_qwen2vl_retriever_2,qwen3vl2b_vllm,vlm2vec_v2,0,0,0,0
4923,7:4924,composition_required,composition_required,multimodal_needed,Is black colored and is a black loose tee with rounded neckline.,mbeir_images/fashioniq_images/B00E48RKWA.jpg,7:54201,1,23,688,lamra,gemini_embedding_2,rzen_embed,6,0,0,0
4924,7:4925,unresolved,unresolved,multimodal_needed,Is longer and has shorter sleeves and has off shoulder and is black color.,mbeir_images/fashioniq_images/B0037TJOEO.jpg,7:68974,3120,5197,18036,lamra_qwen25vl,lamra_qwen25vl,qwen3vl2b_vllm,0,0,0,0
4926,7:4927,unresolved,unresolved,multimodal_needed,Is colorful print tighter fit and has busier pattern and shorter sleeves.,mbeir_images/fashioniq_images/B00CQ9IVL8.jpg,7:18576,69,199,3198,qwen3vl8b_vllm,vlm2vec_v2,gemini_embedding_2,0,0,0,0
4927,7:4928,unresolved,unresolved,multimodal_needed,Is a lighter color and less feminine and is of a lighter tan.,mbeir_images/fashioniq_images/B008FV3CXS.jpg,7:69948,556,657,18168,vlm2vec_v2,e5_omni,e5_omni,0,0,0,0
4928,7:4929,unresolved,unresolved,multimodal_needed,Is similar but more orange in colour and is darker.,mbeir_images/fashioniq_images/B000YVF80C.jpg,7:33885,170,24279,78,gemini_embedding_2,voyage_multimodal_35,gemini_embedding_2,0,0,0,0
4932,7:4933,unresolved,unresolved,multimodal_needed,Is a more traditional t-shirt and has a graphic on it.,mbeir_images/fashioniq_images/B005GVJD3I.jpg,7:24257,172,12478,372,gemini_embedding_2,vlm2vec_v2,lamra,0,0,0,0
4936,7:4937,composition_required,composition_required,multimodal_needed,The tank top is loose fitting and is white in color and is white and strappy.,mbeir_images/fashioniq_images/B009727I8Y.jpg,7:44114,2,171,1697,vlm2vec_v2,vlm2vec_v2,vlm2vec_v2,1,0,0,0
4939,7:4940,unresolved,unresolved,multimodal_needed,Is more revealing and has stripes and is less modest with straps.,mbeir_images/fashioniq_images/B00A3MV3CO.jpg,7:41165,51,1660,4526,gemini_embedding_2,gemini_embedding_2,,0,0,0,0
4940,7:4941,unresolved,unresolved,multimodal_needed,Is tighter and has a print on it and is lighter black with a white logo.,mbeir_images/fashioniq_images/B008LV15H2.jpg,7:8594,247,561,7750,mmembed,mmembed,lamra_qwen25vl,0,0,0,0
4942,7:4943,unresolved,unresolved,multimodal_needed,Is black with white words and white.,mbeir_images/fashioniq_images/B008J68VGW.jpg,7:28618,271,2202,812,qwen3vl8b_vllm,qwen3vl8b_vllm,,0,0,0,0
4945,7:4946,unresolved,unresolved,multimodal_needed,Is more flowing and whimsical and is more flowing and elegant.,mbeir_images/fashioniq_images/B007WAE516.jpg,7:60758,3288,601,16041,lamra,mmembed,lamra_qwen25vl,0,0,0,0
4947,7:4948,unresolved,unresolved,multimodal_needed,Is more flowy and less fitted and is red with long sleeves.,mbeir_images/fashioniq_images/B007Z2PRTA.jpg,7:16451,65,211,742,e5_omni,lamra,vlm2vec_v2,0,0,0,0
4949,7:4950,composition_required,composition_required,multimodal_needed,The shirt is black and sheer and is more loose fitting and is a lighter color.,mbeir_images/fashioniq_images/B00AW1L97K.jpg,7:34152,6,20,22,rzen_embed,gme_qwen2vl_retriever_2,rzen_embed,3,0,0,0
4950,7:4951,composition_required,composition_required,multimodal_needed,Is similar but much whiter in colour and it is white.,mbeir_images/fashioniq_images/B000YVF80C.jpg,7:52746,1,224,84,voyage_multimodal_35,rzen_embed,,3,0,0,0
4951,7:4952,unresolved,unresolved,multimodal_needed,Is more whimsical and colorful and is more whimsical.,mbeir_images/fashioniq_images/B00A3MVA7M.jpg,7:17579,385,910,2405,lamra,voyage_multimodal_35,vlm2vec_v2,0,0,0,0
4952,7:4953,composition_required,composition_required,multimodal_needed,Has no pattern on it and a collar.,mbeir_images/fashioniq_images/B00980K6RA.jpg,7:43855,9,13287,16,voyage_multimodal_35,voyage_multimodal_35,lamra_qwen25vl,1,0,0,0
4953,7:4954,unresolved,unresolved,multimodal_needed,Has sleeves with a blue batman and has longer sleeves and a higher neck.,mbeir_images/fashioniq_images/B00CLZWXSE.jpg,7:33523,32,18,141,lamra,lamra,qwen3vl2b_vllm,0,0,0,0
4954,7:4955,composition_required,composition_required,multimodal_needed,Is more flowing and sheer and is white and blue with shorter sleeves.,mbeir_images/fashioniq_images/B005JWECI0.jpg,7:27646,1,27,877,qwen3vl8b_vllm,qwen3vl8b_vllm,,7,0,0,0
4955,7:4956,unresolved,unresolved,multimodal_needed,Is light colored and has lacey sleeves and is more open around the neck.,mbeir_images/fashioniq_images/B00GIOKE8U.jpg,7:45395,194,964,5297,qwen3vl8b_vllm,qwen3vl8b_vllm,lamra,0,0,0,0
4957,7:4958,unresolved,unresolved,multimodal_needed,Is lighter and lighter and more detailed.,mbeir_images/fashioniq_images/B003IEWVRK.jpg,7:15262,836,4007,972,lamra,voyage_multimodal_35,vlm2vec_v2,0,0,0,0
4959,7:4960,composition_required,composition_required,multimodal_needed,Is brown and looser with longer sleeves and it has sleeves.,mbeir_images/fashioniq_images/B007R1QAJA.jpg,7:36607,2,804,1984,lamra,lamra,gme_qwen2vl_retriever_2,1,0,0,0
4960,7:4961,composition_required,composition_required,multimodal_needed,Is more hawaiian and is a brighter color and has a floral pattern.,mbeir_images/fashioniq_images/B008NDWPP4.jpg,7:10881,1,138,12,gme_qwen2vl_retriever_2,gemini_embedding_2,mmembed,9,0,0,0
4961,7:4962,unresolved,unresolved,multimodal_needed,Is lighter and has shorter sleeves and wider neck.,mbeir_images/fashioniq_images/B00B77AD0W.jpg,7:40964,673,13040,488,lamra,lamra,,0,0,0,0
4962,7:4963,unresolved,unresolved,multimodal_needed,Is lighter and has a light blue graphic.,mbeir_images/fashioniq_images/B003ZFHZXM.jpg,7:46875,31,32,343,lamra_qwen25vl,lamra_qwen25vl,e5_omni,0,0,0,0
4963,7:4964,unresolved,unresolved,multimodal_needed,Is darker and is less athletic and more chic.,mbeir_images/fashioniq_images/B005MVACSM.jpg,7:61087,219,25361,379,qwen3vl8b_vllm,e5_omni,e5_omni,0,0,0,0
4964,7:4965,unresolved,unresolved,multimodal_needed,More colorful with bolder graphic and is a men's shirt.,mbeir_images/fashioniq_images/B0018DWZJC.jpg,7:32463,852,20072,260,qwen3vl2b_vllm,qwen3vl2b_vllm,qwen3vl2b_vllm,0,0,0,0
4966,7:4967,unresolved,unresolved,multimodal_needed,Is white and no sleeves and is more bright.,mbeir_images/fashioniq_images/B007JS1Y88.jpg,7:368,23,26,8494,voyage_multimodal_35,voyage_multimodal_35,gemini_embedding_2,0,0,0,0
4967,7:4968,composition_required,composition_required,multimodal_needed,Has a shorter sleeve with two different color stripes and is a striped pocketed shirt.,mbeir_images/fashioniq_images/B0070VYHN8.jpg,7:46772,1,11,1439,mmembed,gemini_embedding_2,vlm2vec_v2,9,0,0,0
4969,7:4970,unresolved,unresolved,multimodal_needed,Has long sleeves and large neck and has longer sleeves with a graphic.,mbeir_images/fashioniq_images/B0058ZGNDK.jpg,7:54365,179,12,4420,qwen3vl8b_vllm,rzen_embed,mmembed,0,0,0,0
4970,7:4971,composition_required,composition_required,multimodal_needed,Is burgundy with shorter sleeves and is red and shorter sleeves.,mbeir_images/fashioniq_images/B00AFYJTQM.jpg,7:11599,1,32,16,e5_omni,qwen3vl8b_vllm,qwen3vl8b_vllm,10,0,0,0
4972,7:4973,unresolved,unresolved,multimodal_needed,It is white with a larger collar and is a lighter color.,mbeir_images/fashioniq_images/B005ETA59I.jpg,7:8635,17,69,1310,lamra,voyage_multimodal_35,lamra,0,0,0,0
4975,7:4976,unresolved,unresolved,multimodal_needed,Is pink with no plaid or buttons and has no buttons to it.,mbeir_images/fashioniq_images/B005SW1YE6.jpg,7:54030,465,343,3019,vlm2vec_v2,voyage_multimodal_35,lamra,0,0,0,0
4976,7:4977,unresolved,unresolved,multimodal_needed,A darker t-shirt with short sleeves and is a blue tee shirt.,mbeir_images/fashioniq_images/B0090A7P18.jpg,7:20855,1717,812,15421,mmembed,qwen3vl8b_vllm,gme_qwen2vl_retriever_2,0,0,0,0
4977,7:4978,unresolved,unresolved,multimodal_needed,Has longer sleeves and is much looser and is less black and has long sleeve.,mbeir_images/fashioniq_images/B00CF1XBYY.jpg,7:3198,54,262,935,gme_qwen2vl_retriever_2,gme_qwen2vl_retriever_2,rzen_embed,0,0,0,0
4980,7:4981,composition_required,composition_required,multimodal_needed,Has spaghetti straps and lace and it is more red with embroideries.,mbeir_images/fashioniq_images/B00AZ9I2PG.jpg,7:32786,4,17,57,gemini_embedding_2,qwen3vl8b_vllm,lamra,4,0,0,0
4981,7:4982,unresolved,unresolved,multimodal_needed,Is a t-shirt and is a grey graphic tee.,mbeir_images/fashioniq_images/B00CMD9IKQ.jpg,7:54825,614,1205,941,lamra_qwen25vl,mmembed,mmembed,0,0,0,0
4982,7:4983,unresolved,unresolved,multimodal_needed,Is a black satchel and is a bag.,mbeir_images/fashioniq_images/B00EV6D0G0.jpg,7:26946,39,24,20072,lamra,lamra,gme_qwen2vl_retriever_2,0,0,0,0
4983,7:4984,unresolved,unresolved,multimodal_needed,Has less color and has no sleeves and more blue.,mbeir_images/fashioniq_images/B007Z2PRTA.jpg,7:4827,183,272,2639,gemini_embedding_2,gemini_embedding_2,,0,0,0,0
4985,7:4986,unresolved,unresolved,multimodal_needed,Has a red plaid color and is lighter.,mbeir_images/fashioniq_images/B008D0E320.jpg,7:70795,58,47,390,qwen3vl2b_vllm,voyage_multimodal_35,,0,0,0,0
4986,7:4987,unresolved,unresolved,multimodal_needed,Is blue and has collars and has looser sleeves.,mbeir_images/fashioniq_images/B0052AJVHG.jpg,7:37444,37,22184,16,,gemini_embedding_2,lamra_qwen25vl,0,0,0,0
4989,7:4990,unresolved,unresolved,multimodal_needed,Tan and red printed and has thin white and red stripes.,mbeir_images/fashioniq_images/B0081EN1F8.jpg,7:53445,32,192,237,e5_omni,qwen3vl2b_vllm,,0,0,0,0
4990,7:4991,unresolved,unresolved,multimodal_needed,Is more transparent and is a black sheer top.,mbeir_images/fashioniq_images/B007WAE516.jpg,7:16074,2996,963,3692,lamra_qwen25vl,lamra,lamra,0,0,0,0
4992,7:4993,unresolved,unresolved,multimodal_needed,Is more whimsical and colorful and has more color and shorter sleeves.,mbeir_images/fashioniq_images/B007Y9F3MA.jpg,7:5526,19,201,1634,gemini_embedding_2,gemini_embedding_2,gemini_embedding_2,0,0,0,0
4993,7:4994,unresolved,unresolved,multimodal_needed,It is green with short sleeves and is less masculine and more cool.,mbeir_images/fashioniq_images/B005LCMEDI.jpg,7:68181,82,724,4449,vlm2vec_v2,gme_qwen2vl_retriever_2,vlm2vec_v2,0,0,0,0
4994,7:4995,unresolved,unresolved,multimodal_needed,Has longer sleeves and is more flowing and long sleeve v neck solid black.,mbeir_images/fashioniq_images/B00CMPGWOY.jpg,7:13246,51,100,4485,qwen3vl2b_vllm,gemini_embedding_2,vlm2vec_v2,0,0,0,0
4997,7:4998,composition_required,composition_required,multimodal_needed,Is white and doesn't have a collar and is white with a v-neck.,mbeir_images/fashioniq_images/B000BU0BF8.jpg,7:60184,2,11,1062,lamra,lamra,voyage_multimodal_35,3,0,0,0
4998,7:4999,composition_required,composition_required,multimodal_needed,Is more conservative and is orange colored with longer bottom.,mbeir_images/fashioniq_images/B00B47WZHE.jpg,7:52624,5,988,1798,lamra_qwen25vl,lamra_qwen25vl,lamra,1,0,0,0
5001,7:5002,unresolved,unresolved,multimodal_needed,Has lettering and is less religious and is a black t-shirt with graphic.,mbeir_images/fashioniq_images/B00BIPLT6K.jpg,7:28168,420,94,16467,lamra_qwen25vl,gme_qwen2vl_retriever_2,gme_qwen2vl_retriever_2,0,0,0,0
5002,7:5003,composition_required,composition_required,multimodal_needed,It is more fitted and v-neck and is red in color.,mbeir_images/fashioniq_images/B00775KKV0.jpg,7:56353,1,31,3579,lamra_qwen25vl,lamra,e5_omni,2,0,0,0
5003,7:5004,unresolved,unresolved,multimodal_needed,Has more sleeves with an image and is less revealing and more casual.,mbeir_images/fashioniq_images/B0064XXI42.jpg,7:19321,31,3057,2532,lamra_qwen25vl,gemini_embedding_2,gemini_embedding_2,0,0,0,0
5004,7:5005,unresolved,unresolved,multimodal_needed,Is darker and has shorter sleeves and is more festive with short sleeves.,mbeir_images/fashioniq_images/B00GOCLHNM.jpg,7:55111,4429,5095,12669,lamra_qwen25vl,lamra,lamra,0,0,0,0
5005,7:5006,composition_required,composition_required,multimodal_needed,The shirt is long sleeved and is melon in color and is red with longer sleeves.,mbeir_images/fashioniq_images/B007WA3P44.jpg,7:66349,2,126,417,rzen_embed,gme_qwen2vl_retriever_2,mmembed,3,0,0,0
5006,7:5007,composition_required,composition_required,multimodal_needed,Is blue with a collar and button down and is light blue with buttons down the front.,mbeir_images/fashioniq_images/B00AOA61KE.jpg,7:37900,3,230,757,mmembed,mmembed,lamra,4,0,0,0
5008,7:5009,composition_required,composition_required,multimodal_needed,Has stripes and is dark with white stripes.,mbeir_images/fashioniq_images/B007ZQ58ZY.jpg,7:65011,2,439,91,rzen_embed,gemini_embedding_2,rzen_embed,3,0,0,0
5010,7:5011,unresolved,unresolved,multimodal_needed,Is a darker color and darker collared.,mbeir_images/fashioniq_images/B008MZJHX6.jpg,7:35243,1203,13154,2005,gemini_embedding_2,mmembed,gemini_embedding_2,0,0,0,0
5014,7:5015,unresolved,unresolved,multimodal_needed,3/4 sleeves and short sleeves and darker colored and shows more sleeves.,mbeir_images/fashioniq_images/B004O0TNMI.jpg,7:30648,118,196,155,e5_omni,voyage_multimodal_35,e5_omni,0,0,0,0
5015,7:5016,composition_required,composition_required,multimodal_needed,Has longer sleeves with shiny fabric and has long sleeves.,mbeir_images/fashioniq_images/B00C5SIA98.jpg,7:59915,2,13,9988,qwen3vl2b_vllm,qwen3vl8b_vllm,lamra,4,0,0,0
5017,7:5018,unresolved,unresolved,multimodal_needed,Has long sleeves and is pink and is pink.,mbeir_images/fashioniq_images/B007GO8A00.jpg,7:23601,15,87,3837,voyage_multimodal_35,voyage_multimodal_35,voyage_multimodal_35,0,0,0,0
5020,7:5021,unresolved,unresolved,multimodal_needed,Is pink colored and less revealing and is pink.,mbeir_images/fashioniq_images/B007KS1DEW.jpg,7:69962,201,144,3691,qwen3vl2b_vllm,voyage_multimodal_35,lamra,0,0,0,0
5021,7:5022,unresolved,unresolved,multimodal_needed,Is solid red and more revealing and is red and way more revealing.,mbeir_images/fashioniq_images/B007850FV4.jpg,7:72618,24,37,6294,lamra,rzen_embed,,0,0,0,0
5023,7:5024,unresolved,unresolved,multimodal_needed,Is lighter and has shorter sleeves and is white and has floral.,mbeir_images/fashioniq_images/B007ZQHYPG.jpg,7:60221,69,13,3092,gme_qwen2vl_retriever_2,qwen3vl8b_vllm,rzen_embed,0,0,0,0
5024,7:5025,composition_required,composition_required,multimodal_needed,The loose fitting shirt is gray and white in color and is grey in color with longer sleeves.,mbeir_images/fashioniq_images/B00A3QE0QQ.jpg,7:30604,1,14,770,qwen3vl8b_vllm,rzen_embed,,4,0,0,0
5026,7:5027,composition_required,composition_required,multimodal_needed,Is darker and has shorter sleeves and is royal blue colored.,mbeir_images/fashioniq_images/B008VQ6OJQ.jpg,7:35410,9,392,5957,lamra,gemini_embedding_2,gemini_embedding_2,1,0,0,0
5027,7:5028,unresolved,unresolved,multimodal_needed,Is black colored and more revealing and is a black tank.,mbeir_images/fashioniq_images/B007RBI9P8.jpg,7:32964,16,216,2180,lamra,gemini_embedding_2,mmembed,0,0,0,0
5028,7:5029,composition_required,composition_required,multimodal_needed,The shirt is is long and gray and darker colored.,mbeir_images/fashioniq_images/B004ID09K6.jpg,7:60432,1,355,68,lamra,mmembed,gemini_embedding_2,6,0,0,0
5030,7:5031,composition_required,composition_required,multimodal_needed,Is darker pink with low neck and is sleeveless & darker pink.,mbeir_images/fashioniq_images/B007ZTA748.jpg,7:10591,3,220,592,lamra_qwen25vl,lamra,mmembed,3,0,0,0
5031,7:5032,composition_required,composition_required,multimodal_needed,Is two toned and is black without a collar.,mbeir_images/fashioniq_images/B007PU81HM.jpg,7:58250,10,1509,4388,lamra,lamra,e5_omni,1,0,0,0
5033,7:5034,composition_required,composition_required,multimodal_needed,Is darker and is black with blue text.,mbeir_images/fashioniq_images/B009EYSJF6.jpg,7:55097,7,231,79,qwen3vl8b_vllm,qwen3vl8b_vllm,voyage_multimodal_35,3,0,0,0
5035,7:5036,unresolved,unresolved,multimodal_needed,Is more fitted and plain and black tank top.,mbeir_images/fashioniq_images/B007HCADFQ.jpg,7:49058,1287,13796,66,e5_omni,vlm2vec_v2,e5_omni,0,0,0,0
5036,7:5037,composition_required,composition_required,multimodal_needed,Is lighter and is grey and a men's shirt.,mbeir_images/fashioniq_images/B00BHM7F9Y.jpg,7:38753,3,1809,330,gme_qwen2vl_retriever_2,lamra_qwen25vl,gemini_embedding_2,3,0,0,0
5037,7:5038,unresolved,unresolved,multimodal_needed,Is more wild and has sleeves and a more bold pattern.,mbeir_images/fashioniq_images/B00ATF1P8M.jpg,7:22295,14,625,85,gme_qwen2vl_retriever_2,gemini_embedding_2,e5_omni,0,0,0,0
5038,7:5039,unresolved,unresolved,multimodal_needed,Is more colorful and more fitted tee.,mbeir_images/fashioniq_images/B005GW1R5E.jpg,7:14403,152,9948,27,voyage_multimodal_35,voyage_multimodal_35,mmembed,0,0,0,0
5039,7:5040,composition_required,composition_required,multimodal_needed,Has a lighter color and is a gray tee.,mbeir_images/fashioniq_images/B004WKWMOQ.jpg,7:17285,5,786,25,lamra,qwen3vl2b_vllm,voyage_multimodal_35,5,0,0,0
5040,7:5041,unresolved,unresolved,multimodal_needed,Is pink with gold designs and has sleeves.,mbeir_images/fashioniq_images/B00DEY4E2E.jpg,7:60582,44,1283,5646,lamra_qwen25vl,lamra,qwen3vl2b_vllm,0,0,0,0
5041,7:5042,unresolved,unresolved,multimodal_needed,Is not off the shoulder and has long sleeves.,mbeir_images/fashioniq_images/B0073N9LHK.jpg,7:2266,91,248,563,lamra,rzen_embed,,0,0,0,0
5042,7:5043,unresolved,unresolved,multimodal_needed,Is lighter and is a light solid top with ribbon.,mbeir_images/fashioniq_images/B007NE48KE.jpg,7:2829,14,23,118,e5_omni,lamra_qwen25vl,rzen_embed,0,0,0,0
5045,7:5046,composition_required,composition_required,multimodal_needed,Has a long sleeve with black color and is black with long sleeves.,mbeir_images/fashioniq_images/B008SDELXI.jpg,7:39005,10,126,1471,voyage_multimodal_35,gemini_embedding_2,voyage_multimodal_35,1,0,0,0
5046,7:5047,unresolved,unresolved,multimodal_needed,Is lighter and has shorter sleeves and is black and more revealing.,mbeir_images/fashioniq_images/B00EP49XUK.jpg,7:37526,108,237,13298,lamra_qwen25vl,mmembed,rzen_embed,0,0,0,0
5048,7:5049,unresolved,unresolved,multimodal_needed,Is revealing and is strapless and solid colored.,mbeir_images/fashioniq_images/B00BB1UE9E.jpg,7:66869,23,34,202,qwen3vl8b_vllm,lamra,mmembed,0,0,0,0
5049,7:5050,unresolved,unresolved,multimodal_needed,Is black and white button up with a collar and is darker coloured with floral print.,mbeir_images/fashioniq_images/B004W9MRYW.jpg,7:46331,289,169,17393,mmembed,mmembed,rzen_embed,0,0,0,0
5050,7:5051,unresolved,unresolved,multimodal_needed,Has longer sleeves and is pink with white lettering.,mbeir_images/fashioniq_images/B00C3CVDH2.jpg,7:73003,77,34,937,qwen3vl8b_vllm,vlm2vec_v2,lamra_qwen25vl,0,0,0,0
5051,7:5052,composition_required,composition_required,multimodal_needed,The shirt has short sleeves and is red in color and is red with a collar and buttons.,mbeir_images/fashioniq_images/B00AIXH7BO.jpg,7:533,1,14,1513,e5_omni,gemini_embedding_2,e5_omni,10,0,0,0
5052,7:5053,unresolved,unresolved,multimodal_needed,Is blue colored and has sleeves and has short sleeves.,mbeir_images/fashioniq_images/B00CP1G416.jpg,7:52537,28,960,25,gemini_embedding_2,gemini_embedding_2,gemini_embedding_2,0,0,0,0
5053,7:5054,composition_required,composition_required,multimodal_needed,Has collar and is less flowing and is yellow and a button up.,mbeir_images/fashioniq_images/B00B5MEQMA.jpg,7:59771,3,56,818,e5_omni,gemini_embedding_2,voyage_multimodal_35,2,0,0,0
5055,7:5056,composition_required,composition_required,multimodal_needed,Is purple and is purple with shorter sleeves.,mbeir_images/fashioniq_images/B00EYYEYAA.jpg,7:15520,1,35,1491,lamra,voyage_multimodal_35,gemini_embedding_2,3,0,0,0
5058,7:5059,unresolved,unresolved,multimodal_needed,Is black and white and is white with short sleeves.,mbeir_images/fashioniq_images/B00CQ73OXK.jpg,7:14158,57,19,7781,qwen3vl2b_vllm,gemini_embedding_2,qwen3vl8b_vllm,0,0,0,0
5059,7:5060,unresolved,unresolved,multimodal_needed,White only one large scull on front and has a scarier graphic.,mbeir_images/fashioniq_images/B005X4EAGS.jpg,7:63850,12,40,147,gme_qwen2vl_retriever_2,gme_qwen2vl_retriever_2,,0,0,0,0
5061,7:5062,unresolved,unresolved,multimodal_needed,Does not have black sleeves on the side and has a white neckline and white sleeves.,mbeir_images/fashioniq_images/B009C97W88.jpg,7:2651,32,1860,65,qwen3vl2b_vllm,lamra,mmembed,0,0,0,0
5065,7:5066,unresolved,unresolved,multimodal_needed,Has a short sleeve white and black stripes and has a finer horizontal stripe pattern to it.,mbeir_images/fashioniq_images/B00A26IWFC.jpg,7:42031,57,150,753,vlm2vec_v2,gemini_embedding_2,vlm2vec_v2,0,0,0,0
5066,7:5067,composition_required,composition_required,multimodal_needed,Is white with less detailing and is white with short sleeves.,mbeir_images/fashioniq_images/B00AWS1IG0.jpg,7:43698,4,129,3808,mmembed,lamra_qwen25vl,e5_omni,1,0,0,0
5068,7:5069,unresolved,unresolved,multimodal_needed,Is a tank top and has strappy top woth no words.,mbeir_images/fashioniq_images/B00AYGYY70.jpg,7:59190,12,926,289,gemini_embedding_2,qwen3vl2b_vllm,,0,0,0,0
5070,7:5071,unresolved,unresolved,multimodal_needed,Is teal colored and more revealing and is more revealing and has no stripes.,mbeir_images/fashioniq_images/B007XXJOR2.jpg,7:20827,27,107,518,lamra_qwen25vl,lamra_qwen25vl,lamra_qwen25vl,0,0,0,0
5071,7:5072,composition_required,composition_required,multimodal_needed,Is black with shorter sleeves and more pleats and shorter sleeves black no collar lacy.,mbeir_images/fashioniq_images/B007WACPOU.jpg,7:20012,2,12,166,qwen3vl2b_vllm,lamra_qwen25vl,qwen3vl8b_vllm,2,0,0,0
5072,7:5073,composition_required,composition_required,multimodal_needed,Is v neck and has longer sleeves and has longer sleeves with tied collar.,mbeir_images/fashioniq_images/B007GO8A00.jpg,7:64838,3,701,205,lamra,gemini_embedding_2,lamra,2,0,0,0
5074,7:5075,unresolved,unresolved,multimodal_needed,Is darker and has long sleeves.,mbeir_images/fashioniq_images/B005GLHN8K.jpg,7:2416,17,6915,36,gemini_embedding_2,lamra,gemini_embedding_2,0,0,0,0
5079,7:5080,unresolved,unresolved,multimodal_needed,Is black with a skull on it and has no sleeve and is black color.,mbeir_images/fashioniq_images/B002DLLZVC.jpg,7:24223,33,70,16132,voyage_multimodal_35,lamra,gme_qwen2vl_retriever_2,0,0,0,0
5080,7:5081,composition_required,composition_required,multimodal_needed,Is blue with a more flowery appearance and is a ruffled blue tube top instead of polka dots it has just plain fabric.,mbeir_images/fashioniq_images/B007O3TPJI.jpg,7:7000,2,28,190,qwen3vl8b_vllm,qwen3vl8b_vllm,qwen3vl8b_vllm,3,0,0,0
5082,7:5083,unresolved,unresolved,multimodal_needed,Is more revealing and is more revealing and is grey and black.,mbeir_images/fashioniq_images/B00CP7TJ4E.jpg,7:31320,190,32,1149,lamra_qwen25vl,voyage_multimodal_35,lamra_qwen25vl,0,0,0,0
5083,7:5084,composition_required,composition_required,multimodal_needed,Is more whimsical and has shorter sleeves and has shorter sleeves.,mbeir_images/fashioniq_images/B005FVREDU.jpg,7:30374,1,1380,542,voyage_multimodal_35,lamra,voyage_multimodal_35,1,0,0,0
5084,7:5085,unresolved,unresolved,multimodal_needed,Is blue and more feminine and is printed with a new design on a blue tee.,mbeir_images/fashioniq_images/B007A4XOES.jpg,7:58228,208,922,879,lamra,lamra,,0,0,0,0
5087,7:5088,unresolved,unresolved,multimodal_needed,Has a black background and it is black.,mbeir_images/fashioniq_images/B004I90MCU.jpg,7:61277,11,4075,55,vlm2vec_v2,vlm2vec_v2,voyage_multimodal_35,0,0,0,0
5089,7:5090,unresolved,unresolved,multimodal_needed,Has no sleeves and is brigther and shorter sleeved.,mbeir_images/fashioniq_images/B0045DTP72.jpg,7:26743,13,1611,12016,lamra_qwen25vl,lamra,qwen3vl8b_vllm,0,0,0,0
5090,7:5091,unresolved,unresolved,multimodal_needed,Is darker and is black and has large round neck.,mbeir_images/fashioniq_images/B008ZBL9YM.jpg,7:4326,449,1687,2666,lamra,lamra,vlm2vec_v2,0,0,0,0
5092,7:5093,composition_required,composition_required,multimodal_needed,Is more revealing and black stripes on it and it is more revealing.,mbeir_images/fashioniq_images/B008622MGO.jpg,7:14919,3,32,180,mmembed,mmembed,mmembed,1,0,0,0
5094,7:5095,unresolved,unresolved,multimodal_needed,Has no graphic and is less childish and has no graphic on it.,mbeir_images/fashioniq_images/B00EE0Y0GC.jpg,7:18256,45,2988,312,vlm2vec_v2,mmembed,lamra,0,0,0,0
5095,7:5096,unresolved,unresolved,multimodal_needed,The tank top is tight fitting and pink in color and is lighter and has shorter sleeves.,mbeir_images/fashioniq_images/B00AZPKQEA.jpg,7:31534,46,105,5431,mmembed,qwen3vl2b_vllm,mmembed,0,0,0,0
5097,7:5098,unresolved,unresolved,multimodal_needed,Has no stripes and has no sleeves and has straps and is blue.,mbeir_images/fashioniq_images/B008622MGO.jpg,7:36972,18,572,2158,mmembed,lamra_qwen25vl,,0,0,0,0
5098,7:5099,unresolved,unresolved,multimodal_needed,Is lighter and has shorter sleeves and neutral colors and shorter sleeves.,mbeir_images/fashioniq_images/B0074YUMHQ.jpg,7:11927,128,146,6016,gme_qwen2vl_retriever_2,qwen3vl8b_vllm,lamra,0,0,0,0
5102,7:5103,unresolved,unresolved,multimodal_needed,Has a cami with ruffles in middle with thin straps and is a white tee with a different print.,mbeir_images/fashioniq_images/B00AU4EKCA.jpg,7:48150,20,260,320,gemini_embedding_2,gemini_embedding_2,mmembed,0,0,0,0
5103,7:5104,composition_required,composition_required,multimodal_needed,Is long sleeved and white and has long sleeves and is lighter gray.,mbeir_images/fashioniq_images/B00BPVO5A4.jpg,7:45772,1,103,18,gme_qwen2vl_retriever_2,lamra_qwen25vl,e5_omni,9,0,0,0
5104,7:5105,unresolved,unresolved,multimodal_needed,Is longer and darker and is a darker color and sexier with long bell sleeves.,mbeir_images/fashioniq_images/B00GIOKE8U.jpg,7:55587,85,183,2721,lamra_qwen25vl,lamra,lamra_qwen25vl,0,0,0,0
5105,7:5106,unresolved,unresolved,multimodal_needed,Is more edgy and has no sleeves and is a black tank top.,mbeir_images/fashioniq_images/B00BJYIR9C.jpg,7:10711,188,120,11645,mmembed,e5_omni,mmembed,0,0,0,0
5106,7:5107,unresolved,unresolved,multimodal_needed,Is plain grey with longer sleeves and has long sleeves and lower neckline.,mbeir_images/fashioniq_images/B004GHO03G.jpg,7:52734,32,225,4974,gemini_embedding_2,gemini_embedding_2,gemini_embedding_2,0,0,0,0
5107,7:5108,composition_required,composition_required,multimodal_needed,Has a red pattern and thinner straps and has spaghetti straps and is white with red and pink.,mbeir_images/fashioniq_images/B0060OSQXS.jpg,7:32193,10,20,27,lamra_qwen25vl,gemini_embedding_2,lamra_qwen25vl,1,0,0,0
5109,7:5110,composition_required,composition_required,multimodal_needed,Is blue colored with floral print on it and is light blue.,mbeir_images/fashioniq_images/B008ADPLAI.jpg,7:60979,4,11,72,lamra_qwen25vl,qwen3vl8b_vllm,vlm2vec_v2,4,0,0,0
5111,7:5112,unresolved,unresolved,multimodal_needed,Has no sleeves and only pink color and is more pink and sleeveless.,mbeir_images/fashioniq_images/B00CF53NUW.jpg,7:27204,1294,101,15387,lamra,lamra_qwen25vl,gme_qwen2vl_retriever_2,0,0,0,0
5113,7:5114,composition_required,composition_required,multimodal_needed,White and pink plaid and is yellow with pink large circles.,mbeir_images/fashioniq_images/B00C93NG0M.jpg,7:44743,10,52,894,qwen3vl8b_vllm,gemini_embedding_2,e5_omni,1,0,0,0
5115,7:5116,unresolved,unresolved,multimodal_needed,Is more lighter and is lighter blue.,mbeir_images/fashioniq_images/B004KUUMUY.jpg,7:73659,267,2664,1260,lamra,lamra,lamra,0,0,0,0
5116,7:5117,composition_required,composition_required,multimodal_needed,Has no sleeves and has no sleeves and black text.,mbeir_images/fashioniq_images/B00CLD3UH4.jpg,7:4904,1,719,23,lamra,lamra,mmembed,6,0,0,0
5118,7:5119,unresolved,unresolved,multimodal_needed,Has long sleeves and white and has less buttons on it.,mbeir_images/fashioniq_images/B00A3S02YI.jpg,7:37014,468,1342,965,lamra,mmembed,qwen3vl2b_vllm,0,0,0,0
5119,7:5120,unresolved,unresolved,multimodal_needed,Is white and marley and is more bright.,mbeir_images/fashioniq_images/B00B5TX0VG.jpg,7:9800,35,11,8841,voyage_multimodal_35,voyage_multimodal_35,qwen3vl8b_vllm,0,0,0,0
5120,7:5121,unresolved,unresolved,multimodal_needed,Has darker color with a logo and gray color.,mbeir_images/fashioniq_images/B00AEXWZ7O.jpg,7:30447,287,157,1534,mmembed,e5_omni,qwen3vl2b_vllm,0,0,0,0
5121,7:5122,unresolved,unresolved,multimodal_needed,Is blue and is blue with white lettering.,mbeir_images/fashioniq_images/B006XL920E.jpg,7:15600,154,1090,7923,lamra_qwen25vl,qwen3vl8b_vllm,qwen3vl8b_vllm,0,0,0,0
5122,7:5123,composition_required,composition_required,multimodal_needed,Fades from red to orange.,mbeir_images/fashioniq_images/B00BM9J4TG.jpg,7:32589,2,65,121,gemini_embedding_2,gemini_embedding_2,gemini_embedding_2,4,0,0,0
5123,7:5124,unresolved,unresolved,multimodal_needed,Has long sleeves and a collar and is more everyday and breathable.,mbeir_images/fashioniq_images/B00C5DXJMQ.jpg,7:14631,1345,4885,9906,lamra_qwen25vl,gemini_embedding_2,mmembed,0,0,0,0
5126,7:5127,unresolved,unresolved,multimodal_needed,Has shorter sleeves and has shorter sleeves and a lower neck line.,mbeir_images/fashioniq_images/B005ZSMYVU.jpg,7:62688,23,1997,23,vlm2vec_v2,gemini_embedding_2,vlm2vec_v2,0,0,0,0
5127,7:5128,composition_required,composition_required,multimodal_needed,Has three quarter sleeves and animal print and has shorter sleeves and floral coloured.,mbeir_images/fashioniq_images/B0049U3UHW.jpg,7:17520,6,82,3018,lamra,voyage_multimodal_35,gemini_embedding_2,1,0,0,0
5130,7:5131,unresolved,unresolved,multimodal_needed,It is a yellow shirt with no sleeves and is darker and has shorter sleeves.,mbeir_images/fashioniq_images/B0052HY6XI.jpg,7:20704,116,37,29543,lamra,qwen3vl8b_vllm,vlm2vec_v2,0,0,0,0
5131,7:5132,unresolved,unresolved,multimodal_needed,The shirt is black with white wording and is black with gray lettering.,mbeir_images/fashioniq_images/B00CD8H0N2.jpg,7:63853,25,187,572,lamra,mmembed,qwen3vl2b_vllm,0,0,0,0
5132,7:5133,unresolved,unresolved,multimodal_needed,Is long sleeves and open in front neck line and has longer sleeves and is less fashionable.,mbeir_images/fashioniq_images/B00ADYWYXY.jpg,7:39505,31,179,190,lamra,vlm2vec_v2,e5_omni,0,0,0,0
5134,7:5135,unresolved,unresolved,multimodal_needed,The tank top is purple in color and has long sleeves.,mbeir_images/fashioniq_images/B00B78M2XC.jpg,7:47979,766,1499,1277,lamra_qwen25vl,lamra_qwen25vl,mmembed,0,0,0,0
5135,7:5136,unresolved,unresolved,multimodal_needed,Is white wit brown designs and is a black.,mbeir_images/fashioniq_images/B008PFGQP0.jpg,7:69844,579,743,2005,mmembed,voyage_multimodal_35,gemini_embedding_2,0,0,0,0
5136,7:5137,composition_required,composition_required,multimodal_needed,Is lighter and has longer sleeves and is white with longer sleeves.,mbeir_images/fashioniq_images/B007ZQ58ZY.jpg,7:24161,4,559,188,gemini_embedding_2,voyage_multimodal_35,e5_omni,2,0,0,0
5138,7:5139,unresolved,unresolved,multimodal_needed,Has a v neck with more ruched sleeves and long sleeve with v-neck.,mbeir_images/fashioniq_images/B00DEZTDCE.jpg,7:35893,11,21,281,mmembed,mmembed,mmembed,0,0,0,0
5140,7:5141,unresolved,unresolved,multimodal_needed,Is white and sleeveless and more revealing and is lighter in colour with vertical stripes.,mbeir_images/fashioniq_images/B00B1H5NSU.jpg,7:43621,602,389,7292,lamra,lamra,gemini_embedding_2,0,0,0,0
5141,7:5142,unresolved,unresolved,multimodal_needed,It is a solid white color shirt and is white and more flowy.,mbeir_images/fashioniq_images/B00AYDWP4M.jpg,7:50337,368,1043,1373,qwen3vl8b_vllm,voyage_multimodal_35,vlm2vec_v2,0,0,0,0
5142,7:5143,unresolved,unresolved,multimodal_needed,Is darker and edgier and is darker in color.,mbeir_images/fashioniq_images/B005IDUZKY.jpg,7:18487,315,882,3084,gme_qwen2vl_retriever_2,e5_omni,qwen3vl8b_vllm,0,0,0,0
5145,7:5146,composition_required,composition_required,multimodal_needed,Has tiny straps and has no sleeves and reveals more.,mbeir_images/fashioniq_images/B00AZIH38O.jpg,7:6467,2,824,613,qwen3vl8b_vllm,mmembed,e5_omni,1,0,0,0
5146,7:5147,unresolved,unresolved,multimodal_needed,Is white colored tshirt and doesn't have buttons and is gray.,mbeir_images/fashioniq_images/B0038KABPI.jpg,7:6377,493,315,2286,lamra,e5_omni,lamra,0,0,0,0
5147,7:5148,unresolved,unresolved,multimodal_needed,Is more graphic and artistic and is darker coloured.,mbeir_images/fashioniq_images/B0036JQOZM.jpg,7:42885,67,1174,85,rzen_embed,mmembed,gme_qwen2vl_retriever_2,0,0,0,0
5148,7:5149,composition_required,composition_required,multimodal_needed,Is brighter and has a motivational quote and is brighter in color.,mbeir_images/fashioniq_images/B009VI0H7S.jpg,7:15922,1,54,26,qwen3vl2b_vllm,qwen3vl8b_vllm,gemini_embedding_2,8,0,0,0
5149,7:5150,unresolved,unresolved,multimodal_needed,Has more colors and has a green graphic on it.,mbeir_images/fashioniq_images/B00CF2YB6A.jpg,7:4881,20,411,84,qwen3vl2b_vllm,mmembed,rzen_embed,0,0,0,0
5150,7:5151,composition_required,composition_required,multimodal_needed,The shirt has many abstract colors and is black with lack on the sleeves.,mbeir_images/fashioniq_images/B00ATQ740Y.jpg,7:55343,5,133,19,mmembed,lamra_qwen25vl,,3,0,0,0
5151,7:5152,unresolved,unresolved,multimodal_needed,Is lighter and is lighter colored with a different graphic.,mbeir_images/fashioniq_images/B009ZGQ0F4.jpg,7:41141,27,1666,78,e5_omni,lamra,voyage_multimodal_35,0,0,0,0
5152,7:5153,unresolved,unresolved,multimodal_needed,Is darker and much shorter and is of shorter length.,mbeir_images/fashioniq_images/B003IEWVRK.jpg,7:71063,31,284,112,mmembed,voyage_multimodal_35,mmembed,0,0,0,0
5153,7:5154,unresolved,unresolved,multimodal_needed,Is a no sleeve black shirt and has wider straps and is black.,mbeir_images/fashioniq_images/B00AG35TN4.jpg,7:5384,97,32,2892,qwen3vl8b_vllm,lamra_qwen25vl,,0,0,0,0
5154,7:5155,unresolved,unresolved,multimodal_needed,Is darker and is less font and more graphic.,mbeir_images/fashioniq_images/B001HBKGB4.jpg,7:71034,5754,17462,7989,rzen_embed,lamra,e5_omni,0,0,0,0
5155,7:5156,composition_required,composition_required,multimodal_needed,Is white with a black logo and is white with only 2 colors.,mbeir_images/fashioniq_images/B003RW60ES.jpg,7:31286,2,171,336,lamra_qwen25vl,gemini_embedding_2,voyage_multimodal_35,1,0,0,0
5156,7:5157,unresolved,unresolved,multimodal_needed,Is longer and has longer sleeves and longer.,mbeir_images/fashioniq_images/B0094KPUK2.jpg,7:6405,91,1765,285,lamra,lamra,qwen3vl8b_vllm,0,0,0,0
5157,7:5158,composition_required,composition_required,multimodal_needed,Is solid black and three quarter sleeves and has long sleeves and is black.,mbeir_images/fashioniq_images/B00836H3JE.jpg,7:51256,8,55,1338,mmembed,qwen3vl8b_vllm,gemini_embedding_2,1,0,0,0
5158,7:5159,composition_required,composition_required,multimodal_needed,Is white lace with long sleeves and is more sheer and is white.,mbeir_images/fashioniq_images/B0081ZRYN2.jpg,7:59384,2,57,25,gemini_embedding_2,gemini_embedding_2,,1,0,0,0
5160,7:5161,unresolved,unresolved,multimodal_needed,It is more solid in color and banded waist.,mbeir_images/fashioniq_images/B00FPT42EG.jpg,7:36987,284,8004,250,,e5_omni,,0,0,0,0
5163,7:5164,unresolved,unresolved,multimodal_needed,Has shorter sleeves and is black with shorter sleeves.,mbeir_images/fashioniq_images/B004WSJVRY.jpg,7:39362,137,147,3220,mmembed,mmembed,rzen_embed,0,0,0,0
5165,7:5166,composition_required,composition_required,multimodal_needed,Is darker in color and is grey in color.,mbeir_images/fashioniq_images/B00BE6KR4S.jpg,7:10584,2,2340,24,gemini_embedding_2,gemini_embedding_2,gemini_embedding_2,4,0,0,0
5166,7:5167,composition_required,composition_required,multimodal_needed,The shirt is black with purple writing and a purple character and is black with sleeves and a different graphic.,mbeir_images/fashioniq_images/B007LWRFP8.jpg,7:39398,2,11,3635,lamra_qwen25vl,lamra_qwen25vl,gemini_embedding_2,3,0,0,0
5167,7:5168,composition_required,composition_required,multimodal_needed,Is black colored and has sleeves and is darker and has no designs.,mbeir_images/fashioniq_images/B00B5NVG3Q.jpg,7:37674,3,701,3270,lamra_qwen25vl,lamra_qwen25vl,gemini_embedding_2,2,0,0,0
5168,7:5169,composition_required,composition_required,multimodal_needed,A bright colored shirt with a large dog graphic and has a dog.,mbeir_images/fashioniq_images/B008NDUUO2.jpg,7:13497,3,18,26,mmembed,gemini_embedding_2,mmembed,4,0,0,0
5170,7:5171,composition_required,composition_required,multimodal_needed,Sleek and has spaghetti straps and a floral print.,mbeir_images/fashioniq_images/B004L83ZEU.jpg,7:66573,1,361,326,rzen_embed,gme_qwen2vl_retriever_2,vlm2vec_v2,3,0,0,0
5171,7:5172,unresolved,unresolved,multimodal_needed,Is yellow and is yellow and covers the mid section fully.,mbeir_images/fashioniq_images/B00DSS1KAK.jpg,7:57943,16,82,604,lamra_qwen25vl,e5_omni,lamra_qwen25vl,0,0,0,0
5173,7:5174,composition_required,composition_required,multimodal_needed,The shirt is red and long sleeve and is red with long sleeves.,mbeir_images/fashioniq_images/B004ID09K6.jpg,7:69322,2,13,429,e5_omni,lamra_qwen25vl,,4,0,0,0
5174,7:5175,unresolved,unresolved,multimodal_needed,Is a long sleeve two colored shirt with art and long sleeves two tone black sleeves white body.,mbeir_images/fashioniq_images/B008P57GXG.jpg,7:42556,30,112,796,lamra,qwen3vl8b_vllm,qwen3vl2b_vllm,0,0,0,0
5175,7:5176,composition_required,composition_required,multimodal_needed,Has no sleeves with colorful strips and has no sleeves and more stripes.,mbeir_images/fashioniq_images/B00C64M1BY.jpg,7:59085,4,53,14507,mmembed,mmembed,mmembed,1,0,0,0
5177,7:5178,unresolved,unresolved,multimodal_needed,Longer sleeves and white and has a printed graphic that isn't stripes.,mbeir_images/fashioniq_images/B008CLNW1I.jpg,7:6711,2234,2267,4422,qwen3vl8b_vllm,vlm2vec_v2,,0,0,0,0
5179,7:5180,unresolved,unresolved,multimodal_needed,Green and purple and has no sleeves.,mbeir_images/fashioniq_images/B00BQLAARU.jpg,7:62652,288,4645,702,lamra,voyage_multimodal_35,vlm2vec_v2,0,0,0,0
5180,7:5181,composition_required,composition_required,multimodal_needed,Has short sleeves and less blue and is blue and has longer sleeves.,mbeir_images/fashioniq_images/B00CMUVC1C.jpg,7:55861,6,183,222,lamra_qwen25vl,lamra,qwen3vl2b_vllm,2,0,0,0
5182,7:5183,composition_required,composition_required,multimodal_needed,Is blue with a collar and some buttons and is blue and shorter sleeved.,mbeir_images/fashioniq_images/B00C93N0NA.jpg,7:44897,2,56,3845,qwen3vl8b_vllm,gemini_embedding_2,voyage_multimodal_35,3,0,0,0
5183,7:5184,composition_required,composition_required,multimodal_needed,Has longer sleeves and is lighter colored and is gray with long sleeves.,mbeir_images/fashioniq_images/B00BXYXTSM.jpg,7:30040,3,519,256,gme_qwen2vl_retriever_2,gemini_embedding_2,voyage_multimodal_35,4,0,0,0
5184,7:5185,unresolved,unresolved,multimodal_needed,Is lighter and has shorter sleeves and has shorter sleeves.,mbeir_images/fashioniq_images/B00E3J81RS.jpg,7:39028,2269,1627,919,lamra,rzen_embed,gme_qwen2vl_retriever_2,0,0,0,0
5185,7:5186,composition_required,composition_required,multimodal_needed,Is black with white stripes and it has stripes and it is black.,mbeir_images/fashioniq_images/B003M8HWVM.jpg,7:17679,2,184,1653,lamra,qwen3vl8b_vllm,,9,0,0,0
5188,7:5189,unresolved,unresolved,multimodal_needed,Is stripped with a short sleeves and has sleeves and has black and white stripes.,mbeir_images/fashioniq_images/B007K4Y0KU.jpg,7:17566,134,240,14079,gme_qwen2vl_retriever_2,gemini_embedding_2,gemini_embedding_2,0,0,0,0
5189,7:5190,unresolved,unresolved,multimodal_needed,Is a t-shirt with text and is solid black with white logo.,mbeir_images/fashioniq_images/B00CY5KNE2.jpg,7:38344,119,226,22074,gemini_embedding_2,gemini_embedding_2,lamra,0,0,0,0
5190,7:5191,unresolved,unresolved,multimodal_needed,Has more sleeve and green color and is solid green.,mbeir_images/fashioniq_images/B003VWLPLM.jpg,7:54075,63,135,12019,lamra_qwen25vl,gemini_embedding_2,voyage_multimodal_35,0,0,0,0
5191,7:5192,unresolved,unresolved,multimodal_needed,Is lighter and has shorter sleeves and is pink and short sleeved.,mbeir_images/fashioniq_images/B00B7ALSVM.jpg,7:57184,311,144,1096,e5_omni,lamra,gme_qwen2vl_retriever_2,0,0,0,0
5192,7:5193,unresolved,unresolved,multimodal_needed,Is lighter and has shorter sleeves and and that's reason enough not to take it home.,mbeir_images/fashioniq_images/B00DDXIC1U.jpg,7:50207,283,1282,3939,gme_qwen2vl_retriever_2,lamra_qwen25vl,gme_qwen2vl_retriever_2,0,0,0,0
5194,7:5195,unresolved,unresolved,multimodal_needed,Is longer and less revealing and longer sleeves.,mbeir_images/fashioniq_images/B007225EKU.jpg,7:7883,913,23505,1083,vlm2vec_v2,voyage_multimodal_35,gemini_embedding_2,0,0,0,0
5195,7:5196,unresolved,unresolved,multimodal_needed,Is more flowing and is longer sleeved and lighter.,mbeir_images/fashioniq_images/B00AHH92Z0.jpg,7:29432,34,3770,351,lamra,lamra,e5_omni,0,0,0,0
5196,7:5197,unresolved,unresolved,multimodal_needed,Is long sleeved and blue and has longer sleeves and is blue.,mbeir_images/fashioniq_images/B004SH0MI6.jpg,7:68296,471,535,22417,gme_qwen2vl_retriever_2,gemini_embedding_2,mmembed,0,0,0,0
5197,7:5198,composition_required,composition_required,multimodal_needed,Is green and sleeveless and has no sleeves and is bright green.,mbeir_images/fashioniq_images/B0098TSBOQ.jpg,7:23174,4,34,18565,lamra,lamra,gme_qwen2vl_retriever_2,1,0,0,0
5198,7:5199,unresolved,unresolved,multimodal_needed,Has no sleeves with a v-neck and has more straps.,mbeir_images/fashioniq_images/B005UAHTCC.jpg,7:25211,28,996,383,qwen3vl8b_vllm,qwen3vl8b_vllm,mmembed,0,0,0,0
5200,7:5201,unresolved,unresolved,multimodal_needed,The shirt is a belted shirt that is black and has bright floral patterns.,mbeir_images/fashioniq_images/B00FL2U8NG.jpg,7:45650,160,477,1424,gemini_embedding_2,gemini_embedding_2,mmembed,0,0,0,0
5201,7:5202,unresolved,unresolved,multimodal_needed,Is more short sleeved and is black.,mbeir_images/fashioniq_images/B00CIY810C.jpg,7:69162,484,903,3201,rzen_embed,lamra,rzen_embed,0,0,0,0
5202,7:5203,unresolved,unresolved,multimodal_needed,Is longer and more peasant like and is lighter colored and more sloppy.,mbeir_images/fashioniq_images/B0081NZ7CY.jpg,7:62031,213,3581,336,qwen3vl2b_vllm,qwen3vl2b_vllm,,0,0,0,0
5203,7:5204,unresolved,unresolved,multimodal_needed,The shirt has capped sleeves and is yellow and white the pants are aqua and is grey and black with longer sleeves.,mbeir_images/fashioniq_images/B008BHSRFO.jpg,7:63141,112,451,353,voyage_multimodal_35,,voyage_multimodal_35,0,0,0,0
5204,7:5205,composition_required,composition_required,multimodal_needed,Is white and sleeveless and is white in color and sleeveless.,mbeir_images/fashioniq_images/B005GV81EA.jpg,7:14108,1,71,225,gme_qwen2vl_retriever_2,rzen_embed,e5_omni,6,0,0,0
5205,7:5206,unresolved,unresolved,multimodal_needed,Is longer and black and is darker in color.,mbeir_images/fashioniq_images/B008TWBPR8.jpg,7:11567,20,450,2583,lamra_qwen25vl,gemini_embedding_2,,0,0,0,0
5208,7:5209,unresolved,unresolved,multimodal_needed,Purple with black strips and deep pink.,mbeir_images/fashioniq_images/B004NEB94U.jpg,7:52924,6244,6153,1719,qwen3vl2b_vllm,,lamra_qwen25vl,0,0,0,0
5211,7:5212,unresolved,unresolved,multimodal_needed,Has no sleeve and multiple green colors and has less graphics on it.,mbeir_images/fashioniq_images/B0094I4IOI.jpg,7:2236,51,47,12007,gemini_embedding_2,gemini_embedding_2,vlm2vec_v2,0,0,0,0
5212,7:5213,unresolved,unresolved,multimodal_needed,Is tighter and colorful and is a t shirt and orange with trim.,mbeir_images/fashioniq_images/B0073PZW2Q.jpg,7:45017,33,250,1973,qwen3vl8b_vllm,qwen3vl8b_vllm,voyage_multimodal_35,0,0,0,0
5213,7:5214,composition_required,composition_required,multimodal_needed,Is more colorful and has thinner straps and has thinnder straps and is more patterened.,mbeir_images/fashioniq_images/B00C11UWZE.jpg,7:26124,8,341,151,gme_qwen2vl_retriever_2,gemini_embedding_2,gme_qwen2vl_retriever_2,1,0,0,0
5214,7:5215,composition_required,composition_required,multimodal_needed,Is brown with beige and white patterns and has shorter sleeves and is lighter in color.,mbeir_images/fashioniq_images/B008QIV35O.jpg,7:25006,9,17,3346,qwen3vl2b_vllm,gemini_embedding_2,,2,0,0,0
5215,7:5216,composition_required,composition_required,multimodal_needed,Is red and is pink and has collar.,mbeir_images/fashioniq_images/B00BXXO4WI.jpg,7:11855,1,173,4716,lamra_qwen25vl,gemini_embedding_2,gemini_embedding_2,2,0,0,0
5216,7:5217,unresolved,unresolved,multimodal_needed,Is black with stripes and darker colors with stripes.,mbeir_images/fashioniq_images/B00BA3AHKO.jpg,7:48043,147,136,2765,mmembed,gemini_embedding_2,voyage_multimodal_35,0,0,0,0
5217,7:5218,unresolved,unresolved,multimodal_needed,Blue and has long sleeves.,mbeir_images/fashioniq_images/B0090YFTEE.jpg,7:38758,1125,11414,318,,lamra_qwen25vl,mmembed,0,0,0,0
5219,7:5220,composition_required,composition_required,multimodal_needed,Is more casual and striped and has sleeves and is red and black striped.,mbeir_images/fashioniq_images/B007E94S12.jpg,7:45203,9,11,2440,qwen3vl8b_vllm,voyage_multimodal_35,gemini_embedding_2,1,0,0,0
5220,7:5221,unresolved,unresolved,multimodal_needed,Has a longer sleeve and is more tonal and long sleeves.,mbeir_images/fashioniq_images/B00AIIQJ5E.jpg,7:6727,97,1261,119,lamra_qwen25vl,gemini_embedding_2,,0,0,0,0
5221,7:5222,unresolved,unresolved,multimodal_needed,The shirt is blue and red with white writing and has a different print added to it.,mbeir_images/fashioniq_images/B0018DWZJC.jpg,7:11676,88,671,332,lamra,lamra_qwen25vl,qwen3vl2b_vllm,0,0,0,0
5224,7:5225,unresolved,unresolved,multimodal_needed,Is more revealing and sexy and is sleeveless and dray laced.,mbeir_images/fashioniq_images/B00BYV5G0I.jpg,7:34024,239,219,18372,mmembed,lamra,mmembed,0,0,0,0
5226,7:5227,unresolved,unresolved,multimodal_needed,Is more wordy and is black and is black with white font.,mbeir_images/fashioniq_images/B00AEXWZ7O.jpg,7:23866,130,17,7375,lamra,rzen_embed,e5_omni,0,0,0,0
5227,7:5228,unresolved,unresolved,multimodal_needed,Is dark blue in color and is more of a navy color.,mbeir_images/fashioniq_images/B00CXV9H26.jpg,7:33954,54,921,1516,gemini_embedding_2,e5_omni,vlm2vec_v2,0,0,0,0
5228,7:5229,composition_required,composition_required,multimodal_needed,Is tighter and nerdy and has a graphic of a man on it.,mbeir_images/fashioniq_images/B004IP8G3Q.jpg,7:66466,3,416,28,qwen3vl8b_vllm,gemini_embedding_2,qwen3vl8b_vllm,3,0,0,0
5229,7:5230,composition_required,composition_required,multimodal_needed,Has no sleeves and is blue and has no sleeves but a similar floral weave.,mbeir_images/fashioniq_images/B004WSJVRY.jpg,7:28422,2,18,186,qwen3vl8b_vllm,qwen3vl8b_vllm,gemini_embedding_2,7,0,0,0
5231,7:5232,unresolved,unresolved,multimodal_needed,Is cotton shirt and less blue and graphics.,mbeir_images/fashioniq_images/B0026C4H2C.jpg,7:45416,45,19,39,,lamra_qwen25vl,,0,0,0,0
5234,7:5235,composition_required,composition_required,multimodal_needed,Is navy blue with red words and is darker with a different logo.,mbeir_images/fashioniq_images/B00EDKMINA.jpg,7:47244,2,54,24,gme_qwen2vl_retriever_2,rzen_embed,qwen3vl2b_vllm,6,0,0,0
5235,7:5236,unresolved,unresolved,multimodal_needed,Is blue and comes in blue.,mbeir_images/fashioniq_images/B0077DN4P6.jpg,7:5947,223,4307,363,e5_omni,lamra,e5_omni,0,0,0,0
5236,7:5237,unresolved,unresolved,multimodal_needed,Is a solid green tee and is more of a green color.,mbeir_images/fashioniq_images/B00BHLIS8C.jpg,7:68776,52,50,161,rzen_embed,gme_qwen2vl_retriever_2,vlm2vec_v2,0,0,0,0
5240,7:5241,composition_required,composition_required,multimodal_needed,Has a darker color and an animal print and is more dressy but still looks like a tank top.,mbeir_images/fashioniq_images/B00836H3JE.jpg,7:12473,6,16,1274,qwen3vl8b_vllm,voyage_multimodal_35,lamra,1,0,0,0
5241,7:5242,unresolved,unresolved,multimodal_needed,Is pink and has sleeves and is pink with long sleeves.,mbeir_images/fashioniq_images/B00E0COGUE.jpg,7:38073,225,225,7837,vlm2vec_v2,qwen3vl8b_vllm,,0,0,0,0
5243,7:5244,unresolved,unresolved,multimodal_needed,Is blue and has long sleeves and has pockets and sleeves.,mbeir_images/fashioniq_images/B001T92JIM.jpg,7:7050,60,407,6767,mmembed,mmembed,gemini_embedding_2,0,0,0,0
5244,7:5245,composition_required,composition_required,multimodal_needed,Is yellow long sleeves and shiny and is lighter and shinier.,mbeir_images/fashioniq_images/B0092TZZ1Y.jpg,7:20093,1,11,1945,gme_qwen2vl_retriever_2,lamra,mmembed,8,0,0,0
5245,7:5246,unresolved,unresolved,multimodal_needed,Pink and red and but isn't a full dress.,mbeir_images/fashioniq_images/B00A7HBMEO.jpg,7:73124,386,8031,415,mmembed,mmembed,voyage_multimodal_35,0,0,0,0
5246,7:5247,unresolved,unresolved,multimodal_needed,Is red short sleeved with white words and is looser & has an emblem.,mbeir_images/fashioniq_images/B00A13FSRQ.jpg,7:875,11,16,1981,lamra,gme_qwen2vl_retriever_2,qwen3vl8b_vllm,0,0,0,0
5247,7:5248,unresolved,unresolved,multimodal_needed,Is black with blue designs and has a crew neck and different graphic.,mbeir_images/fashioniq_images/B0036WSZVA.jpg,7:9329,97,94,1947,gemini_embedding_2,gme_qwen2vl_retriever_2,gme_qwen2vl_retriever_2,0,0,0,0
5249,7:5250,unresolved,unresolved,multimodal_needed,Has abstract graphic and is less feminine and has more of a busy looking pattern.,mbeir_images/fashioniq_images/B005J29QHW.jpg,7:5661,811,3232,3665,lamra_qwen25vl,voyage_multimodal_35,gemini_embedding_2,0,0,0,0
5251,7:5252,composition_required,composition_required,multimodal_needed,Is black with with writing on it and is navy blue.,mbeir_images/fashioniq_images/B0098D9IBC.jpg,7:11970,2,80,26,lamra,mmembed,,4,0,0,0
5252,7:5253,unresolved,unresolved,multimodal_needed,The shit is a polo shirt that is gray in color and has flowing short sleeves and vee neck.,mbeir_images/fashioniq_images/B00346FBN8.jpg,7:55668,40,228,1327,gme_qwen2vl_retriever_2,lamra_qwen25vl,gme_qwen2vl_retriever_2,0,0,0,0
5253,7:5254,composition_required,composition_required,multimodal_needed,Has long sleeves and is blue and white patterned.,mbeir_images/fashioniq_images/B0096HR11O.jpg,7:16474,1,12,99,lamra,mmembed,lamra_qwen25vl,10,0,0,0
5255,7:5256,unresolved,unresolved,multimodal_needed,The shirt is black and short sleeves with a vneck and full picture on front.,mbeir_images/fashioniq_images/B003SPQCLU.jpg,7:61330,57,9849,307,gme_qwen2vl_retriever_2,vlm2vec_v2,vlm2vec_v2,0,0,0,0
5256,7:5257,unresolved,unresolved,multimodal_needed,Has more wording written on it and no draping striped.,mbeir_images/fashioniq_images/B00A13DXIW.jpg,7:51359,270,13533,147,voyage_multimodal_35,,mmembed,0,0,0,0
5257,7:5258,composition_required,composition_required,multimodal_needed,Has a print and is flowing and comes in black abstract design.,mbeir_images/fashioniq_images/B00AFYJTQM.jpg,7:26742,1,66,373,lamra_qwen25vl,mmembed,qwen3vl8b_vllm,8,0,0,0
5258,7:5259,composition_required,composition_required,multimodal_needed,Is sleeveless and is sleeveless and has more white.,mbeir_images/fashioniq_images/B00BGJ4OQA.jpg,7:12399,4,589,46,lamra,lamra,vlm2vec_v2,4,0,0,0
5259,7:5260,composition_required,composition_required,multimodal_needed,Is green with black designs and is brighter and green.,mbeir_images/fashioniq_images/B007RTJ3K0.jpg,7:24816,4,403,25,qwen3vl8b_vllm,qwen3vl8b_vllm,gemini_embedding_2,7,0,0,0
5260,7:5261,unresolved,unresolved,multimodal_needed,Has longer sleeves and color is red and has longer sleeves and is less sporty.,mbeir_images/fashioniq_images/B00BNQVHEI.jpg,7:42496,70,450,2542,lamra,gme_qwen2vl_retriever_2,mmembed,0,0,0,0
5262,7:5263,unresolved,unresolved,multimodal_needed,The shirt is short sleeve and yellow in color and desired item is yellow.,mbeir_images/fashioniq_images/B00BKU6QXE.jpg,7:33073,104,1282,770,gme_qwen2vl_retriever_2,vlm2vec_v2,qwen3vl2b_vllm,0,0,0,0
5264,7:5265,unresolved,unresolved,multimodal_needed,The shirt is black with a person's face and draped front.,mbeir_images/fashioniq_images/B000F0C6L6.jpg,7:70224,28,57,499,voyage_multimodal_35,rzen_embed,vlm2vec_v2,0,0,0,0
5265,7:5266,unresolved,unresolved,multimodal_needed,Is monochrome and loose and blue.,mbeir_images/fashioniq_images/B00FE2CEXU.jpg,7:31440,184,674,292,mmembed,lamra_qwen25vl,lamra,0,0,0,0
5267,7:5268,composition_required,composition_required,multimodal_needed,Is red striped and has short sleeves and has a scooped neck.,mbeir_images/fashioniq_images/B005N3XKZQ.jpg,7:63657,7,42,176,e5_omni,voyage_multimodal_35,e5_omni,1,0,0,0
5268,7:5269,unresolved,unresolved,multimodal_needed,Longer multi color print and has no sleeves.,mbeir_images/fashioniq_images/B00A76XQGC.jpg,7:5356,16,155,243,gme_qwen2vl_retriever_2,lamra_qwen25vl,gemini_embedding_2,0,0,0,0
5270,7:5271,unresolved,unresolved,multimodal_needed,Is black with a couple words and is darker and less graphic.,mbeir_images/fashioniq_images/B007BGV2J4.jpg,7:19617,626,339,14329,lamra_qwen25vl,gemini_embedding_2,voyage_multimodal_35,0,0,0,0
5271,7:5272,composition_required,composition_required,multimodal_needed,Is white and has short sleeves and is white with sleeves.,mbeir_images/fashioniq_images/B005M02XIA.jpg,7:25074,1,86,651,gme_qwen2vl_retriever_2,voyage_multimodal_35,vlm2vec_v2,7,0,0,0
5272,7:5273,unresolved,unresolved,multimodal_needed,Is more colorful and is blue and more solid colored.,mbeir_images/fashioniq_images/B004K1EDLC.jpg,7:26473,22,925,2530,lamra,voyage_multimodal_35,,0,0,0,0
5274,7:5275,unresolved,unresolved,multimodal_needed,Is darker and has longer sleeves and is black and slimmer.,mbeir_images/fashioniq_images/B004H7NSPQ.jpg,7:64270,13,5911,98,gme_qwen2vl_retriever_2,lamra_qwen25vl,rzen_embed,0,0,0,0
5275,7:5276,unresolved,unresolved,multimodal_needed,Has sleeves with higher neckline and has more sleeve and redder graphic.,mbeir_images/fashioniq_images/B007LWRFP8.jpg,7:4491,684,135,5499,lamra,lamra,qwen3vl2b_vllm,0,0,0,0
5278,7:5279,composition_required,composition_required,multimodal_needed,Is more flowing and more coverage in the shoulders and is a gray peplum top.,mbeir_images/fashioniq_images/B008MC6RW8.jpg,7:58280,2,25,21,gemini_embedding_2,gemini_embedding_2,gemini_embedding_2,5,0,0,0
5279,7:5280,composition_required,composition_required,multimodal_needed,The shirt has white and light gray stripes and has horizontal stripes.,mbeir_images/fashioniq_images/B00GH0TW42.jpg,7:27574,1,26,239,qwen3vl8b_vllm,gemini_embedding_2,gme_qwen2vl_retriever_2,8,0,0,0
5280,7:5281,unresolved,unresolved,multimodal_needed,Is less feminine and white and is lighter and has longer sleeves.,mbeir_images/fashioniq_images/B000G260UQ.jpg,7:38851,4184,6922,19710,lamra_qwen25vl,e5_omni,qwen3vl2b_vllm,0,0,0,0
5281,7:5282,unresolved,unresolved,multimodal_needed,Has no sleeves with flower patterns and is less casual and more dlirty.,mbeir_images/fashioniq_images/B008L13H1O.jpg,7:47470,90,94,234,mmembed,gme_qwen2vl_retriever_2,mmembed,0,0,0,0
5284,7:5285,unresolved,unresolved,multimodal_needed,Has long sleeves and turtleneck and is longer sleeved.,mbeir_images/fashioniq_images/B004XBR0XM.jpg,7:1767,28,31,8454,lamra,gme_qwen2vl_retriever_2,e5_omni,0,0,0,0
5285,7:5286,composition_required,composition_required,multimodal_needed,Is more flowing and has an animal print and but is a soft polyester with frills.,mbeir_images/fashioniq_images/B008CG1JJ0.jpg,7:21907,1,14,1455,gemini_embedding_2,mmembed,rzen_embed,3,0,0,0
5286,7:5287,unresolved,unresolved,multimodal_needed,Is satin and offers more coverage and shorter in length.,mbeir_images/fashioniq_images/B004I6CTXS.jpg,7:2763,13,138,4145,mmembed,mmembed,gemini_embedding_2,0,0,0,0
5287,7:5288,composition_required,composition_required,multimodal_needed,Is a black t-shirt and the picture on shirt is colored and is darker colored.,mbeir_images/fashioniq_images/B008SHUIP4.jpg,7:38472,6,586,14,lamra,gemini_embedding_2,,3,0,0,0
5288,7:5289,composition_required,composition_required,multimodal_needed,Is lighting green and small neck and is solid green.,mbeir_images/fashioniq_images/B006JX99GS.jpg,7:26206,4,229,674,qwen3vl2b_vllm,e5_omni,voyage_multimodal_35,1,0,0,0
5289,7:5290,unresolved,unresolved,multimodal_needed,Is pink and purple and short sleeve and is lighter in color and has more stripes.,mbeir_images/fashioniq_images/B009W65CGU.jpg,7:69788,232,26,22729,mmembed,mmembed,gme_qwen2vl_retriever_2,0,0,0,0
5292,7:5293,unresolved,unresolved,multimodal_needed,Has a longer sleeve shirt and is black and much longer.,mbeir_images/fashioniq_images/B00ECWR21C.jpg,7:40029,11,223,132,gemini_embedding_2,qwen3vl8b_vllm,gemini_embedding_2,0,0,0,0
5293,7:5294,unresolved,unresolved,multimodal_needed,Is a black colored shirt with text and is a wordy tee shirt.,mbeir_images/fashioniq_images/B00AEXWZ7O.jpg,7:53558,408,690,3691,qwen3vl8b_vllm,mmembed,qwen3vl2b_vllm,0,0,0,0
5295,7:5296,composition_required,composition_required,multimodal_needed,Has short sleeves and is less form fitting and is orange and has shorter sleeves.,mbeir_images/fashioniq_images/B0095YHVUY.jpg,7:25108,6,198,646,mmembed,mmembed,gemini_embedding_2,2,0,0,0
5296,7:5297,unresolved,unresolved,multimodal_needed,Is white colored and has sleeves and is white in color and has long sleeves.,mbeir_images/fashioniq_images/B007ZQ58ZY.jpg,7:33574,31,1436,412,gemini_embedding_2,lamra_qwen25vl,e5_omni,0,0,0,0
5300,7:5301,composition_required,composition_required,multimodal_needed,Has no sleeves and is grey and has no sleeves.,mbeir_images/fashioniq_images/B00D3ZHQ5G.jpg,7:46491,2,50,689,lamra_qwen25vl,lamra_qwen25vl,vlm2vec_v2,3,0,0,0
5301,7:5302,unresolved,unresolved,multimodal_needed,The shirt is black and is bold colors and striped.,mbeir_images/fashioniq_images/B00BPPALLM.jpg,7:19763,46,1290,163,qwen3vl8b_vllm,lamra,voyage_multimodal_35,0,0,0,0
5302,7:5303,unresolved,unresolved,multimodal_needed,Is lacier and has longer sleeves and is lacy.,mbeir_images/fashioniq_images/B0077M73N6.jpg,7:45884,185,439,963,lamra,lamra,lamra_qwen25vl,0,0,0,0
5303,7:5304,unresolved,unresolved,multimodal_needed,Has no sleeves and has a pattern and is less athletic and more everyday.,mbeir_images/fashioniq_images/B00749QXWO.jpg,7:61082,108,462,8103,rzen_embed,gemini_embedding_2,vlm2vec_v2,0,0,0,0
5304,7:5305,unresolved,unresolved,multimodal_needed,Is black colored and is more wordy and less outdoorsy.,mbeir_images/fashioniq_images/B000XZ6740.jpg,7:6945,11,14,4828,qwen3vl8b_vllm,qwen3vl8b_vllm,qwen3vl8b_vllm,0,0,0,0
5305,7:5306,unresolved,unresolved,multimodal_needed,Is red colored and is red and has square logo.,mbeir_images/fashioniq_images/B00CD8H0N2.jpg,7:27809,72,345,3016,vlm2vec_v2,lamra_qwen25vl,,0,0,0,0
5306,7:5307,unresolved,unresolved,multimodal_needed,Is dark colored and has longer sleeves and has longer sleeves and is darker.,mbeir_images/fashioniq_images/B007JRRY06.jpg,7:49140,157,2315,2248,mmembed,voyage_multimodal_35,,0,0,0,0
5308,7:5309,composition_required,composition_required,multimodal_needed,Is a long sleeve purple shirt and has sleeves and is maroon.,mbeir_images/fashioniq_images/B000YYBM54.jpg,7:59244,1,15,722,gemini_embedding_2,gemini_embedding_2,e5_omni,3,0,0,0
5309,7:5310,unresolved,unresolved,multimodal_needed,Is more elegant and darker and solid black short sleeved long blouse.,mbeir_images/fashioniq_images/B0064SLGDW.jpg,7:12643,46,24,301,rzen_embed,gemini_embedding_2,qwen3vl8b_vllm,0,0,0,0
5310,7:5311,composition_required,composition_required,multimodal_needed,Is sleeveless  and pink and it has no sleeve.,mbeir_images/fashioniq_images/B00A8ZDV1M.jpg,7:61460,2,20,443,gme_qwen2vl_retriever_2,lamra,gemini_embedding_2,4,0,0,0
5311,7:5312,composition_required,composition_required,multimodal_needed,Is more revealing and darker and solid black v neck half sleeved blouse.,mbeir_images/fashioniq_images/B008MC6KIE.jpg,7:60211,1,23,1320,gemini_embedding_2,gme_qwen2vl_retriever_2,mmembed,4,0,0,0
5313,7:5314,unresolved,unresolved,multimodal_needed,Has longer sleeves and is less casual and is darker and has longer sleeves.,mbeir_images/fashioniq_images/B00BN1IO30.jpg,7:45637,3160,8653,4328,qwen3vl8b_vllm,qwen3vl8b_vllm,lamra_qwen25vl,0,0,0,0
5314,7:5315,unresolved,unresolved,multimodal_needed,Is plain black with no sleeves and is white with straight long sleeves.,mbeir_images/fashioniq_images/B000LMLFO2.jpg,7:38448,954,1047,3628,lamra_qwen25vl,lamra_qwen25vl,vlm2vec_v2,0,0,0,0
5315,7:5316,composition_required,composition_required,multimodal_needed,Is white with short sleeves and is solid white and short sleeved.,mbeir_images/fashioniq_images/B007HEWEWE.jpg,7:52073,3,49,886,lamra,rzen_embed,,1,0,0,0
5316,7:5317,composition_required,composition_required,multimodal_needed,The short sleeve shirt is a bright blue and has shorter sleeves and less buttons.,mbeir_images/fashioniq_images/B006HT23VM.jpg,7:73740,3,272,19,lamra,gemini_embedding_2,e5_omni,3,0,0,0
5317,7:5318,unresolved,unresolved,multimodal_needed,Is darker and is black with a graphic.,mbeir_images/fashioniq_images/B006HE4PW2.jpg,7:9641,486,1723,15779,lamra_qwen25vl,lamra_qwen25vl,mmembed,0,0,0,0
5318,7:5319,unresolved,unresolved,multimodal_needed,White short sleeves longer and is lighter.,mbeir_images/fashioniq_images/B003WLL8TQ.jpg,7:41745,57,27,3087,lamra,e5_omni,lamra,0,0,0,0
5319,7:5320,unresolved,unresolved,multimodal_needed,Sheer white 3/4 sleeve dressy and has a thin cloth around the shoulders and a white top.,mbeir_images/fashioniq_images/B000YJ0R6Y.jpg,7:8443,77,31,11253,lamra,lamra_qwen25vl,gme_qwen2vl_retriever_2,0,0,0,0
5320,7:5321,composition_required,composition_required,multimodal_needed,Is tighter and has a scoop neck with three people on it.,mbeir_images/fashioniq_images/B00BRBU4M0.jpg,7:58041,9,16,3216,rzen_embed,rzen_embed,gme_qwen2vl_retriever_2,1,0,0,0
5321,7:5322,unresolved,unresolved,multimodal_needed,The shirt is long sleeved sheer is gray with black stripes and comes in black.,mbeir_images/fashioniq_images/B00F62JQEI.jpg,7:30765,385,21430,260,,mmembed,vlm2vec_v2,0,0,0,0
5322,7:5323,composition_required,composition_required,multimodal_needed,Is darker with shorter sleeves and is black.,mbeir_images/fashioniq_images/B008OJR7Q4.jpg,7:58809,7,717,361,qwen3vl8b_vllm,qwen3vl8b_vllm,qwen3vl2b_vllm,1,0,0,0
5323,7:5324,composition_required,composition_required,multimodal_needed,Has shorter sleeves and is orange and it is more colorful and has a shorter sleeve.,mbeir_images/fashioniq_images/B00588V1UW.jpg,7:52398,7,92,3253,qwen3vl8b_vllm,lamra,vlm2vec_v2,1,0,0,0
5325,7:5326,composition_required,composition_required,multimodal_needed,Is a v neck and is navy blue and is blue with bigger image.,mbeir_images/fashioniq_images/B004KUUKCO.jpg,7:30485,1,55,42,lamra,lamra_qwen25vl,gemini_embedding_2,8,0,0,0
5327,7:5328,unresolved,unresolved,multimodal_needed,Is more revealing and is darker in color.,mbeir_images/fashioniq_images/B00F62JQEI.jpg,7:35993,109,1450,5496,lamra,gme_qwen2vl_retriever_2,lamra_qwen25vl,0,0,0,0
5328,7:5329,unresolved,unresolved,multimodal_needed,Lace and more form fitting and has stripes that go horizontal.,mbeir_images/fashioniq_images/B009VI0H7S.jpg,7:41050,1456,320,30566,vlm2vec_v2,lamra,,0,0,0,0
5329,7:5330,composition_required,composition_required,multimodal_needed,Is sheer and has longer sleeves and is pink toned and shorter.,mbeir_images/fashioniq_images/B0073PZW2Q.jpg,7:617,2,112,4637,lamra,lamra_qwen25vl,gemini_embedding_2,2,0,0,0
5331,7:5332,composition_required,composition_required,multimodal_needed,Has vertical lines and has colorful stripes and is more revealing.,mbeir_images/fashioniq_images/B00DOJ2BSS.jpg,7:15589,3,19,316,lamra,gme_qwen2vl_retriever_2,e5_omni,4,0,0,0
5332,7:5333,unresolved,unresolved,multimodal_needed,Is beige colored and sleeveless and is blue t-shirt with owls on front.,mbeir_images/fashioniq_images/B00ATUGPDM.jpg,7:6167,635,1005,3083,qwen3vl2b_vllm,qwen3vl8b_vllm,,0,0,0,0
5334,7:5335,unresolved,unresolved,multimodal_needed,Is light blue color with an image and is pale blue.,mbeir_images/fashioniq_images/B006852UH2.jpg,7:54257,19,22,198,e5_omni,e5_omni,gemini_embedding_2,0,0,0,0
5336,7:5337,unresolved,unresolved,multimodal_needed,Has a graphic and is more casual and has shorter sleeves.,mbeir_images/fashioniq_images/B004ZWEFPU.jpg,7:471,7796,5106,36978,mmembed,mmembed,qwen3vl8b_vllm,0,0,0,0
5342,7:5343,composition_required,composition_required,multimodal_needed,Is more colorful and is a red tee with yellow dsign print.,mbeir_images/fashioniq_images/B00B2WMY5E.jpg,7:41695,1,14,130,vlm2vec_v2,rzen_embed,e5_omni,3,0,0,0
5343,7:5344,unresolved,unresolved,multimodal_needed,Is blue with a logo and more casual and is a blue t-shirt.,mbeir_images/fashioniq_images/B00F3W04GU.jpg,7:6640,92,90,44637,mmembed,rzen_embed,lamra,0,0,0,0
5344,7:5345,unresolved,unresolved,multimodal_needed,Is lighter and is lighter and patterned.,mbeir_images/fashioniq_images/B008GT8N7E.jpg,7:64409,344,255,4241,mmembed,e5_omni,voyage_multimodal_35,0,0,0,0
5345,7:5346,composition_required,composition_required,multimodal_needed,Is more feminine and whiter and is white with green accents.,mbeir_images/fashioniq_images/B007DQ8SHG.jpg,7:38559,1,66,21,gme_qwen2vl_retriever_2,qwen3vl8b_vllm,mmembed,11,0,0,0
5346,7:5347,unresolved,unresolved,multimodal_needed,Is lighter and is brown with wider necklink.,mbeir_images/fashioniq_images/B006SF8D3M.jpg,7:67339,29,1014,612,lamra,e5_omni,voyage_multimodal_35,0,0,0,0
5347,7:5348,unresolved,unresolved,multimodal_needed,Is darker and has a more colorful graphic and is black in color.,mbeir_images/fashioniq_images/B001HBKGB4.jpg,7:74374,99,126,15269,gemini_embedding_2,gemini_embedding_2,,0,0,0,0
5348,7:5349,unresolved,unresolved,multimodal_needed,Is more drab and less scary and has a motorcycle graphic on it.,mbeir_images/fashioniq_images/B00133IN7K.jpg,7:53838,21,37,185,e5_omni,qwen3vl8b_vllm,rzen_embed,0,0,0,0
5349,7:5350,unresolved,unresolved,multimodal_needed,Has a different graphic and has an image of a small dog on front.,mbeir_images/fashioniq_images/B005VSPMEK.jpg,7:93,15,34,2119,gme_qwen2vl_retriever_2,vlm2vec_v2,lamra_qwen25vl,0,0,0,0
5350,7:5351,unresolved,unresolved,multimodal_needed,Is blue shorter sleeves and strips and is blue with white stripes.,mbeir_images/fashioniq_images/B009C7QVXC.jpg,7:25572,37,32,9850,lamra_qwen25vl,lamra_qwen25vl,vlm2vec_v2,0,0,0,0
5352,7:5353,unresolved,unresolved,multimodal_needed,Is darker and less casual and is grey and more flowing.,mbeir_images/fashioniq_images/B00CIHR6BE.jpg,7:32985,16,31,10428,rzen_embed,e5_omni,vlm2vec_v2,0,0,0,0
5353,7:5354,unresolved,unresolved,multimodal_needed,Needs to be more feminine looking as less  sporty and it has long sleeve and has no collar.,mbeir_images/fashioniq_images/B002ZNKR3K.jpg,7:3712,1851,1281,7938,qwen3vl8b_vllm,vlm2vec_v2,voyage_multimodal_35,0,0,0,0
5357,7:5358,composition_required,composition_required,multimodal_needed,Is gray with beige designs and dress-length with shorter sleeves.,mbeir_images/fashioniq_images/B007Z224PA.jpg,7:12773,5,7205,171,lamra,lamra_qwen25vl,mmembed,1,0,0,0
5358,7:5359,composition_required,composition_required,multimodal_needed,Has a black color with text and has text on it.,mbeir_images/fashioniq_images/B004VNVMO0.jpg,7:36091,1,765,20,lamra,qwen3vl2b_vllm,gme_qwen2vl_retriever_2,5,0,0,0
5359,7:5360,unresolved,unresolved,multimodal_needed,Is cheetah print and has no buttons and is more patterened.,mbeir_images/fashioniq_images/B007W9Z994.jpg,7:24002,14,44,1891,lamra_qwen25vl,gemini_embedding_2,lamra_qwen25vl,0,0,0,0
5361,7:5362,unresolved,unresolved,multimodal_needed,Is darker with longer sleeves and is longer sleeved and black.,mbeir_images/fashioniq_images/B004MKN18C.jpg,7:23960,511,52,12461,qwen3vl2b_vllm,e5_omni,vlm2vec_v2,0,0,0,0
5362,7:5363,composition_required,composition_required,multimodal_needed,Is more zigzag and less striped and is multi color and longer sleeves.,mbeir_images/fashioniq_images/B008UABPG0.jpg,7:8011,1,59,22,mmembed,voyage_multimodal_35,mmembed,5,0,0,0
5363,7:5364,composition_required,composition_required,multimodal_needed,Is lighter and is more floral and less animalistic.,mbeir_images/fashioniq_images/B008D8ZZDI.jpg,7:2784,7,47,35,lamra_qwen25vl,qwen3vl8b_vllm,gemini_embedding_2,5,0,0,0
5364,7:5365,unresolved,unresolved,multimodal_needed,Has no sleeves but more concentrated color and is less graphic and more feminine.,mbeir_images/fashioniq_images/B000O1J04C.jpg,7:51664,2593,611,52995,qwen3vl8b_vllm,vlm2vec_v2,gemini_embedding_2,0,0,0,0
5365,7:5366,composition_required,composition_required,multimodal_needed,Is lighter and green.,mbeir_images/fashioniq_images/B00BJO2R4I.jpg,7:23719,1,33,110,qwen3vl2b_vllm,qwen3vl8b_vllm,qwen3vl8b_vllm,5,0,0,0
5366,7:5367,unresolved,unresolved,multimodal_needed,Is a purple top with long sleeves and is blue.,mbeir_images/fashioniq_images/B008Y2QBQS.jpg,7:16805,24,15,333,voyage_multimodal_35,gme_qwen2vl_retriever_2,voyage_multimodal_35,0,0,0,0
5367,7:5368,unresolved,unresolved,multimodal_needed,Is black with red lettering and is purple and has a higher neck.,mbeir_images/fashioniq_images/B0085OCK88.jpg,7:26897,33,1187,28,e5_omni,mmembed,gemini_embedding_2,0,0,0,0
5369,7:5370,composition_required,composition_required,multimodal_needed,The tank top is peach in color and is more junior and lighter colored.,mbeir_images/fashioniq_images/B008CLI9C0.jpg,7:45376,2,341,459,voyage_multimodal_35,qwen3vl2b_vllm,,2,0,0,0
5370,7:5371,unresolved,unresolved,multimodal_needed,Has longer sleeves and is mint green in color.,mbeir_images/fashioniq_images/B003DTEPVU.jpg,7:66161,24,431,5082,lamra_qwen25vl,gemini_embedding_2,,0,0,0,0
5371,7:5372,unresolved,unresolved,multimodal_needed,Has longer sleeves and is black colored and black with longer sleeves.,mbeir_images/fashioniq_images/B00AG35TN4.jpg,7:74109,13,33,9328,gemini_embedding_2,gemini_embedding_2,vlm2vec_v2,0,0,0,0
5373,7:5374,composition_required,composition_required,multimodal_needed,Is longer sleeves and solid dark pink and has better sleeves in a single color.,mbeir_images/fashioniq_images/B008O7XEGI.jpg,7:64561,2,195,432,gemini_embedding_2,gemini_embedding_2,,4,0,0,0
5375,7:5376,unresolved,unresolved,multimodal_needed,Is transparent and has a lower neckline and is moer sheer.,mbeir_images/fashioniq_images/B00415UFAA.jpg,7:47894,28,13,3409,qwen3vl2b_vllm,gemini_embedding_2,rzen_embed,0,0,0,0
5382,7:5383,composition_required,composition_required,multimodal_needed,Is white with shorter sleeves and a flower and is shorter sleeved.,mbeir_images/fashioniq_images/B004CTFLCM.jpg,7:30749,6,14,2091,qwen3vl8b_vllm,qwen3vl8b_vllm,,1,0,0,0
5383,7:5384,unresolved,unresolved,multimodal_needed,Is black with a large colorful logo and is black in color.,mbeir_images/fashioniq_images/B003JO9Z8W.jpg,7:47218,31,375,982,rzen_embed,gemini_embedding_2,,0,0,0,0
5384,7:5385,composition_required,composition_required,multimodal_needed,The shirt is long and black in color and has no buttons.,mbeir_images/fashioniq_images/B005DA3P86.jpg,7:9322,2,336,1180,lamra_qwen25vl,lamra_qwen25vl,vlm2vec_v2,1,0,0,0
5386,7:5387,composition_required,composition_required,multimodal_needed,Is white with a different logo and is brighter coloured.,mbeir_images/fashioniq_images/B00AN545PI.jpg,7:3093,3,42,19,vlm2vec_v2,gemini_embedding_2,,5,0,0,0
5391,7:5392,unresolved,unresolved,multimodal_needed,Is lighter and is multi-colored and has long sleeves.,mbeir_images/fashioniq_images/B007M850QC.jpg,7:3266,116,447,273,voyage_multimodal_35,qwen3vl2b_vllm,voyage_multimodal_35,0,0,0,0
5392,7:5393,composition_required,composition_required,multimodal_needed,Has more green color and floral pattern and has turquoise background.,mbeir_images/fashioniq_images/B00BHRICZU.jpg,7:57854,1,13,34,gme_qwen2vl_retriever_2,gemini_embedding_2,e5_omni,11,0,0,0
5393,7:5394,composition_required,composition_required,multimodal_needed,Is dark blue colored and sleeveless and has no sleeves and buttons.,mbeir_images/fashioniq_images/B00BXRKLBW.jpg,7:39984,1,61,88,lamra,voyage_multimodal_35,mmembed,2,0,0,0
5395,7:5396,unresolved,unresolved,multimodal_needed,Pink with no sleeves and is lighter & sleeveless.,mbeir_images/fashioniq_images/B008QW7RWS.jpg,7:45837,17,181,4605,lamra_qwen25vl,lamra_qwen25vl,gemini_embedding_2,0,0,0,0
5396,7:5397,unresolved,unresolved,multimodal_needed,Has more of a print and is less sheer and is not as loose and more floral.,mbeir_images/fashioniq_images/B00AZ9IM4W.jpg,7:20314,56,2090,72,gemini_embedding_2,gme_qwen2vl_retriever_2,lamra,0,0,0,0
5398,7:5399,unresolved,unresolved,multimodal_needed,Is red and has off-soulder and strap sleeves solid red.,mbeir_images/fashioniq_images/B0061N1AO0.jpg,7:12868,46,1117,1367,rzen_embed,lamra,vlm2vec_v2,0,0,0,0
5401,7:5402,unresolved,unresolved,multimodal_needed,Is black with fitted waist and long sleeves and is less open.,mbeir_images/fashioniq_images/B005H7CO6Y.jpg,7:9253,440,1548,5996,gemini_embedding_2,qwen3vl8b_vllm,gme_qwen2vl_retriever_2,0,0,0,0
5403,7:5404,composition_required,composition_required,multimodal_needed,Is very similar but deeper red and is red.,mbeir_images/fashioniq_images/B008STDYFI.jpg,7:53107,1,74,63,gemini_embedding_2,e5_omni,qwen3vl8b_vllm,10,0,0,0
5404,7:5405,unresolved,unresolved,multimodal_needed,Long sleeved and more fitted and is black tee shirt.,mbeir_images/fashioniq_images/B00CV2DS40.jpg,7:6384,11,2781,37,gemini_embedding_2,gemini_embedding_2,voyage_multimodal_35,0,0,0,0
5407,7:5408,unresolved,unresolved,multimodal_needed,The shirt is black in color and is looser and black.,mbeir_images/fashioniq_images/B00EE0DVPI.jpg,7:68453,115,511,185,qwen3vl8b_vllm,qwen3vl8b_vllm,,0,0,0,0
5408,7:5409,composition_required,composition_required,multimodal_needed,Is darker and more edgy and is darker.,mbeir_images/fashioniq_images/B003VWLPLM.jpg,7:52910,3,64,849,gemini_embedding_2,rzen_embed,gme_qwen2vl_retriever_2,3,0,0,0
5409,7:5410,unresolved,unresolved,multimodal_needed,The shirt is black with a gray figure and is a black tee shirt.,mbeir_images/fashioniq_images/B00D9JWW1O.jpg,7:22100,24,756,307,mmembed,lamra,mmembed,0,0,0,0
5411,7:5412,composition_required,composition_required,multimodal_needed,The shirt is long sleeve and gray and has longer sleeves and buttons up.,mbeir_images/fashioniq_images/B003YJG5S0.jpg,7:59607,4,27,475,gme_qwen2vl_retriever_2,gemini_embedding_2,vlm2vec_v2,5,0,0,0
5414,7:5415,unresolved,unresolved,multimodal_needed,Has short sleeves and is blue and is lighter and has shorter sleeves.,mbeir_images/fashioniq_images/B006JW32N0.jpg,7:9624,769,535,18533,mmembed,lamra_qwen25vl,vlm2vec_v2,0,0,0,0
5415,7:5416,composition_required,composition_required,multimodal_needed,Not revealing with a zipper and is sleeveless and less traditional.,mbeir_images/fashioniq_images/B00C5AQHXW.jpg,7:39973,3,1238,90,lamra,voyage_multimodal_35,gemini_embedding_2,3,0,0,0
5416,7:5417,unresolved,unresolved,multimodal_needed,Is lighter and has shorter sleeves and is white with no graphic.,mbeir_images/fashioniq_images/B005TF7H9S.jpg,7:63721,958,17,28622,qwen3vl8b_vllm,qwen3vl2b_vllm,e5_omni,0,0,0,0
5417,7:5418,composition_required,composition_required,multimodal_needed,Is lighter and has front buttons and is cream with buttons.,mbeir_images/fashioniq_images/B007RBI9P8.jpg,7:8387,4,77,479,mmembed,gemini_embedding_2,,4,0,0,0
5418,7:5419,unresolved,unresolved,multimodal_needed,Has a longer sleeve and dress shirt attire and is blue with long sleeves.,mbeir_images/fashioniq_images/B00GABCAKG.jpg,7:40254,184,131,42660,e5_omni,e5_omni,e5_omni,0,0,0,0
5419,7:5420,unresolved,unresolved,multimodal_needed,Is shorter and lighter and has longer sleeves and is cropped with 3/4 length sleeves.,mbeir_images/fashioniq_images/B00G31733C.jpg,7:21399,63,124,555,gme_qwen2vl_retriever_2,gme_qwen2vl_retriever_2,mmembed,0,0,0,0
5420,7:5421,composition_required,composition_required,multimodal_needed,Has shorter sleeves and dark blue and is dark blue.,mbeir_images/fashioniq_images/B00C1187T2.jpg,7:66177,4,20,1700,lamra,voyage_multimodal_35,,2,0,0,0
5421,7:5422,composition_required,composition_required,multimodal_needed,Is blue and orange plaid and is less casual and more fun.,mbeir_images/fashioniq_images/B0045EPNF4.jpg,7:12033,2,140,232,lamra_qwen25vl,qwen3vl8b_vllm,qwen3vl2b_vllm,7,0,0,0
5424,7:5425,composition_required,composition_required,multimodal_needed,The long shirt is green and multi-colored and is green with a different pattern.,mbeir_images/fashioniq_images/B004F3NKGO.jpg,7:62956,3,16,109,gme_qwen2vl_retriever_2,lamra,,10,0,0,0
5426,7:5427,composition_required,composition_required,multimodal_needed,Is darker and monochrome and is a darker color.,mbeir_images/fashioniq_images/B00CP11HK4.jpg,7:49131,10,71,174,vlm2vec_v2,mmembed,gemini_embedding_2,1,0,0,0
5427,7:5428,unresolved,unresolved,multimodal_needed,Has long sleeves and is plain and has longer sleeves and no print.,mbeir_images/fashioniq_images/B00CIHR6BE.jpg,7:20273,22,318,9464,qwen3vl8b_vllm,gemini_embedding_2,voyage_multimodal_35,0,0,0,0
5429,7:5430,unresolved,unresolved,multimodal_needed,Is darker with no buttons and is a tank top.,mbeir_images/fashioniq_images/B007XPH5TO.jpg,7:10460,178,859,601,voyage_multimodal_35,lamra_qwen25vl,voyage_multimodal_35,0,0,0,0
5431,7:5432,composition_required,composition_required,multimodal_needed,The shirt is a tank top and is light gray in color and is more layered and casual.,mbeir_images/fashioniq_images/B002TNOCNW.jpg,7:37099,1,37,198,lamra_qwen25vl,qwen3vl2b_vllm,vlm2vec_v2,4,0,0,0
5432,7:5433,composition_required,composition_required,multimodal_needed,Has long sleeves and has longer sleeves.,mbeir_images/fashioniq_images/B0046VNAO2.jpg,7:70436,1,2014,11,lamra_qwen25vl,gemini_embedding_2,gemini_embedding_2,12,0,0,0
5433,7:5434,composition_required,composition_required,multimodal_needed,Is lighter and has longer sleeves and is pink.,mbeir_images/fashioniq_images/B009F3JJ2S.jpg,7:39666,3,157,761,gemini_embedding_2,voyage_multimodal_35,gemini_embedding_2,3,0,0,0
5434,7:5435,composition_required,composition_required,multimodal_needed,Is yellow with longer sleeves and is more yellow with longer sleeves.,mbeir_images/fashioniq_images/B00A3QDXKU.jpg,7:74095,8,121,900,mmembed,lamra,gemini_embedding_2,1,0,0,0
5436,7:5437,unresolved,unresolved,multimodal_needed,Is solid black and is darker coloured.,mbeir_images/fashioniq_images/B008P6Z0XI.jpg,7:41142,128,2176,263,qwen3vl8b_vllm,lamra_qwen25vl,qwen3vl8b_vllm,0,0,0,0
5437,7:5438,unresolved,unresolved,multimodal_needed,Is cheetah brown shirt and is more leopard print and darker.,mbeir_images/fashioniq_images/B007EEAA9Q.jpg,7:12043,15,113,786,lamra,e5_omni,qwen3vl8b_vllm,0,0,0,0
5438,7:5439,composition_required,composition_required,multimodal_needed,Is deeply black and has v neck and is burgundy color.,mbeir_images/fashioniq_images/B00387TSOG.jpg,7:37642,2,482,87,gemini_embedding_2,vlm2vec_v2,qwen3vl8b_vllm,5,0,0,0
5439,7:5440,unresolved,unresolved,multimodal_needed,Is dark blue colored and is darker in color.,mbeir_images/fashioniq_images/B00BT8UASO.jpg,7:35469,394,1314,5171,voyage_multimodal_35,lamra_qwen25vl,mmembed,0,0,0,0
5440,7:5441,unresolved,unresolved,multimodal_needed,Has a different print but is of the same design and has a dog and more words.,mbeir_images/fashioniq_images/B005VSPMEK.jpg,7:46243,14,48,1927,qwen3vl8b_vllm,qwen3vl8b_vllm,lamra_qwen25vl,0,0,0,0
5442,7:5443,unresolved,unresolved,multimodal_needed,Is white in color with no sleeves and is lighter and has shorter sleeves.,mbeir_images/fashioniq_images/B00CD8H0N2.jpg,7:3324,31,129,10742,lamra_qwen25vl,lamra_qwen25vl,lamra,0,0,0,0
5443,7:5444,unresolved,unresolved,multimodal_needed,Is more of a tank top and with no polka dots.,mbeir_images/fashioniq_images/B009HU9HN0.jpg,7:70041,31,287,2774,mmembed,e5_omni,mmembed,0,0,0,0
5444,7:5445,composition_required,composition_required,multimodal_needed,Is blue and more flowing and has a denser pattern and is more feminine.,mbeir_images/fashioniq_images/B00CRHEXMU.jpg,7:27835,1,85,12,gme_qwen2vl_retriever_2,lamra,vlm2vec_v2,10,0,0,0
5446,7:5447,unresolved,unresolved,multimodal_needed,The shirt is gray in color and is darker and has a simpler neck.,mbeir_images/fashioniq_images/B001D6Y466.jpg,7:55314,114,1758,258,e5_omni,qwen3vl8b_vllm,mmembed,0,0,0,0
5447,7:5448,unresolved,unresolved,multimodal_needed,Has longer sleeves and is shorter and has longer sleeves and a lighter pattern.,mbeir_images/fashioniq_images/B009YKBNJO.jpg,7:74178,39,4583,109,vlm2vec_v2,rzen_embed,e5_omni,0,0,0,0
5448,7:5449,unresolved,unresolved,multimodal_needed,Is black and has a different logo and is darker.,mbeir_images/fashioniq_images/B0046QRK6G.jpg,7:28608,1356,1698,12662,gme_qwen2vl_retriever_2,lamra,gemini_embedding_2,0,0,0,0
5449,7:5450,unresolved,unresolved,multimodal_needed,The shirt is black with white writing and has more white text.,mbeir_images/fashioniq_images/B008QQH4S6.jpg,7:59502,400,69,831,mmembed,mmembed,lamra,0,0,0,0
5452,7:5453,unresolved,unresolved,multimodal_needed,Is darker and has longer sleeves and black lacy neck.,mbeir_images/fashioniq_images/B004GECGL2.jpg,7:14082,173,498,4469,voyage_multimodal_35,mmembed,voyage_multimodal_35,0,0,0,0
5454,7:5455,composition_required,composition_required,multimodal_needed,Is long sleeve with a purple stripe design and is purple and white with longer sleeves.,mbeir_images/fashioniq_images/B00EJYNIDY.jpg,7:58382,3,138,33,qwen3vl2b_vllm,lamra_qwen25vl,voyage_multimodal_35,5,0,0,0
5459,7:5460,composition_required,composition_required,multimodal_needed,Has floral and color is black and is more patterened and less sleek.,mbeir_images/fashioniq_images/B005LCNXNS.jpg,7:68102,1,71,344,lamra,qwen3vl2b_vllm,vlm2vec_v2,10,0,0,0
5460,7:5461,unresolved,unresolved,multimodal_needed,Has a longer sleeve with one color and v neck with face graphics.,mbeir_images/fashioniq_images/B00FBQRX8U.jpg,7:27300,612,19765,219,e5_omni,lamra,voyage_multimodal_35,0,0,0,0
5464,7:5465,composition_required,composition_required,multimodal_needed,Is light blue and is a light blue with different graphic.,mbeir_images/fashioniq_images/B007MB2OAE.jpg,7:14868,1,156,107,qwen3vl2b_vllm,qwen3vl2b_vllm,qwen3vl2b_vllm,3,0,0,0
5465,7:5466,unresolved,unresolved,multimodal_needed,Is strapless and has a more subtle pattern and plaid.,mbeir_images/fashioniq_images/B00987K8EO.jpg,7:13791,65,38,5672,gme_qwen2vl_retriever_2,e5_omni,gme_qwen2vl_retriever_2,0,0,0,0
5466,7:5467,unresolved,unresolved,multimodal_needed,Has a longer sleeve with spots and is brown and has no sleeve.,mbeir_images/fashioniq_images/B00836H3JE.jpg,7:51859,29,184,1072,lamra_qwen25vl,gemini_embedding_2,mmembed,0,0,0,0
5467,7:5468,unresolved,unresolved,multimodal_needed,Is deeply grey and has logo and is grey with a pattern.,mbeir_images/fashioniq_images/B00DSS1KAK.jpg,7:36610,29,134,18664,lamra_qwen25vl,lamra_qwen25vl,gme_qwen2vl_retriever_2,0,0,0,0
5468,7:5469,composition_required,composition_required,multimodal_needed,Is darker with shorter sleeves and is soft black short sleeved.,mbeir_images/fashioniq_images/B0056L9QU8.jpg,7:36426,9,1609,30,lamra,gemini_embedding_2,mmembed,2,0,0,0
5471,7:5472,unresolved,unresolved,multimodal_needed,Is solid black and is black with no other colour.,mbeir_images/fashioniq_images/B00FIYMN9Y.jpg,7:60714,62,146,9420,mmembed,e5_omni,gemini_embedding_2,0,0,0,0
5472,7:5473,composition_required,composition_required,multimodal_needed,Has a cooler color and long sleeves and has longer sleeves.,mbeir_images/fashioniq_images/B008CISTR8.jpg,7:25245,6,520,349,rzen_embed,rzen_embed,gemini_embedding_2,4,0,0,0
5473,7:5474,composition_required,composition_required,multimodal_needed,Is violet colored and has shorter sleeves and has shorter sleeves and more purple.,mbeir_images/fashioniq_images/B00B7ALSVM.jpg,7:64700,4,127,185,mmembed,lamra,,3,0,0,0
5475,7:5476,unresolved,unresolved,multimodal_needed,Is a darker color and is much darker.,mbeir_images/fashioniq_images/B004KPD9JU.jpg,7:24774,284,13069,1135,lamra_qwen25vl,lamra_qwen25vl,vlm2vec_v2,0,0,0,0
5476,7:5477,unresolved,unresolved,multimodal_needed,Is longer and a tunic and has shorter sleeves.,mbeir_images/fashioniq_images/B00C8FZDCK.jpg,7:9053,16,22,143,vlm2vec_v2,voyage_multimodal_35,gme_qwen2vl_retriever_2,0,0,0,0
5477,7:5478,unresolved,unresolved,multimodal_needed,Is less fitted and darker and is black with image.,mbeir_images/fashioniq_images/B0018DWZJC.jpg,7:13193,119,222,4800,qwen3vl8b_vllm,gme_qwen2vl_retriever_2,mmembed,0,0,0,0
5478,7:5479,unresolved,unresolved,multimodal_needed,The mid capped  sleeved shirt is blue and white and has straps and is a darker color.,mbeir_images/fashioniq_images/B0085U64UM.jpg,7:27417,12,974,76,gemini_embedding_2,qwen3vl8b_vllm,gemini_embedding_2,0,0,0,0
5479,7:5480,composition_required,composition_required,multimodal_needed,Is darker and is darker.,mbeir_images/fashioniq_images/B0001TOLG4.jpg,7:54652,9,1268,234,lamra_qwen25vl,lamra_qwen25vl,gemini_embedding_2,2,0,0,0
5480,7:5481,unresolved,unresolved,multimodal_needed,Is more casual and less edugy and is less patterned and more business like.,mbeir_images/fashioniq_images/B005GI9BQ0.jpg,7:53696,984,1215,9188,lamra_qwen25vl,voyage_multimodal_35,lamra_qwen25vl,0,0,0,0
5484,7:5485,composition_required,composition_required,multimodal_needed,Has longer sleeves with multiple stripes and has longer sleeves and is more stylish.,mbeir_images/fashioniq_images/B0029PIERK.jpg,7:38572,8,303,995,rzen_embed,gme_qwen2vl_retriever_2,vlm2vec_v2,1,0,0,0
5485,7:5486,composition_required,composition_required,multimodal_needed,Has no sleeves but an upside down arch pattern and has two colors to it.,mbeir_images/fashioniq_images/B00AZ9G7X0.jpg,7:62192,1,36,13,lamra_qwen25vl,lamra_qwen25vl,,8,0,0,0
5486,7:5487,composition_required,composition_required,multimodal_needed,Is more patterned and more colorful and has more of a pattern to it.,mbeir_images/fashioniq_images/B0096HPTPE.jpg,7:60346,3,276,137,lamra_qwen25vl,lamra,,4,0,0,0
5487,7:5488,unresolved,unresolved,multimodal_needed,Is red and has long sleeves and is red with long sleeves.,mbeir_images/fashioniq_images/B00AYVKA0K.jpg,7:17280,13,41,4706,gme_qwen2vl_retriever_2,lamra_qwen25vl,,0,0,0,0
5488,7:5489,unresolved,unresolved,multimodal_needed,Has a different picture and has shorter sleeves and a different graphic.,mbeir_images/fashioniq_images/B008O566BK.jpg,7:16354,33,43,34,mmembed,lamra,mmembed,0,0,0,0
5492,7:5493,composition_required,composition_required,multimodal_needed,Is pink and has shorter sleeves and pink round neck fitted waist 3/4 sleeve.,mbeir_images/fashioniq_images/B00E80IR5I.jpg,7:4145,4,27,2320,qwen3vl8b_vllm,voyage_multimodal_35,qwen3vl2b_vllm,1,0,0,0
5494,7:5495,unresolved,unresolved,multimodal_needed,Is black with orange designs and more solid black with small logo.,mbeir_images/fashioniq_images/B004MNM91E.jpg,7:53224,33,31,92,gemini_embedding_2,voyage_multimodal_35,gme_qwen2vl_retriever_2,0,0,0,0
5496,7:5497,composition_required,composition_required,multimodal_needed,Is white and lacy and is a solid white tank.,mbeir_images/fashioniq_images/B006BOKB30.jpg,7:71978,5,23,226,qwen3vl8b_vllm,gme_qwen2vl_retriever_2,mmembed,3,0,0,0
5497,7:5498,unresolved,unresolved,multimodal_needed,Is white and has longer sleeves and is white colored and ahs longer sleeves.,mbeir_images/fashioniq_images/B0052RN92W.jpg,7:53312,1100,1631,14375,lamra_qwen25vl,lamra_qwen25vl,voyage_multimodal_35,0,0,0,0
5498,7:5499,composition_required,composition_required,multimodal_needed,The shirt has capped sleeves and is orange in color and desired item has multi-color stripes and lace back.,mbeir_images/fashioniq_images/B0041E10A0.jpg,7:26925,2,14,9586,lamra,gemini_embedding_2,,1,0,0,0
5499,7:5500,composition_required,composition_required,multimodal_needed,Is more patterned and fitted and is black and yellow and more revealing.,mbeir_images/fashioniq_images/B008CLI9C0.jpg,7:32609,1,617,66,gemini_embedding_2,gemini_embedding_2,qwen3vl8b_vllm,1,0,0,0
5500,7:5501,unresolved,unresolved,multimodal_needed,Is black colored and is darker.,mbeir_images/fashioniq_images/B007E67LT6.jpg,7:54638,14,2685,125,qwen3vl8b_vllm,lamra,qwen3vl8b_vllm,0,0,0,0
5501,7:5502,unresolved,unresolved,multimodal_needed,Is lighter and cooler and white with light pink stripes buttoned down v-neck.,mbeir_images/fashioniq_images/B008OGUW32.jpg,7:74224,11,94,2795,lamra,lamra,lamra,0,0,0,0
5503,7:5504,composition_required,composition_required,multimodal_needed,Is yellow with floral prints and is yellow with floral print.,mbeir_images/fashioniq_images/B00C93N0NA.jpg,7:45993,1,101,63,lamra,lamra,,9,0,0,0
5504,7:5505,unresolved,unresolved,multimodal_needed,The shirt is black and white in color and is more blousy and bigger pattern.,mbeir_images/fashioniq_images/B00BXXO4WI.jpg,7:2653,15,176,29,gemini_embedding_2,gemini_embedding_2,,0,0,0,0
5506,7:5507,composition_required,composition_required,multimodal_needed,Is more mature and has pink and is lighter more casual color.,mbeir_images/fashioniq_images/B008OGUW32.jpg,7:4832,7,302,258,lamra_qwen25vl,voyage_multimodal_35,qwen3vl2b_vllm,3,0,0,0
5507,7:5508,unresolved,unresolved,multimodal_needed,Is more flowing and less plain and is darker & looser.,mbeir_images/fashioniq_images/B00BSKNZSA.jpg,7:70302,208,2325,398,lamra,lamra,gemini_embedding_2,0,0,0,0
5509,7:5510,composition_required,composition_required,multimodal_needed,Is lighter and is light blue.,mbeir_images/fashioniq_images/B0058K6VF0.jpg,7:61653,7,360,55,lamra,gme_qwen2vl_retriever_2,voyage_multimodal_35,2,0,0,0
5512,7:5513,composition_required,composition_required,multimodal_needed,Is darker and is black fabric and has black buttons.,mbeir_images/fashioniq_images/B008N03XMQ.jpg,7:10466,3,61,104,gme_qwen2vl_retriever_2,vlm2vec_v2,gme_qwen2vl_retriever_2,4,0,0,0
5514,7:5515,unresolved,unresolved,multimodal_needed,Is white with black designs and has a complex pattern design.,mbeir_images/fashioniq_images/B00B96CBQA.jpg,7:3575,222,411,4004,vlm2vec_v2,gme_qwen2vl_retriever_2,mmembed,0,0,0,0
5517,7:5518,composition_required,composition_required,multimodal_needed,Has a short sleeve black color and is black with white text.,mbeir_images/fashioniq_images/B009HI8RII.jpg,7:50014,4,478,90,qwen3vl8b_vllm,gemini_embedding_2,qwen3vl8b_vllm,1,0,0,0
5520,7:5521,composition_required,composition_required,multimodal_needed,Is white with lace detail and is white and less revealing.,mbeir_images/fashioniq_images/B00522PGV4.jpg,7:35093,1,20,906,mmembed,qwen3vl8b_vllm,gemini_embedding_2,7,0,0,0
5521,7:5522,unresolved,unresolved,multimodal_needed,Is lighter and is black.,mbeir_images/fashioniq_images/B009YJUNGO.jpg,7:39177,184,1485,336,gme_qwen2vl_retriever_2,voyage_multimodal_35,lamra,0,0,0,0
5522,7:5523,unresolved,unresolved,multimodal_needed,Is less fitting and is pink and is less revealing and more trendy.,mbeir_images/fashioniq_images/B00FBPRWPA.jpg,7:66221,66,244,7242,lamra_qwen25vl,lamra,gemini_embedding_2,0,0,0,0
5523,7:5524,unresolved,unresolved,multimodal_needed,Has brown stripes and is longer sleeved and green.,mbeir_images/fashioniq_images/B00C4YP0YQ.jpg,7:56814,20,2140,583,gemini_embedding_2,gemini_embedding_2,,0,0,0,0
5524,7:5525,composition_required,composition_required,multimodal_needed,Has a short sleeve with art and text and is black with white letters and shorter sleeves.,mbeir_images/fashioniq_images/B0095YHVUY.jpg,7:52819,4,3932,65,lamra,rzen_embed,qwen3vl2b_vllm,2,0,0,0
5526,7:5527,unresolved,unresolved,multimodal_needed,Black shirt with writing and olive tee shirt with graphics and short sleeves.,mbeir_images/fashioniq_images/B00D7FABAO.jpg,7:8236,212,318,18201,lamra,lamra_qwen25vl,gme_qwen2vl_retriever_2,0,0,0,0
5527,7:5528,unresolved,unresolved,multimodal_needed,Is light pink colored and has shorter sleeves and has shorter sleeves and is flesh coloured.,mbeir_images/fashioniq_images/B0054QOMY0.jpg,7:42559,118,159,789,qwen3vl8b_vllm,lamra_qwen25vl,lamra,0,0,0,0
5528,7:5529,unresolved,unresolved,multimodal_needed,Is tighter gitting and dark and is darker in color.,mbeir_images/fashioniq_images/B00DCZSCUA.jpg,7:16145,1281,2767,3797,lamra,e5_omni,qwen3vl8b_vllm,0,0,0,0
5529,7:5530,unresolved,unresolved,multimodal_needed,Is sleeveless and more revealing and is a tank top.,mbeir_images/fashioniq_images/B006IJ9MXI.jpg,7:26587,11,175,455,lamra,voyage_multimodal_35,mmembed,0,0,0,0
5530,7:5531,unresolved,unresolved,multimodal_needed,The tank top is tight fitting and black and red in color and is less revealing.,mbeir_images/fashioniq_images/B0061M50AG.jpg,7:73394,5940,5661,3223,lamra_qwen25vl,lamra_qwen25vl,lamra_qwen25vl,0,0,0,0
5531,7:5532,composition_required,composition_required,multimodal_needed,Black sleeves are lace and has a more open neck and lacy arms.,mbeir_images/fashioniq_images/B00AKN42A6.jpg,7:42368,1,12,880,mmembed,voyage_multimodal_35,gme_qwen2vl_retriever_2,5,0,0,0
5532,7:5533,composition_required,composition_required,multimodal_needed,Has no sleeves and multiple colors and is colorful with shorter sleeves.,mbeir_images/fashioniq_images/B00BFL3XS4.jpg,7:63143,2,39,126,lamra,gemini_embedding_2,e5_omni,2,0,0,0
5534,7:5535,composition_required,composition_required,multimodal_needed,Is skinnier and is a woman's top.,mbeir_images/fashioniq_images/B000VTMHFG.jpg,7:56620,1,9547,15,gemini_embedding_2,gemini_embedding_2,rzen_embed,9,0,0,0
5535,7:5536,composition_required,composition_required,multimodal_needed,The shirt is long sleeved and white and it is white ad plain.,mbeir_images/fashioniq_images/B00BZSE6HY.jpg,7:58733,7,63,368,rzen_embed,rzen_embed,lamra,1,0,0,0
5537,7:5538,unresolved,unresolved,multimodal_needed,Is darker colored and is longer sleeved with more blue.,mbeir_images/fashioniq_images/B00AOOWRZI.jpg,7:67907,69,4383,76,rzen_embed,lamra,lamra_qwen25vl,0,0,0,0
5538,7:5539,unresolved,unresolved,multimodal_needed,Is more green and is green with longer sleeves and lacy hem.,mbeir_images/fashioniq_images/B0093PJJLO.jpg,7:47891,12,43,1895,mmembed,mmembed,,0,0,0,0
5539,7:5540,unresolved,unresolved,multimodal_needed,Is brighter and more casual and studded purse.,mbeir_images/fashioniq_images/B00ADYWYXY.jpg,7:49687,223,4056,822,lamra_qwen25vl,gemini_embedding_2,voyage_multimodal_35,0,0,0,0
5542,7:5543,composition_required,composition_required,multimodal_needed,Different color and cut no buttons and is white and yellow with no straps.,mbeir_images/fashioniq_images/B008VDQHZU.jpg,7:39363,1,27,16,e5_omni,lamra_qwen25vl,gemini_embedding_2,6,0,0,0
5543,7:5544,composition_required,composition_required,multimodal_needed,Is green and long sleeved and has longer sleeves and more buttons.,mbeir_images/fashioniq_images/B007OZIXJO.jpg,7:22687,2,45,53,e5_omni,gme_qwen2vl_retriever_2,mmembed,10,0,0,0
5545,7:5546,unresolved,unresolved,multimodal_needed,Has short sleeves and is black and is darker and sleeveless.,mbeir_images/fashioniq_images/B007738INY.jpg,7:33019,82,543,17300,lamra,mmembed,gemini_embedding_2,0,0,0,0
5546,7:5547,unresolved,unresolved,multimodal_needed,Is dark grey with longer sleeves and gray mid-sleeve.,mbeir_images/fashioniq_images/B008Y7BHM6.jpg,7:61593,28,26,4510,qwen3vl8b_vllm,qwen3vl8b_vllm,voyage_multimodal_35,0,0,0,0
5547,7:5548,unresolved,unresolved,multimodal_needed,Is black with yellow designs and has a tighter neckline.,mbeir_images/fashioniq_images/B00A3Q3QAM.jpg,7:65058,483,100,49322,qwen3vl8b_vllm,gemini_embedding_2,lamra,0,0,0,0
5549,7:5550,composition_required,composition_required,multimodal_needed,Is black with blue designs and has a sequined graphic and is a darker color.,mbeir_images/fashioniq_images/B003EACZ9M.jpg,7:6629,3,12,3574,e5_omni,qwen3vl8b_vllm,gemini_embedding_2,8,0,0,0
5552,7:5553,unresolved,unresolved,multimodal_needed,Is white and more flowy and is white and flowy.,mbeir_images/fashioniq_images/B007O3US12.jpg,7:13127,40,44,2155,lamra,qwen3vl2b_vllm,gemini_embedding_2,0,0,0,0
5555,7:5556,unresolved,unresolved,multimodal_needed,Has short sleeves and has short sleeves.,mbeir_images/fashioniq_images/B002518SN8.jpg,7:20102,270,1387,3958,qwen3vl8b_vllm,gme_qwen2vl_retriever_2,vlm2vec_v2,0,0,0,0
5557,7:5558,composition_required,composition_required,multimodal_needed,Is more edgy and masculine and it has sleeves and it is tight.,mbeir_images/fashioniq_images/B00B8C4KK0.jpg,7:25708,9,1383,21,gme_qwen2vl_retriever_2,mmembed,gme_qwen2vl_retriever_2,1,0,0,0
5559,7:5560,unresolved,unresolved,multimodal_needed,Has larger graphic and is less solid and is black colored.,mbeir_images/fashioniq_images/B009VMVAU2.jpg,7:49986,1162,1734,12621,qwen3vl2b_vllm,qwen3vl2b_vllm,gemini_embedding_2,0,0,0,0
5561,7:5562,unresolved,unresolved,multimodal_needed,Is lighter and has longer sleeves and is plaid with longer sleeves.,mbeir_images/fashioniq_images/B00CTA4DSO.jpg,7:16633,24,84,9504,lamra_qwen25vl,lamra,gemini_embedding_2,0,0,0,0
5562,7:5563,unresolved,unresolved,multimodal_needed,Is more fitted and lacy and is less blousey and more revealing.,mbeir_images/fashioniq_images/B00EV6BXVO.jpg,7:46244,319,557,7557,qwen3vl2b_vllm,gme_qwen2vl_retriever_2,qwen3vl2b_vllm,0,0,0,0
5563,7:5564,unresolved,unresolved,multimodal_needed,It is a black shirt with no sleeves and has no sleeves and is black.,mbeir_images/fashioniq_images/B007M7B28I.jpg,7:57993,245,1833,1208,rzen_embed,lamra_qwen25vl,vlm2vec_v2,0,0,0,0
5564,7:5565,composition_required,composition_required,multimodal_needed,Is more wordy and darker and is black with a smaller similar graphic.,mbeir_images/fashioniq_images/B007PUOJAU.jpg,7:12062,9,8585,24,lamra,lamra,gme_qwen2vl_retriever_2,1,0,0,0
5565,7:5566,unresolved,unresolved,multimodal_needed,Is a t-shirt and has shorter sleeves.,mbeir_images/fashioniq_images/B004SWI1G6.jpg,7:64333,2186,1531,22141,lamra,gme_qwen2vl_retriever_2,gme_qwen2vl_retriever_2,0,0,0,0
5571,7:5572,unresolved,unresolved,multimodal_needed,Has a black background and is black with a different logo.,mbeir_images/fashioniq_images/B00AZ01658.jpg,7:55924,784,2489,1924,lamra_qwen25vl,gme_qwen2vl_retriever_2,e5_omni,0,0,0,0
5572,7:5573,composition_required,composition_required,multimodal_needed,Is purple and fitted and is purple.,mbeir_images/fashioniq_images/B0084S6I4C.jpg,7:62241,9,20,4121,vlm2vec_v2,vlm2vec_v2,gemini_embedding_2,1,0,0,0
5573,7:5574,unresolved,unresolved,multimodal_needed,Is a white and is white and more colorful.,mbeir_images/fashioniq_images/B00B0YM9V8.jpg,7:39589,20,391,502,lamra,e5_omni,e5_omni,0,0,0,0
5574,7:5575,composition_required,composition_required,multimodal_needed,Has long sleeves and longer sleeves with more open neck.,mbeir_images/fashioniq_images/B00480IRIU.jpg,7:4153,5,131,42,rzen_embed,gme_qwen2vl_retriever_2,rzen_embed,1,0,0,0
5576,7:5577,unresolved,unresolved,multimodal_needed,The capped sleeve shirt is white and is white colored with a looser bottom.,mbeir_images/fashioniq_images/B006ZUDD1C.jpg,7:27466,204,12,3818,gemini_embedding_2,voyage_multimodal_35,lamra_qwen25vl,0,0,0,0
5578,7:5579,unresolved,unresolved,multimodal_needed,Is more colorful and larger logo and looser neck line.,mbeir_images/fashioniq_images/B0074QH1GO.jpg,7:2175,21,3179,54,qwen3vl8b_vllm,lamra_qwen25vl,lamra_qwen25vl,0,0,0,0
5579,7:5580,unresolved,unresolved,multimodal_needed,Is darker and is blue and more revleaing.,mbeir_images/fashioniq_images/B005EY7GC2.jpg,7:24632,768,315,3854,mmembed,e5_omni,lamra_qwen25vl,0,0,0,0
5582,7:5583,unresolved,unresolved,multimodal_needed,Is more edgy and sexy and is black with no buttons.,mbeir_images/fashioniq_images/B00CQKVVXC.jpg,7:50609,104,365,7135,e5_omni,voyage_multimodal_35,gemini_embedding_2,0,0,0,0
5583,7:5584,unresolved,unresolved,multimodal_needed,Has a graphic design and is darker and has bolder font.,mbeir_images/fashioniq_images/B006VJXGAU.jpg,7:49676,255,1509,251,rzen_embed,vlm2vec_v2,gemini_embedding_2,0,0,0,0
5586,7:5587,composition_required,composition_required,multimodal_needed,Is pink and is red and purple of color.,mbeir_images/fashioniq_images/B00DCZSCUA.jpg,7:55742,2,395,106,lamra,mmembed,,2,0,0,0
5587,7:5588,composition_required,composition_required,multimodal_needed,Is green and is darker & has a fitted look.,mbeir_images/fashioniq_images/B002EO85OS.jpg,7:56705,5,15,40,vlm2vec_v2,lamra,,4,0,0,0
5590,7:5591,composition_required,composition_required,multimodal_needed,Is more colorful and shorter sleeves and is more floral and shorter sleeves.,mbeir_images/fashioniq_images/B004WSJVRY.jpg,7:30052,1,132,47,qwen3vl2b_vllm,lamra_qwen25vl,e5_omni,7,0,0,0
5593,7:5594,unresolved,unresolved,multimodal_needed,Is black with writing and is darker and less feminine.,mbeir_images/fashioniq_images/B001R63KMQ.jpg,7:65419,693,545,3369,qwen3vl8b_vllm,gemini_embedding_2,qwen3vl2b_vllm,0,0,0,0
5595,7:5596,unresolved,unresolved,multimodal_needed,Is darker and has longer sleeves and has blue floral print and has sleeves.,mbeir_images/fashioniq_images/B005I4KNX2.jpg,7:32688,81,498,2641,lamra,e5_omni,vlm2vec_v2,0,0,0,0
5598,7:5599,unresolved,unresolved,multimodal_needed,Is darker and has buttons on it.,mbeir_images/fashioniq_images/B004I8WBQG.jpg,7:32093,93,1590,773,lamra,e5_omni,lamra,0,0,0,0
5599,7:5600,unresolved,unresolved,multimodal_needed,Has longer sleeves with a floral pattern and is less shirty and more flowing.,mbeir_images/fashioniq_images/B002DGRTNU.jpg,7:57831,204,170,8572,lamra,gemini_embedding_2,,0,0,0,0
5600,7:5601,composition_required,composition_required,multimodal_needed,Is black with blue front stripes and has stripe graphic design.,mbeir_images/fashioniq_images/B00AU3Q8DK.jpg,7:7219,2,14,11,lamra,gemini_embedding_2,lamra,8,0,0,0
5601,7:5602,unresolved,unresolved,multimodal_needed,Is black with polka dots and is darker.,mbeir_images/fashioniq_images/B00980K5X0.jpg,7:68946,23,673,579,e5_omni,e5_omni,e5_omni,0,0,0,0
5602,7:5603,unresolved,unresolved,multimodal_needed,Has bit longer sleeves and color is yellow and is yellow in color.,mbeir_images/fashioniq_images/B002IN0LK6.jpg,7:60438,879,729,20802,gme_qwen2vl_retriever_2,lamra,gemini_embedding_2,0,0,0,0
5603,7:5604,unresolved,unresolved,multimodal_needed,Is pinker and longer and is more wordy and more casual.,mbeir_images/fashioniq_images/B007T8HCPW.jpg,7:23929,20,140,598,rzen_embed,gemini_embedding_2,lamra,0,0,0,0
5605,7:5606,composition_required,composition_required,multimodal_needed,Has shorter sleeves and is a louder color and is lighter and has shorter sleeves.,mbeir_images/fashioniq_images/B00BB9UBNU.jpg,7:71476,1,481,246,voyage_multimodal_35,gemini_embedding_2,gemini_embedding_2,1,0,0,0
5606,7:5607,unresolved,unresolved,multimodal_needed,Has longer sleeves and is more geometric and a solid darker color and has shorter sleeves.,mbeir_images/fashioniq_images/B00CD5NHMI.jpg,7:57045,53,47,8028,voyage_multimodal_35,gme_qwen2vl_retriever_2,voyage_multimodal_35,0,0,0,0
5611,7:5612,composition_required,composition_required,multimodal_needed,Has longer sleeves with a different graphic and has more colors to it.,mbeir_images/fashioniq_images/B00DP5ZIX6.jpg,7:32037,10,1237,82,lamra_qwen25vl,gemini_embedding_2,qwen3vl2b_vllm,1,0,0,0
5614,7:5615,unresolved,unresolved,multimodal_needed,Is less flowing and is darker in color and is black and shorter sleeved.,mbeir_images/fashioniq_images/B0030K9KPS.jpg,7:73311,10007,2631,8622,mmembed,lamra,mmembed,0,0,0,0
5616,7:5617,unresolved,unresolved,multimodal_needed,Is lighter and is lighter in color.,mbeir_images/fashioniq_images/B00CEZJLUE.jpg,7:4604,236,35,691,lamra_qwen25vl,vlm2vec_v2,lamra_qwen25vl,0,0,0,0
5618,7:5619,unresolved,unresolved,multimodal_needed,Sleeveless and more fitted and is more fitted and frilly collared.,mbeir_images/fashioniq_images/B007T4AUO6.jpg,7:29712,11,225,1991,lamra,lamra,gemini_embedding_2,0,0,0,0
5619,7:5620,unresolved,unresolved,multimodal_needed,Is a lighter green and is more form fitting and has shorter sleeves.,mbeir_images/fashioniq_images/B0064SLGDW.jpg,7:46502,1217,1781,637,mmembed,voyage_multimodal_35,mmembed,0,0,0,0
5620,7:5621,composition_required,composition_required,multimodal_needed,Its a greenish long dress and is a long blue dress.,mbeir_images/fashioniq_images/B008QW7RWS.jpg,7:15977,5,43,7811,lamra,qwen3vl2b_vllm,e5_omni,1,0,0,0
5621,7:5622,unresolved,unresolved,multimodal_needed,Is grey colored and has sleeves and has longer sleeves and is grey and white.,mbeir_images/fashioniq_images/B009MMJFFS.jpg,7:7431,229,2288,4515,rzen_embed,gemini_embedding_2,rzen_embed,0,0,0,0
5622,7:5623,composition_required,composition_required,multimodal_needed,Is two toned and dark and has two colors to it.,mbeir_images/fashioniq_images/B0040JHGO0.jpg,7:73529,4,130,305,qwen3vl8b_vllm,qwen3vl2b_vllm,,3,0,0,0
5623,7:5624,composition_required,composition_required,multimodal_needed,The shirt is sleeveless and low cut and black in color and is more revealing and shorter.,mbeir_images/fashioniq_images/B00B7ETMLG.jpg,7:2072,7,110,120,lamra,rzen_embed,qwen3vl2b_vllm,2,0,0,0
5624,7:5625,composition_required,composition_required,multimodal_needed,It has a floral print and long sleeves and has longer sleeves and is leopard print.,mbeir_images/fashioniq_images/B00361FLMC.jpg,7:39655,5,11,8512,e5_omni,rzen_embed,voyage_multimodal_35,2,0,0,0
5625,7:5626,unresolved,unresolved,multimodal_needed,Has no strips on it and is black with yellow text.,mbeir_images/fashioniq_images/B00AYO9A3A.jpg,7:32765,196,133,16125,mmembed,lamra,gme_qwen2vl_retriever_2,0,0,0,0
5626,7:5627,composition_required,composition_required,multimodal_needed,Is green  with longer sleeves and is a long sleeved olive shirt.,mbeir_images/fashioniq_images/B00COQ5O9K.jpg,7:40828,1,12,2416,lamra,qwen3vl8b_vllm,gemini_embedding_2,10,0,0,0
5627,7:5628,composition_required,composition_required,multimodal_needed,Is black with a flower and is black sleeveless.,mbeir_images/fashioniq_images/B003BVK410.jpg,7:48364,6,689,733,lamra,lamra_qwen25vl,voyage_multimodal_35,1,0,0,0
5628,7:5629,unresolved,unresolved,multimodal_needed,Is more colorful and has no sleeves and more bold with no sleeves.,mbeir_images/fashioniq_images/B00BUL8VJA.jpg,7:40111,80,274,1666,mmembed,qwen3vl8b_vllm,gemini_embedding_2,0,0,0,0
5630,7:5631,composition_required,composition_required,multimodal_needed,Is more revealing and is sleeveless and gray.,mbeir_images/fashioniq_images/B008OPRRQI.jpg,7:39137,6,59,302,gme_qwen2vl_retriever_2,lamra,gemini_embedding_2,3,0,0,0
5631,7:5632,unresolved,unresolved,multimodal_needed,Is orange with long sleeves and has a v neck and long sleeves.,mbeir_images/fashioniq_images/B008YDERGI.jpg,7:46940,88,356,2477,gme_qwen2vl_retriever_2,rzen_embed,gemini_embedding_2,0,0,0,0
5633,7:5634,unresolved,unresolved,multimodal_needed,Has a v neck and is darker.,mbeir_images/fashioniq_images/B003HIWK7S.jpg,7:63018,128,96,1759,voyage_multimodal_35,voyage_multimodal_35,rzen_embed,0,0,0,0
5637,7:5638,unresolved,unresolved,multimodal_needed,The short is long sleeve and white and the desired item is white with long sleeves.,mbeir_images/fashioniq_images/B00AG2Z2ZU.jpg,7:72436,45,177,6760,gemini_embedding_2,gme_qwen2vl_retriever_2,gemini_embedding_2,0,0,0,0
5639,7:5640,composition_required,composition_required,multimodal_needed,The shirt is white with the Union Jack Flag and is lighter.,mbeir_images/fashioniq_images/B009BHFGKC.jpg,7:13134,6,12,82,lamra_qwen25vl,lamra_qwen25vl,vlm2vec_v2,1,0,0,0
5641,7:5642,composition_required,composition_required,multimodal_needed,The shirt is tight fitting and blue in color and has longer sleeves and blue colored.,mbeir_images/fashioniq_images/B0051SM8SS.jpg,7:33524,1,53,109,lamra,lamra,,6,0,0,0
5642,7:5643,composition_required,composition_required,multimodal_needed,Is dark blue colored and it is blue.,mbeir_images/fashioniq_images/B00CAAKD3M.jpg,7:18450,9,820,266,lamra_qwen25vl,e5_omni,gemini_embedding_2,1,0,0,0
5643,7:5644,composition_required,composition_required,multimodal_needed,Has one sleeve and is more feminine and exposes one shoulder.,mbeir_images/fashioniq_images/B005TGOCYK.jpg,7:10777,5,11,15894,qwen3vl8b_vllm,voyage_multimodal_35,lamra_qwen25vl,2,0,0,0
5644,7:5645,unresolved,unresolved,multimodal_needed,Is purple and is purple.,mbeir_images/fashioniq_images/B00FR621O0.jpg,7:23595,33,558,2425,lamra,lamra,voyage_multimodal_35,0,0,0,0
5645,7:5646,composition_required,composition_required,multimodal_needed,The shirt is short sleeved and blue in color and is darker and has longer sleeves.,mbeir_images/fashioniq_images/B0058K7LBS.jpg,7:694,4,1038,1853,lamra,qwen3vl8b_vllm,vlm2vec_v2,3,0,0,0
5646,7:5647,composition_required,composition_required,multimodal_needed,Is lighter in color with shorter sleeves and is a white short sleeve scoop neck.,mbeir_images/fashioniq_images/B0063AHHHA.jpg,7:23192,7,54,1183,lamra,lamra,,1,0,0,0
5649,7:5650,unresolved,unresolved,multimodal_needed,Has a shorter sleeve but brighter color and is lighter in color.,mbeir_images/fashioniq_images/B004I75LNM.jpg,7:70675,450,2426,63,vlm2vec_v2,qwen3vl8b_vllm,mmembed,0,0,0,0
5652,7:5653,composition_required,composition_required,multimodal_needed,The loose fitting jersey shirt is gray in color and is shiny grey and has long sleeve.,mbeir_images/fashioniq_images/B007NE48KE.jpg,7:50172,5,311,406,mmembed,lamra_qwen25vl,gemini_embedding_2,2,0,0,0
5653,7:5654,unresolved,unresolved,multimodal_needed,Is darker and is black colored with font graphic design.,mbeir_images/fashioniq_images/B00945QZJM.jpg,7:49620,292,384,1259,lamra,gme_qwen2vl_retriever_2,qwen3vl8b_vllm,0,0,0,0
5654,7:5655,unresolved,unresolved,multimodal_needed,A badge and white with scoop neck and tulip sleeves.,mbeir_images/fashioniq_images/B006WAP98U.jpg,7:8295,4706,584,21809,mmembed,mmembed,lamra,0,0,0,0
5655,7:5656,unresolved,unresolved,multimodal_needed,Is darker and navy with smaller graphics.,mbeir_images/fashioniq_images/B002CJ5LAQ.jpg,7:23230,22,221,773,lamra_qwen25vl,lamra_qwen25vl,gemini_embedding_2,0,0,0,0
5656,7:5657,unresolved,unresolved,multimodal_needed,Has a longer sleeve with stripes and has longer sleeves and is red.,mbeir_images/fashioniq_images/B0074QH1GO.jpg,7:70872,27,56,18027,rzen_embed,gme_qwen2vl_retriever_2,,0,0,0,0
5657,7:5658,unresolved,unresolved,multimodal_needed,Has more colors and long sleeve and has a flower paatern.,mbeir_images/fashioniq_images/B006GHSP6C.jpg,7:30312,11,127,716,e5_omni,e5_omni,gemini_embedding_2,0,0,0,0
5659,7:5660,unresolved,unresolved,multimodal_needed,Is girl cut with different words and it is black.,mbeir_images/fashioniq_images/B00C99PYQK.jpg,7:57488,85,52,1082,vlm2vec_v2,qwen3vl8b_vllm,qwen3vl8b_vllm,0,0,0,0
5660,7:5661,composition_required,composition_required,multimodal_needed,Is lighter and has tie at the hem and is looser.,mbeir_images/fashioniq_images/B00E8DA258.jpg,7:44624,7,61,2040,lamra,gemini_embedding_2,,1,0,0,0
5661,7:5662,unresolved,unresolved,multimodal_needed,Has no sleeves and is burgundy and floral and dark color.,mbeir_images/fashioniq_images/B00DQX1YLM.jpg,7:15350,17,36,13465,mmembed,mmembed,e5_omni,0,0,0,0
5662,7:5663,unresolved,unresolved,multimodal_needed,Is long sleeved with black color and has holes.,mbeir_images/fashioniq_images/B00B55ME9E.jpg,7:67466,15,632,1442,gemini_embedding_2,qwen3vl8b_vllm,gemini_embedding_2,0,0,0,0
5663,7:5664,unresolved,unresolved,multimodal_needed,Is white and less sporty and is white with lower collar.,mbeir_images/fashioniq_images/B005MVACSM.jpg,7:21822,117,334,1770,gme_qwen2vl_retriever_2,qwen3vl2b_vllm,,0,0,0,0
5665,7:5666,composition_required,composition_required,multimodal_needed,Has longer sleeves and a different pattern and has longer sleeves.,mbeir_images/fashioniq_images/B007TV73QC.jpg,7:26511,9,637,14,vlm2vec_v2,e5_omni,e5_omni,2,0,0,0
5666,7:5667,composition_required,composition_required,multimodal_needed,The shirt is long and white and is all white.,mbeir_images/fashioniq_images/B004XFX3H0.jpg,7:26821,1,210,11,gme_qwen2vl_retriever_2,qwen3vl8b_vllm,lamra,10,0,0,0
5667,7:5668,unresolved,unresolved,multimodal_needed,Is darker and is black colored.,mbeir_images/fashioniq_images/B002UNLYPK.jpg,7:3174,89,2231,1617,mmembed,gemini_embedding_2,vlm2vec_v2,0,0,0,0
5669,7:5670,composition_required,composition_required,multimodal_needed,Is white and more frilly and is white with ruffles.,mbeir_images/fashioniq_images/B00EYIOCIA.jpg,7:31993,7,95,1722,lamra,rzen_embed,gemini_embedding_2,2,0,0,0
5672,7:5673,unresolved,unresolved,multimodal_needed,Is solid black with long sleeves and is darker in color.,mbeir_images/fashioniq_images/B007M7B28I.jpg,7:691,59,118,7199,e5_omni,lamra_qwen25vl,vlm2vec_v2,0,0,0,0
5673,7:5674,unresolved,unresolved,multimodal_needed,Is gray and has a round neck and is gray with shorter sleeves.,mbeir_images/fashioniq_images/B008NF7N5E.jpg,7:57891,408,421,17306,lamra_qwen25vl,gemini_embedding_2,lamra_qwen25vl,0,0,0,0
5674,7:5675,unresolved,unresolved,multimodal_needed,Is a lighter blue with sleeves and striped & green.,mbeir_images/fashioniq_images/B005LM5D0E.jpg,7:46834,415,228,1850,lamra_qwen25vl,gme_qwen2vl_retriever_2,qwen3vl8b_vllm,0,0,0,0
5675,7:5676,unresolved,unresolved,multimodal_needed,Has a colorful print and it is darker and it had more print on it.,mbeir_images/fashioniq_images/B00CBSGXTQ.jpg,7:5093,15,254,84,gme_qwen2vl_retriever_2,qwen3vl2b_vllm,gme_qwen2vl_retriever_2,0,0,0,0
5677,7:5678,unresolved,unresolved,multimodal_needed,Sleeveless and has a collar and has short sleeves and less draping.,mbeir_images/fashioniq_images/B00836H3JE.jpg,7:28685,374,6694,114,rzen_embed,gme_qwen2vl_retriever_2,mmembed,0,0,0,0
5678,7:5679,unresolved,unresolved,multimodal_needed,Only has an image and has a V neck and is more pink.,mbeir_images/fashioniq_images/B0001TP406.jpg,7:15566,1243,7252,1055,,,voyage_multimodal_35,0,0,0,0
5682,7:5683,composition_required,composition_required,multimodal_needed,Has longer sleeves with a picture and is lighter shade of grey with graphic image in front.,mbeir_images/fashioniq_images/B008I7A07U.jpg,7:43352,1,89,99,gme_qwen2vl_retriever_2,lamra_qwen25vl,qwen3vl8b_vllm,7,0,0,0
5683,7:5684,unresolved,unresolved,multimodal_needed,Is more masculine and is lighter.,mbeir_images/fashioniq_images/B00CBSGXTQ.jpg,7:64581,1313,7577,6586,lamra_qwen25vl,lamra_qwen25vl,,0,0,0,0
5684,7:5685,unresolved,unresolved,multimodal_needed,Is red with no lettering and vertical stripe alternating print.,mbeir_images/fashioniq_images/B001HBKGB4.jpg,7:64904,230,508,16921,lamra,lamra,e5_omni,0,0,0,0
5685,7:5686,unresolved,unresolved,multimodal_needed,Has shorter sleeves and is tighter and is lighter and has shorter sleeves.,mbeir_images/fashioniq_images/B004G0A72G.jpg,7:41958,2376,503,12155,lamra,gemini_embedding_2,,0,0,0,0
5686,7:5687,composition_required,composition_required,multimodal_needed,Is more revealing and more colors and is teal.,mbeir_images/fashioniq_images/B00CYP43U2.jpg,7:35370,5,35,346,e5_omni,voyage_multimodal_35,mmembed,1,0,0,0
5688,7:5689,unresolved,unresolved,multimodal_needed,The shirt is white in color and tight fitting and is white and less revealing.,mbeir_images/fashioniq_images/B00AFEKXXA.jpg,7:57907,60,18,7161,lamra_qwen25vl,lamra_qwen25vl,,0,0,0,0
5689,7:5690,composition_required,composition_required,multimodal_needed,Is pink and white stripes and red/white striped half sleeved blouse.,mbeir_images/fashioniq_images/B0085J2S6C.jpg,7:50011,2,21,246,gme_qwen2vl_retriever_2,voyage_multimodal_35,lamra,5,0,0,0
5690,7:5691,composition_required,composition_required,multimodal_needed,Is longer and fuller iwith dark print and is darker.,mbeir_images/fashioniq_images/B008TWBPR8.jpg,7:27072,8,259,2260,gme_qwen2vl_retriever_2,gemini_embedding_2,mmembed,1,0,0,0
5695,7:5696,composition_required,composition_required,multimodal_needed,The shirt is loose fitting with red and white stripes and it is red and stripped.,mbeir_images/fashioniq_images/B00C3CU92C.jpg,7:13274,8,22,5698,lamra,qwen3vl8b_vllm,gemini_embedding_2,1,0,0,0
5698,7:5699,composition_required,composition_required,multimodal_needed,The short sleeved shirt is green in color with white writing and is more of a green color and looser.,mbeir_images/fashioniq_images/B008UALEK2.jpg,7:47441,1,235,282,mmembed,gemini_embedding_2,mmembed,5,0,0,0
5699,7:5700,unresolved,unresolved,multimodal_needed,Has longer sleeves and is grey and purple and has long sleeve and is dark grey color.,mbeir_images/fashioniq_images/B0089HEOHG.jpg,7:45848,151,11,28225,qwen3vl8b_vllm,gme_qwen2vl_retriever_2,gemini_embedding_2,0,0,0,0
5700,7:5701,composition_required,composition_required,multimodal_needed,Has a different graphic and is more blue in colour and has a feminine cut and blue.,mbeir_images/fashioniq_images/B005E0TR32.jpg,7:41406,1,21,61,gme_qwen2vl_retriever_2,gme_qwen2vl_retriever_2,,8,0,0,0
5701,7:5702,unresolved,unresolved,multimodal_needed,Is darker and less revealing and has buttons.,mbeir_images/fashioniq_images/B0064XXI42.jpg,7:4670,588,1860,13975,rzen_embed,lamra,gemini_embedding_2,0,0,0,0
5705,7:5706,unresolved,unresolved,multimodal_needed,Is less revealing and has a text print on it and has more text and has sleeves.,mbeir_images/fashioniq_images/B00AZXM5QY.jpg,7:63279,734,219,22461,lamra,mmembed,lamra,0,0,0,0
5706,7:5707,composition_required,composition_required,multimodal_needed,Is white and is long sleeve white color.,mbeir_images/fashioniq_images/B00F56HN22.jpg,7:30281,2,91,21,vlm2vec_v2,qwen3vl2b_vllm,,2,0,0,0
5711,7:5712,unresolved,unresolved,multimodal_needed,Is darker colored with sleeves and is darker and shinier.,mbeir_images/fashioniq_images/B00AU8BR5O.jpg,7:66661,16,49,2794,lamra_qwen25vl,mmembed,voyage_multimodal_35,0,0,0,0
5714,7:5715,unresolved,unresolved,multimodal_needed,Is black and more colorful for the graphic and black with different graphic.,mbeir_images/fashioniq_images/B001HBKGB4.jpg,7:26020,327,737,9184,lamra_qwen25vl,gme_qwen2vl_retriever_2,,0,0,0,0
5715,7:5716,composition_required,composition_required,multimodal_needed,Has small straps and is more revealingg and has spaghetti straps and is black and white.,mbeir_images/fashioniq_images/B00BBI9NIU.jpg,7:60058,4,42,1266,gemini_embedding_2,gme_qwen2vl_retriever_2,gemini_embedding_2,1,0,0,0
5716,7:5717,unresolved,unresolved,multimodal_needed,Is darker and is brown with different collar.,mbeir_images/fashioniq_images/B0030K9KPS.jpg,7:61210,18,1396,238,qwen3vl8b_vllm,qwen3vl8b_vllm,,0,0,0,0
5717,7:5718,unresolved,unresolved,multimodal_needed,The shirt has short sleeves red in color and is white in color and is red in color.,mbeir_images/fashioniq_images/B001COZV98.jpg,7:36725,59,30,4944,qwen3vl8b_vllm,lamra,gemini_embedding_2,0,0,0,0
5720,7:5721,composition_required,composition_required,multimodal_needed,Is red and black striped and is bolder and striped.,mbeir_images/fashioniq_images/B008J9Z6YY.jpg,7:52947,5,29,1712,lamra_qwen25vl,rzen_embed,voyage_multimodal_35,4,0,0,0
5721,7:5722,unresolved,unresolved,multimodal_needed,Is lighter and has longer sleeves and a lighter color.,mbeir_images/fashioniq_images/B00BQOYCF8.jpg,7:70626,140,703,1052,voyage_multimodal_35,voyage_multimodal_35,,0,0,0,0
5723,7:5724,unresolved,unresolved,multimodal_needed,Has short sleeves and is darker colored and has longer sleeves and black and red design.,mbeir_images/fashioniq_images/B008NF7N5E.jpg,7:26178,164,1963,203,,lamra,,0,0,0,0
5724,7:5725,unresolved,unresolved,multimodal_needed,Is darker and has longer sleeves and is blue and has long sleeves.,mbeir_images/fashioniq_images/B0075622PS.jpg,7:43805,533,502,10062,lamra,gemini_embedding_2,voyage_multimodal_35,0,0,0,0
5725,7:5726,composition_required,composition_required,multimodal_needed,Is gray with no stripes and has more of a v-neck collar.,mbeir_images/fashioniq_images/B004I5BDKY.jpg,7:73393,1,83,404,qwen3vl8b_vllm,lamra,qwen3vl8b_vllm,5,0,0,0
5726,7:5727,composition_required,composition_required,multimodal_needed,Is more flowing and pink and is solid pink.,mbeir_images/fashioniq_images/B009W4OV0U.jpg,7:16489,8,442,1187,voyage_multimodal_35,vlm2vec_v2,voyage_multimodal_35,1,0,0,0
5727,7:5728,composition_required,composition_required,multimodal_needed,Is darker colored and is darker in color.,mbeir_images/fashioniq_images/B0053GG7JY.jpg,7:8890,6,2787,94,qwen3vl2b_vllm,qwen3vl8b_vllm,,2,0,0,0
5728,7:5729,composition_required,composition_required,multimodal_needed,Is darker and is a lighter color and is more sporty.,mbeir_images/fashioniq_images/B006SF8D3M.jpg,7:3710,3,1951,83,voyage_multimodal_35,voyage_multimodal_35,lamra,1,0,0,0
5729,7:5730,unresolved,unresolved,multimodal_needed,Is grey and has a different graphic and a black womens cut tshirt.,mbeir_images/fashioniq_images/B00AA1RC0A.jpg,7:25584,12,29,40,lamra,lamra,gemini_embedding_2,0,0,0,0
5730,7:5731,composition_required,composition_required,multimodal_needed,Has black trim and longer sleeves and is wider.,mbeir_images/fashioniq_images/B0096I9KZS.jpg,7:13338,1,37,225,qwen3vl2b_vllm,qwen3vl8b_vllm,mmembed,5,0,0,0
5732,7:5733,unresolved,unresolved,multimodal_needed,Has shorter sleeves and is more casual and is a tee shirt with star-and-circle graphic.,mbeir_images/fashioniq_images/B008PUGRYK.jpg,7:40194,188,48,17030,qwen3vl8b_vllm,qwen3vl8b_vllm,gemini_embedding_2,0,0,0,0
5733,7:5734,unresolved,unresolved,multimodal_needed,Is white with no sleeves and is sleeveless and white.,mbeir_images/fashioniq_images/B006ZU804C.jpg,7:9482,130,21,1846,lamra_qwen25vl,qwen3vl8b_vllm,qwen3vl8b_vllm,0,0,0,0
5734,7:5735,unresolved,unresolved,multimodal_needed,Is black and has text on it and is black with words.,mbeir_images/fashioniq_images/B008IGIO7Y.jpg,7:6744,463,428,23332,lamra_qwen25vl,lamra_qwen25vl,gemini_embedding_2,0,0,0,0
5736,7:5737,unresolved,unresolved,multimodal_needed,Gray tee black logo and has more grey.,mbeir_images/fashioniq_images/B00EB5QEIC.jpg,7:64139,87,271,23215,qwen3vl2b_vllm,qwen3vl2b_vllm,qwen3vl2b_vllm,0,0,0,0
5737,7:5738,unresolved,unresolved,multimodal_needed,Is a gray t-shirt with a logo and is darker gray & has longer sleeves.,mbeir_images/fashioniq_images/B00EB5QEIC.jpg,7:14908,144,1354,24757,qwen3vl2b_vllm,qwen3vl2b_vllm,qwen3vl2b_vllm,0,0,0,0
5738,7:5739,composition_required,composition_required,multimodal_needed,Is yellow and is yellow colored and has sleeves.,mbeir_images/fashioniq_images/B00B9OQ1YA.jpg,7:22201,3,58,374,gme_qwen2vl_retriever_2,lamra,qwen3vl8b_vllm,3,0,0,0
5739,7:5740,composition_required,composition_required,multimodal_needed,Has longer sleeves and light blue color and has long sleeves and is blue.,mbeir_images/fashioniq_images/B007OZIXJO.jpg,7:3208,1,41,25,gemini_embedding_2,gme_qwen2vl_retriever_2,,10,0,0,0
5743,7:5744,composition_required,composition_required,multimodal_needed,The shirt is black in color and is all black with image.,mbeir_images/fashioniq_images/B007Z224PA.jpg,7:53985,8,891,138,qwen3vl8b_vllm,gemini_embedding_2,qwen3vl8b_vllm,2,0,0,0
5744,7:5745,unresolved,unresolved,multimodal_needed,Is white with a v-neck and is white with long sleeves.,mbeir_images/fashioniq_images/B008KRDRF0.jpg,7:25390,71,143,3498,lamra,lamra,,0,0,0,0
5745,7:5746,unresolved,unresolved,multimodal_needed,Is black with a different image and is a darker color.,mbeir_images/fashioniq_images/B000QX3LDE.jpg,7:71456,20,160,327,gme_qwen2vl_retriever_2,qwen3vl2b_vllm,rzen_embed,0,0,0,0
5746,7:5747,unresolved,unresolved,multimodal_needed,Is a male t shirt and has a graphic.,mbeir_images/fashioniq_images/B00C5NMEPE.jpg,7:65183,2002,745,34354,lamra_qwen25vl,lamra_qwen25vl,lamra,0,0,0,0
5747,7:5748,unresolved,unresolved,multimodal_needed,Is more formal and is long sleeved gray and black plaid.,mbeir_images/fashioniq_images/B003IKOOTW.jpg,7:43430,65,822,4642,rzen_embed,gme_qwen2vl_retriever_2,gemini_embedding_2,0,0,0,0
5749,7:5750,unresolved,unresolved,multimodal_needed,Is black with skull designs and sleeves.,mbeir_images/fashioniq_images/B00DS0TDAW.jpg,7:60453,60,25,839,lamra,mmembed,qwen3vl2b_vllm,0,0,0,0
5750,7:5751,unresolved,unresolved,multimodal_needed,Is lighter and less wordy and is a white tshirt.,mbeir_images/fashioniq_images/B007N92BIU.jpg,7:69684,20,113,105,mmembed,e5_omni,voyage_multimodal_35,0,0,0,0
5752,7:5753,composition_required,composition_required,multimodal_needed,Is burgancy and is burgundy red.,mbeir_images/fashioniq_images/B00BJYIR9C.jpg,7:72591,8,315,767,lamra_qwen25vl,qwen3vl8b_vllm,gemini_embedding_2,1,0,0,0
5753,7:5754,unresolved,unresolved,multimodal_needed,Is black and has shorter sleeves and is a black t-shirt with red logo.,mbeir_images/fashioniq_images/B006G3BRRK.jpg,7:17291,164,118,61029,lamra_qwen25vl,qwen3vl8b_vllm,lamra,0,0,0,0
5754,7:5755,unresolved,unresolved,multimodal_needed,The shirt is loose and brown in color and is animal print.,mbeir_images/fashioniq_images/B00DPUP016.jpg,7:50957,40,15,11282,rzen_embed,gemini_embedding_2,gemini_embedding_2,0,0,0,0
5758,7:5759,composition_required,composition_required,multimodal_needed,Orange tshirt regular lenth with logs and is orange with a different graphic.,mbeir_images/fashioniq_images/B00BX4K30Y.jpg,7:43106,1,78,129,gme_qwen2vl_retriever_2,lamra,lamra,5,0,0,0
5760,7:5761,unresolved,unresolved,multimodal_needed,Has holes in the short sleeves and is darker and it has a short sleeve and has no collar.,mbeir_images/fashioniq_images/B006TCJTUK.jpg,7:42095,55,31,6023,gemini_embedding_2,qwen3vl8b_vllm,,0,0,0,0
5761,7:5762,composition_required,composition_required,multimodal_needed,Is blue colored and has more blue.,mbeir_images/fashioniq_images/B007MB2OAE.jpg,7:56933,8,1078,16,lamra_qwen25vl,lamra_qwen25vl,qwen3vl2b_vllm,3,0,0,0
5762,7:5763,composition_required,composition_required,multimodal_needed,Is blue with pink designs and has a blue and red colorful print that is similar.,mbeir_images/fashioniq_images/B008NDWPP4.jpg,7:21775,10,72,120,gemini_embedding_2,lamra_qwen25vl,qwen3vl8b_vllm,1,0,0,0
5763,7:5764,unresolved,unresolved,multimodal_needed,Is much darker and is black with white logo.,mbeir_images/fashioniq_images/B001LV9ZQM.jpg,7:16862,109,7091,317,rzen_embed,lamra_qwen25vl,qwen3vl2b_vllm,0,0,0,0
5765,7:5766,unresolved,unresolved,multimodal_needed,Is black with white designs and it is more black with a white print.,mbeir_images/fashioniq_images/B0063GHGVG.jpg,7:4249,12,574,103,qwen3vl8b_vllm,qwen3vl8b_vllm,qwen3vl8b_vllm,0,0,0,0
5766,7:5767,unresolved,unresolved,multimodal_needed,Is more graphic and less wordy and is orange colored.,mbeir_images/fashioniq_images/B0076ANQXA.jpg,7:35238,12,17,1529,qwen3vl8b_vllm,lamra,,0,0,0,0
5768,7:5769,composition_required,composition_required,multimodal_needed,Has a collar and is a polo.,mbeir_images/fashioniq_images/B000OBSH0A.jpg,7:20733,1,365,14,lamra,qwen3vl2b_vllm,lamra,4,0,0,0
5770,7:5771,composition_required,composition_required,multimodal_needed,Is lighter and is white.,mbeir_images/fashioniq_images/B00A13FSRQ.jpg,7:65735,7,226,95,lamra,gme_qwen2vl_retriever_2,lamra,1,0,0,0
5771,7:5772,unresolved,unresolved,multimodal_needed,Is black with short sleeves and has longer sleeves and is black.,mbeir_images/fashioniq_images/B008I2HMXA.jpg,7:4537,412,301,4632,lamra,gemini_embedding_2,mmembed,0,0,0,0
5772,7:5773,unresolved,unresolved,multimodal_needed,Has longer sleeves and color is less blue and has buttoned front and has double pockets.,mbeir_images/fashioniq_images/B0081P9UPC.jpg,7:40126,24,157,10612,rzen_embed,e5_omni,e5_omni,0,0,0,0
5773,7:5774,unresolved,unresolved,multimodal_needed,Has longer sleeves and is less colorful and has raglan sleeves and solid-gray front.,mbeir_images/fashioniq_images/B00E6793SS.jpg,7:46047,74,90,8590,lamra,lamra,lamra_qwen25vl,0,0,0,0
5774,7:5775,unresolved,unresolved,multimodal_needed,Is navy blue color with white color art and is black with a star on front.,mbeir_images/fashioniq_images/B008X0EEUQ.jpg,7:21781,258,17,34721,qwen3vl8b_vllm,lamra_qwen25vl,gme_qwen2vl_retriever_2,0,0,0,0
5782,7:5783,unresolved,unresolved,multimodal_needed,Has a darker blue and is more blousy and flowing.,mbeir_images/fashioniq_images/B00BSKNZSA.jpg,7:65302,16,197,899,gme_qwen2vl_retriever_2,qwen3vl8b_vllm,gemini_embedding_2,0,0,0,0
5783,7:5784,composition_required,composition_required,multimodal_needed,Has longer sleeves and is less wordy and is white colored.,mbeir_images/fashioniq_images/B00CORRYVK.jpg,7:70889,3,11,2047,rzen_embed,gemini_embedding_2,voyage_multimodal_35,2,0,0,0
5785,7:5786,unresolved,unresolved,multimodal_needed,Is darker and has blue color to it.,mbeir_images/fashioniq_images/B005I4KNX2.jpg,7:71525,462,2586,4011,mmembed,gme_qwen2vl_retriever_2,lamra,0,0,0,0
5787,7:5788,composition_required,composition_required,multimodal_needed,Is purple with white designs and is purple with white text.,mbeir_images/fashioniq_images/B00GISBRL4.jpg,7:63812,4,31,16,qwen3vl8b_vllm,vlm2vec_v2,,5,0,0,0
5788,7:5789,unresolved,unresolved,multimodal_needed,The shirt is gray with a floral design and is lighter in color.,mbeir_images/fashioniq_images/B002Y6MLEQ.jpg,7:72635,61,132,117,lamra_qwen25vl,lamra_qwen25vl,gemini_embedding_2,0,0,0,0
5790,7:5791,composition_required,composition_required,multimodal_needed,Is plainer and darker colored and gray scoop neck with no zipper.,mbeir_images/fashioniq_images/B007GRPJ5Q.jpg,7:35729,1,16,272,gme_qwen2vl_retriever_2,gme_qwen2vl_retriever_2,,8,0,0,0
5791,7:5792,unresolved,unresolved,multimodal_needed,Has off-shoulder and color is black and is more revealing and is black.,mbeir_images/fashioniq_images/B00DNR2OCO.jpg,7:17894,34,776,127,vlm2vec_v2,mmembed,qwen3vl8b_vllm,0,0,0,0
5792,7:5793,unresolved,unresolved,multimodal_needed,I want something that I can relax in and fell comforty and white and blue plaid design.,mbeir_images/fashioniq_images/B003BVK410.jpg,7:71549,382,4164,474,lamra,gemini_embedding_2,mmembed,0,0,0,0
5794,7:5795,unresolved,unresolved,multimodal_needed,Is black wit blue writing and has a blue graphic on it.,mbeir_images/fashioniq_images/B00CTVFMME.jpg,7:50150,773,181,25038,gemini_embedding_2,gemini_embedding_2,gemini_embedding_2,0,0,0,0
5795,7:5796,unresolved,unresolved,multimodal_needed,Has longer sleeves and darker colored and is darker and more lacey.,mbeir_images/fashioniq_images/B00D02G23O.jpg,7:36822,24,62,1266,voyage_multimodal_35,mmembed,qwen3vl8b_vllm,0,0,0,0
5796,7:5797,composition_required,composition_required,multimodal_needed,Has a more modest neckline and is pink and is pink.,mbeir_images/fashioniq_images/B003EACZ9M.jpg,7:73042,1,41,147,gme_qwen2vl_retriever_2,qwen3vl2b_vllm,voyage_multimodal_35,7,0,0,0
5797,7:5798,composition_required,composition_required,multimodal_needed,Is red with white lettering and has a red tone to it.,mbeir_images/fashioniq_images/B000VX6TAG.jpg,7:8217,9,82,1848,gme_qwen2vl_retriever_2,lamra_qwen25vl,qwen3vl8b_vllm,2,0,0,0
5800,7:5801,unresolved,unresolved,multimodal_needed,Is lighter and blue.,mbeir_images/fashioniq_images/B00BPEWGTS.jpg,7:37906,183,19549,29,gme_qwen2vl_retriever_2,lamra,qwen3vl2b_vllm,0,0,0,0
5801,7:5802,composition_required,composition_required,multimodal_needed,Short sleeves lighter pink and is lighter pink with shorter sleeves.,mbeir_images/fashioniq_images/B0081ZS0DU.jpg,7:22221,2,1195,16,gme_qwen2vl_retriever_2,qwen3vl8b_vllm,gemini_embedding_2,4,0,0,0
5802,7:5803,composition_required,composition_required,multimodal_needed,Is darker and is darker colored with longer sleeves.,mbeir_images/fashioniq_images/B005NY5YMC.jpg,7:47788,1,835,17,qwen3vl2b_vllm,gme_qwen2vl_retriever_2,e5_omni,8,0,0,0
5803,7:5804,composition_required,composition_required,multimodal_needed,Has sleeves and has text on it and has text on it.,mbeir_images/fashioniq_images/B00BSKZEWK.jpg,7:7298,5,171,3692,lamra,lamra,mmembed,2,0,0,0
5804,7:5805,unresolved,unresolved,multimodal_needed,Is more blue and billowy and is lighter and has shorter sleeves.,mbeir_images/fashioniq_images/B00BIPLT6K.jpg,7:34954,31,79,3751,rzen_embed,voyage_multimodal_35,vlm2vec_v2,0,0,0,0
5805,7:5806,composition_required,composition_required,multimodal_needed,Is a dress and is orange with dark accents.,mbeir_images/fashioniq_images/B00B67AV6O.jpg,7:31080,4,66,128,lamra_qwen25vl,qwen3vl8b_vllm,mmembed,4,0,0,0
5806,7:5807,unresolved,unresolved,multimodal_needed,Is striped and sweetheart.,mbeir_images/fashioniq_images/B00B8QSUCA.jpg,7:34601,120,68,3432,lamra,qwen3vl2b_vllm,voyage_multimodal_35,0,0,0,0
5807,7:5808,unresolved,unresolved,multimodal_needed,Is blue and more fitted and is a dark blue tank style.,mbeir_images/fashioniq_images/B00BBW68OS.jpg,7:12510,39,58,9173,lamra_qwen25vl,qwen3vl2b_vllm,e5_omni,0,0,0,0
5808,7:5809,unresolved,unresolved,multimodal_needed,Is a long sleeved and solid black long sleeved shirt.,mbeir_images/fashioniq_images/B003RW60ES.jpg,7:51924,143,744,1970,gemini_embedding_2,lamra_qwen25vl,gemini_embedding_2,0,0,0,0
5809,7:5810,composition_required,composition_required,multimodal_needed,Is lighter and has shorter sleeves and it has no sleeve and less tight.,mbeir_images/fashioniq_images/B00BNMTGEA.jpg,7:11089,8,2030,1058,mmembed,gme_qwen2vl_retriever_2,gemini_embedding_2,1,0,0,0
5810,7:5811,composition_required,composition_required,multimodal_needed,Is lighter and has longer sleeves and has long sleeves with floral patterns.,mbeir_images/fashioniq_images/B006J4H356.jpg,7:37271,1,26,2576,gme_qwen2vl_retriever_2,voyage_multimodal_35,gemini_embedding_2,7,0,0,0
5811,7:5812,unresolved,unresolved,multimodal_needed,Is lighter and has longer sleeves and has shorter sleeves and buttons.,mbeir_images/fashioniq_images/B00CDAZWV2.jpg,7:50115,1201,1760,2218,lamra_qwen25vl,lamra_qwen25vl,voyage_multimodal_35,0,0,0,0
5812,7:5813,composition_required,composition_required,multimodal_needed,Is less revealing and brighter in color and is a white tank top.,mbeir_images/fashioniq_images/B000VCWJIS.jpg,7:39859,2,20,1854,rzen_embed,qwen3vl8b_vllm,voyage_multimodal_35,2,0,0,0
5813,7:5814,unresolved,unresolved,multimodal_needed,Is black colored and less revealing and is black colored and crew neck.,mbeir_images/fashioniq_images/B002IN0LK6.jpg,7:32966,1064,1787,13264,gemini_embedding_2,gemini_embedding_2,gemini_embedding_2,0,0,0,0
5814,7:5815,composition_required,composition_required,multimodal_needed,Has short sleeves and is paisley and is very light colored.,mbeir_images/fashioniq_images/B0058Z62OA.jpg,7:34709,3,21,2684,qwen3vl2b_vllm,gemini_embedding_2,,3,0,0,0
5815,7:5816,unresolved,unresolved,multimodal_needed,Has no sleeves with two different color patterns and is less casual and more patterned.,mbeir_images/fashioniq_images/B004SH9SAE.jpg,7:70633,121,885,1559,gemini_embedding_2,gemini_embedding_2,lamra,0,0,0,0
5816,7:5817,unresolved,unresolved,multimodal_needed,Is tighter fitting and less slutty and is orange and longer.,mbeir_images/fashioniq_images/B000GHI4V4.jpg,7:47092,94,93,2075,vlm2vec_v2,qwen3vl2b_vllm,gme_qwen2vl_retriever_2,0,0,0,0
5817,7:5818,unresolved,unresolved,multimodal_needed,Lighter colors and has a scoop neck with shorter sleeves and shorter sleeve less revealing more pink.,mbeir_images/fashioniq_images/B0083QFABC.jpg,7:51670,210,5765,126,vlm2vec_v2,vlm2vec_v2,gme_qwen2vl_retriever_2,0,0,0,0
5819,7:5820,composition_required,composition_required,multimodal_needed,Is brown and is dark brown.,mbeir_images/fashioniq_images/B0045ZH0AO.jpg,7:59126,6,56,18,lamra,gemini_embedding_2,qwen3vl8b_vllm,4,0,0,0
5820,7:5821,composition_required,composition_required,multimodal_needed,Has longer sleeves and round neck and longer sleeves darker blue no buttons.,mbeir_images/fashioniq_images/B005DA4P3A.jpg,7:61805,7,20,295,rzen_embed,rzen_embed,lamra,2,0,0,0
5821,7:5822,composition_required,composition_required,multimodal_needed,Has a darker brown color and is purple.,mbeir_images/fashioniq_images/B006Z8GQAE.jpg,7:37703,1,214,20,gemini_embedding_2,e5_omni,,10,0,0,0
5822,7:5823,unresolved,unresolved,multimodal_needed,Is lighter and has shorter sleeves and has more green.,mbeir_images/fashioniq_images/B004S36V0I.jpg,7:58970,74,40,1085,lamra_qwen25vl,lamra,lamra_qwen25vl,0,0,0,0
5824,7:5825,unresolved,unresolved,multimodal_needed,Is more flowing and less casual and has shorter sleeves.,mbeir_images/fashioniq_images/B00FQUAV9E.jpg,7:54065,214,15,1956,vlm2vec_v2,rzen_embed,gme_qwen2vl_retriever_2,0,0,0,0
5827,7:5828,unresolved,unresolved,multimodal_needed,Is less sheer and less feminine and is more plain and buttons up the front.,mbeir_images/fashioniq_images/B003TA8T9W.jpg,7:29949,468,772,5448,qwen3vl8b_vllm,qwen3vl8b_vllm,mmembed,0,0,0,0
5828,7:5829,composition_required,composition_required,multimodal_needed,Has red color and off-shoulder and shorter sleeves.,mbeir_images/fashioniq_images/B00AQ46LIU.jpg,7:31436,1,345,175,lamra,rzen_embed,gemini_embedding_2,2,0,0,0
5830,7:5831,unresolved,unresolved,multimodal_needed,Is less casual and has buttons and long sleeve button up shirt with collar.,mbeir_images/fashioniq_images/B00B9OQ1YA.jpg,7:43080,38,938,8290,gemini_embedding_2,gme_qwen2vl_retriever_2,e5_omni,0,0,0,0
5831,7:5832,composition_required,composition_required,multimodal_needed,Has no sleeves and is more form fitting and is more pink colored.,mbeir_images/fashioniq_images/B00GOIAM4Q.jpg,7:48396,1,16,3694,rzen_embed,gme_qwen2vl_retriever_2,,4,0,0,0
5833,7:5834,unresolved,unresolved,multimodal_needed,The shirt is black with the batman logo and shorter sleeves black.,mbeir_images/fashioniq_images/B0050SRP2S.jpg,7:72658,22,22,47,lamra,gemini_embedding_2,,0,0,0,0
5835,7:5836,composition_required,composition_required,multimodal_needed,Is black colored and has longer sleeves and is black and lacy.,mbeir_images/fashioniq_images/B008BHS9H0.jpg,7:61219,2,23,328,mmembed,qwen3vl8b_vllm,,1,0,0,0
5837,7:5838,unresolved,unresolved,multimodal_needed,Is yellow and has no sleeves.,mbeir_images/fashioniq_images/B00AQO0N0M.jpg,7:44604,23,173,1632,lamra_qwen25vl,lamra_qwen25vl,gemini_embedding_2,0,0,0,0
5839,7:5840,unresolved,unresolved,multimodal_needed,Is tighter fitting and plain and is grey with short sleeves.,mbeir_images/fashioniq_images/B00BBI9NIU.jpg,7:48507,21,43,1199,gme_qwen2vl_retriever_2,gme_qwen2vl_retriever_2,rzen_embed,0,0,0,0
5840,7:5841,unresolved,unresolved,multimodal_needed,The shirt is black with white lettering and it is black.,mbeir_images/fashioniq_images/B0014EW1ZS.jpg,7:16170,471,122,2946,gemini_embedding_2,gemini_embedding_2,vlm2vec_v2,0,0,0,0
5841,7:5842,unresolved,unresolved,multimodal_needed,The tank top is yellow and white in color and has shorter sleeves & darker print.,mbeir_images/fashioniq_images/B0052CHM9S.jpg,7:39465,95,209,403,voyage_multimodal_35,voyage_multimodal_35,,0,0,0,0
5842,7:5843,composition_required,composition_required,multimodal_needed,Its blue and bigger colar and is lighter colored and more professional.,mbeir_images/fashioniq_images/B00265PFKC.jpg,7:2538,2,74,119,qwen3vl2b_vllm,qwen3vl8b_vllm,gemini_embedding_2,6,0,0,0
5843,7:5844,unresolved,unresolved,multimodal_needed,Has longer sleeves and is black in color and is black with longer sleeves.,mbeir_images/fashioniq_images/B006MJNKAK.jpg,7:57611,1272,1780,16280,lamra,lamra,vlm2vec_v2,0,0,0,0
5844,7:5845,unresolved,unresolved,multimodal_needed,Is red colored and has longer sleeves and has longer sleeves and is a heavier fabric.,mbeir_images/fashioniq_images/B004P5P1I2.jpg,7:56911,208,150,4229,mmembed,lamra,mmembed,0,0,0,0
5845,7:5846,unresolved,unresolved,multimodal_needed,Is longer and has thicker straps and is more square and less athletic.,mbeir_images/fashioniq_images/B003A6NYSG.jpg,7:36260,2195,250,7201,mmembed,mmembed,mmembed,0,0,0,0
5846,7:5847,composition_required,composition_required,multimodal_needed,Is black with no sleeves and is black in color and sleevless.,mbeir_images/fashioniq_images/B00F62JQEI.jpg,7:25730,9,465,1726,gme_qwen2vl_retriever_2,gme_qwen2vl_retriever_2,,1,0,0,0
5848,7:5849,unresolved,unresolved,multimodal_needed,Is black and white striped and is shorter and is black and white with longer sleeves.,mbeir_images/fashioniq_images/B002YF05M2.jpg,7:52677,106,201,17366,qwen3vl2b_vllm,lamra,,0,0,0,0
5854,7:5855,unresolved,unresolved,multimodal_needed,The baggy shirt is light pink in color and has long sleeves and higher neckline.,mbeir_images/fashioniq_images/B005GIF2JA.jpg,7:9369,271,98,9702,lamra,vlm2vec_v2,e5_omni,0,0,0,0
5855,7:5856,composition_required,composition_required,multimodal_needed,It more colorful and is purple and more flowy.,mbeir_images/fashioniq_images/B008J9Z6YY.jpg,7:32998,6,626,1758,lamra_qwen25vl,qwen3vl2b_vllm,voyage_multimodal_35,1,0,0,0
5856,7:5857,unresolved,unresolved,multimodal_needed,Is lighter and has shorter sleeves and has brighter colors.,mbeir_images/fashioniq_images/B008X2PJRG.jpg,7:73965,34,4144,215,lamra,qwen3vl8b_vllm,vlm2vec_v2,0,0,0,0
5857,7:5858,composition_required,composition_required,multimodal_needed,Is white with blue patterns and blue.,mbeir_images/fashioniq_images/B005UG7PJ8.jpg,7:24511,1,185,32,lamra_qwen25vl,voyage_multimodal_35,voyage_multimodal_35,6,0,0,0
5858,7:5859,composition_required,composition_required,multimodal_needed,Is lighter in color and has more flowery floral patterns and is white colored with floral pattern.,mbeir_images/fashioniq_images/B005KNCFL4.jpg,7:50706,3,32,140,mmembed,lamra_qwen25vl,qwen3vl8b_vllm,5,0,0,0
5859,7:5860,composition_required,composition_required,multimodal_needed,White and no sleeves and is white and has shorter sleeves.,mbeir_images/fashioniq_images/B008QW03K6.jpg,7:60788,1,131,2130,gme_qwen2vl_retriever_2,lamra_qwen25vl,gemini_embedding_2,5,0,0,0
5860,7:5861,composition_required,composition_required,multimodal_needed,Is striped and less colorful and is striped and black.,mbeir_images/fashioniq_images/B008SCHF7I.jpg,7:17114,1,60,519,gme_qwen2vl_retriever_2,rzen_embed,gemini_embedding_2,8,0,0,0
5861,7:5862,unresolved,unresolved,multimodal_needed,The tank top is mostly black with yellow and is a tank top and sexier.,mbeir_images/fashioniq_images/B00F6Y9P2Y.jpg,7:15804,232,76,41251,gemini_embedding_2,qwen3vl2b_vllm,voyage_multimodal_35,0,0,0,0
5864,7:5865,unresolved,unresolved,multimodal_needed,Is a navy blue and is less font and more graphics.,mbeir_images/fashioniq_images/B009ZKLETC.jpg,7:66061,258,416,2140,lamra,lamra,qwen3vl2b_vllm,0,0,0,0
5865,7:5866,composition_required,composition_required,multimodal_needed,Is green and has more green.,mbeir_images/fashioniq_images/B0055B67XI.jpg,7:23445,1,240,13,gemini_embedding_2,lamra_qwen25vl,qwen3vl2b_vllm,11,0,0,0
5867,7:5868,composition_required,composition_required,multimodal_needed,Is sleeveless and dark colored and has no sleeves and a flowered design.,mbeir_images/fashioniq_images/B00BM0V36C.jpg,7:14208,1,166,754,e5_omni,qwen3vl8b_vllm,vlm2vec_v2,9,0,0,0
5868,7:5869,unresolved,unresolved,multimodal_needed,Has no sleeves with buttons and floral print and is lighter and has shorter sleeves.,mbeir_images/fashioniq_images/B0026QR15I.jpg,7:36897,56,59,23181,qwen3vl8b_vllm,gemini_embedding_2,voyage_multimodal_35,0,0,0,0
5870,7:5871,composition_required,composition_required,multimodal_needed,Has stripes and a scoop neck and is striped and crew necked.,mbeir_images/fashioniq_images/B00CSBEWBW.jpg,7:41609,4,25,233,lamra,lamra,voyage_multimodal_35,1,0,0,0
5873,7:5874,composition_required,composition_required,multimodal_needed,It has longer sleeves and is longer sleeved.,mbeir_images/fashioniq_images/B0054LI386.jpg,7:34168,10,1008,713,voyage_multimodal_35,voyage_multimodal_35,rzen_embed,1,0,0,0
5875,7:5876,composition_required,composition_required,multimodal_needed,The shirt has an animal print and has large dunner and is brown color.,mbeir_images/fashioniq_images/B008OGUW32.jpg,7:3574,1,81,157,rzen_embed,voyage_multimodal_35,qwen3vl2b_vllm,8,0,0,0
5879,7:5880,unresolved,unresolved,multimodal_needed,Is lighter and is a man's shirt with design print and no collar.,mbeir_images/fashioniq_images/B004S2QS9I.jpg,7:26787,1217,2080,17808,qwen3vl8b_vllm,qwen3vl8b_vllm,mmembed,0,0,0,0
5880,7:5881,unresolved,unresolved,multimodal_needed,Has bit longer sleeves and white color and has more white and more graphics.,mbeir_images/fashioniq_images/B00730YVFA.jpg,7:48005,428,1331,584,gemini_embedding_2,lamra_qwen25vl,qwen3vl2b_vllm,0,0,0,0
5881,7:5882,unresolved,unresolved,multimodal_needed,Is black with higher neck and is less revealing.,mbeir_images/fashioniq_images/B007TXUHAY.jpg,7:29013,113,1378,395,e5_omni,e5_omni,rzen_embed,0,0,0,0
5884,7:5885,unresolved,unresolved,multimodal_needed,Is black with a different logo and is darker nd has weds.,mbeir_images/fashioniq_images/B009ZGQ0F4.jpg,7:48887,82,6384,151,,mmembed,,0,0,0,0
5885,7:5886,unresolved,unresolved,multimodal_needed,Is a long sleeve black shirt and has a lower neckline.,mbeir_images/fashioniq_images/B0059LBD1A.jpg,7:20115,108,312,333,e5_omni,voyage_multimodal_35,lamra,0,0,0,0
5886,7:5887,composition_required,composition_required,multimodal_needed,Is black and more revealing and is darker in color.,mbeir_images/fashioniq_images/B007M7B28I.jpg,7:74090,4,297,3129,lamra_qwen25vl,lamra_qwen25vl,qwen3vl8b_vllm,1,0,0,0
5887,7:5888,composition_required,composition_required,multimodal_needed,Has a darker color and is darker shades with more words.,mbeir_images/fashioniq_images/B008EMP6UK.jpg,7:24869,6,116,738,lamra_qwen25vl,vlm2vec_v2,qwen3vl2b_vllm,2,0,0,0
5888,7:5889,composition_required,composition_required,multimodal_needed,More revealing and is brighter and speggati strap white lntament under shirt.,mbeir_images/fashioniq_images/B00B1VGOG6.jpg,7:30714,1,11,185,lamra,lamra,vlm2vec_v2,1,0,0,0
5890,7:5891,composition_required,composition_required,multimodal_needed,Is a dress with shorter sleeves and is long length with 3/4 sleeve.,mbeir_images/fashioniq_images/B008MJAZF6.jpg,7:218,10,459,150,rzen_embed,gemini_embedding_2,gme_qwen2vl_retriever_2,1,0,0,0
5892,7:5893,unresolved,unresolved,multimodal_needed,The shirt is black with a skull and is longer sleeved with a different logo.,mbeir_images/fashioniq_images/B0038G0YXQ.jpg,7:31236,226,219,4851,lamra,mmembed,lamra,0,0,0,0
5893,7:5894,unresolved,unresolved,multimodal_needed,Is blue with long sleeves and is blue with long sleeves.,mbeir_images/fashioniq_images/B00BTK5KBE.jpg,7:29027,361,136,3511,lamra,qwen3vl8b_vllm,gemini_embedding_2,0,0,0,0
5894,7:5895,unresolved,unresolved,multimodal_needed,Is lighter shaded and has a lighter colored floral print.,mbeir_images/fashioniq_images/B00A8FDF0Y.jpg,7:56492,43,91,833,qwen3vl2b_vllm,e5_omni,gemini_embedding_2,0,0,0,0
5897,7:5898,composition_required,composition_required,multimodal_needed,Is red colored and image of  hear on it and is red in color.,mbeir_images/fashioniq_images/B00598M024.jpg,7:34356,2,13,295,rzen_embed,lamra_qwen25vl,voyage_multimodal_35,5,0,0,0
5898,7:5899,composition_required,composition_required,multimodal_needed,Is a tank top and is tank top style.,mbeir_images/fashioniq_images/B000PZQ0MW.jpg,7:50505,2,134,27,vlm2vec_v2,e5_omni,vlm2vec_v2,2,0,0,0
5901,7:5902,unresolved,unresolved,multimodal_needed,Is longer and less colorful and is more red.,mbeir_images/fashioniq_images/B007T8HCPW.jpg,7:44181,26,2001,336,qwen3vl2b_vllm,vlm2vec_v2,voyage_multimodal_35,0,0,0,0
5902,7:5903,composition_required,composition_required,multimodal_needed,Is a short sleeved yellow shirt and is yellow colored.,mbeir_images/fashioniq_images/B00B3M2ZZM.jpg,7:72747,5,55,423,lamra,gme_qwen2vl_retriever_2,lamra,1,0,0,0
5904,7:5905,composition_required,composition_required,multimodal_needed,The shirt is black and white with white pictures and is darker with white graphics.,mbeir_images/fashioniq_images/B0058UWR08.jpg,7:49870,1,12,496,rzen_embed,e5_omni,mmembed,4,0,0,0
5905,7:5906,unresolved,unresolved,multimodal_needed,Is darker and less vingate and is dark brown and has Chinese print.,mbeir_images/fashioniq_images/B003ZZQ1VY.jpg,7:28430,35,141,14735,rzen_embed,qwen3vl8b_vllm,voyage_multimodal_35,0,0,0,0
5906,7:5907,composition_required,composition_required,multimodal_needed,Is brighter colored with no buttons and has more blue and less buttons.,mbeir_images/fashioniq_images/B00BBFWI9Y.jpg,7:2323,3,73,169,qwen3vl8b_vllm,lamra,mmembed,3,0,0,0
5910,7:5911,unresolved,unresolved,multimodal_needed,Has open sleeves and less animal print and more elegant.,mbeir_images/fashioniq_images/B0094R0LDG.jpg,7:42127,14,1297,262,gemini_embedding_2,gemini_embedding_2,gemini_embedding_2,0,0,0,0
5912,7:5913,unresolved,unresolved,multimodal_needed,Blue and pink stripes and has more stripes.,mbeir_images/fashioniq_images/B004071VYI.jpg,7:18805,1124,7749,1612,mmembed,voyage_multimodal_35,mmembed,0,0,0,0
5914,7:5915,composition_required,composition_required,multimodal_needed,Is black and tan and has a black and tan print.,mbeir_images/fashioniq_images/B008AUHYZ6.jpg,7:16203,1,66,380,lamra_qwen25vl,lamra_qwen25vl,,2,0,0,0
5918,7:5919,composition_required,composition_required,multimodal_needed,Is light blue with pink designs and is light blue with red image.,mbeir_images/fashioniq_images/B00CH21TQ8.jpg,7:10831,2,14,22,lamra_qwen25vl,lamra_qwen25vl,lamra,8,0,0,0
5919,7:5920,unresolved,unresolved,multimodal_needed,Its green with scoop neck and has a deeper rounded color to it.,mbeir_images/fashioniq_images/B0093PJJLO.jpg,7:68349,16,479,486,qwen3vl2b_vllm,lamra,qwen3vl2b_vllm,0,0,0,0
5921,7:5922,composition_required,composition_required,multimodal_needed,Is blue with polka dots and is lighter.,mbeir_images/fashioniq_images/B00D8WK8T0.jpg,7:15761,5,151,138,rzen_embed,voyage_multimodal_35,rzen_embed,2,0,0,0
5923,7:5924,unresolved,unresolved,multimodal_needed,Is blue and more sheer and is blue with white text.,mbeir_images/fashioniq_images/B003RW60ES.jpg,7:43950,141,131,3743,gemini_embedding_2,gemini_embedding_2,qwen3vl8b_vllm,0,0,0,0
5924,7:5925,composition_required,composition_required,multimodal_needed,Is less trashed and has longer sleeves and longsleeve less ware.,mbeir_images/fashioniq_images/B008SLY5DG.jpg,7:37787,1,65,12,qwen3vl8b_vllm,voyage_multimodal_35,e5_omni,9,0,0,0
5926,7:5927,unresolved,unresolved,multimodal_needed,The shirt is blue and black in color and is blue with black sleeve and collar rings.,mbeir_images/fashioniq_images/B00E0IN6HW.jpg,7:40047,26,28,4587,gemini_embedding_2,gemini_embedding_2,e5_omni,0,0,0,0
5927,7:5928,unresolved,unresolved,multimodal_needed,Is not a shirt and is a leather accessory and not a purple shirt.,mbeir_images/fashioniq_images/B00AOCQ9N6.jpg,7:12252,18,13,23491,qwen3vl2b_vllm,qwen3vl8b_vllm,gme_qwen2vl_retriever_2,0,0,0,0
5928,7:5929,composition_required,composition_required,multimodal_needed,The shirt is aqua with a white picture and sweater on top.,mbeir_images/fashioniq_images/B00980K5X0.jpg,7:19150,9,19,3921,qwen3vl8b_vllm,qwen3vl8b_vllm,qwen3vl8b_vllm,1,0,0,0
5929,7:5930,unresolved,unresolved,multimodal_needed,Is a long sleeve beige shirt and is a collared button down shirt with a collar.,mbeir_images/fashioniq_images/B000VTB0OK.jpg,7:51952,25,22,37127,lamra,lamra_qwen25vl,voyage_multimodal_35,0,0,0,0
5930,7:5931,composition_required,composition_required,multimodal_needed,Has shorter sleeves and is black and is more like a crew neck grey tee with shorter sleeves.,mbeir_images/fashioniq_images/B00EP49DS2.jpg,7:3169,4,70,1821,lamra,lamra,gemini_embedding_2,2,0,0,0
5931,7:5932,unresolved,unresolved,multimodal_needed,Is white with a red writing on it and it is more white.,mbeir_images/fashioniq_images/B00CUU2RUO.jpg,7:15854,167,77,2561,gme_qwen2vl_retriever_2,gme_qwen2vl_retriever_2,mmembed,0,0,0,0
5932,7:5933,composition_required,composition_required,multimodal_needed,The shirt is long sleeve with a blue design and blue and white button up.,mbeir_images/fashioniq_images/B00E6MGG9M.jpg,7:35188,1,35,692,qwen3vl2b_vllm,mmembed,lamra,6,0,0,0
5933,7:5934,composition_required,composition_required,multimodal_needed,Has shorter sleeves and is beige and is yellow with no sleeves.,mbeir_images/fashioniq_images/B000RZ4Z2M.jpg,7:73198,2,52,2576,mmembed,mmembed,,2,0,0,0
5934,7:5935,unresolved,unresolved,multimodal_needed,Is dark colored and has shorter sleeves and gray short sleeve scoop neck.,mbeir_images/fashioniq_images/B006PATFFU.jpg,7:2201,36,897,198,lamra_qwen25vl,lamra_qwen25vl,,0,0,0,0
5936,7:5937,composition_required,composition_required,multimodal_needed,Is black with white words and is lighter in color.,mbeir_images/fashioniq_images/B008G1GGCG.jpg,7:59184,3,165,19,qwen3vl8b_vllm,lamra_qwen25vl,lamra,1,0,0,0
5938,7:5939,composition_required,composition_required,multimodal_needed,Is patterened and more casual and is red plaid patterned with buttons.,mbeir_images/fashioniq_images/B00EYYEYAA.jpg,7:8644,1,21,3055,mmembed,mmembed,gemini_embedding_2,8,0,0,0
5940,7:5941,unresolved,unresolved,multimodal_needed,Has a short sleeve with light gray color and is a casual short sleeved shirt.,mbeir_images/fashioniq_images/B00DEOOUGO.jpg,7:23208,32,58,5496,qwen3vl8b_vllm,vlm2vec_v2,e5_omni,0,0,0,0
5942,7:5943,composition_required,composition_required,multimodal_needed,Has more colot and is a blue tee instead of black and has a looser fitting neck.,mbeir_images/fashioniq_images/B00ADX6GYS.jpg,7:36132,1,55,318,qwen3vl2b_vllm,qwen3vl2b_vllm,qwen3vl8b_vllm,5,0,0,0
5944,7:5945,unresolved,unresolved,multimodal_needed,Has no sleeve and contrasting color and has a less busy looking pattern.,mbeir_images/fashioniq_images/B0094R0LDG.jpg,7:28669,872,1689,4935,gemini_embedding_2,qwen3vl8b_vllm,gemini_embedding_2,0,0,0,0
5945,7:5946,unresolved,unresolved,multimodal_needed,Has longer sleeves and has stripes and is darker and less revealing.,mbeir_images/fashioniq_images/B007G0I5EK.jpg,7:6421,23,15,938,gemini_embedding_2,qwen3vl2b_vllm,,0,0,0,0
5947,7:5948,composition_required,composition_required,multimodal_needed,Is darker colored and is longer length and darker.,mbeir_images/fashioniq_images/B0092F6KUS.jpg,7:69198,1,7014,99,lamra,gemini_embedding_2,,2,0,0,0
5948,7:5949,composition_required,composition_required,multimodal_needed,Is grey and black and has more strips and is grey with black stripes.,mbeir_images/fashioniq_images/B00A13GCSK.jpg,7:43848,2,14,926,rzen_embed,lamra,qwen3vl2b_vllm,7,0,0,0
5949,7:5950,unresolved,unresolved,multimodal_needed,Is a lighter color and is more revealing and is sleeveless and white colored.,mbeir_images/fashioniq_images/B008MZJHX6.jpg,7:68643,21,352,260,lamra,voyage_multimodal_35,mmembed,0,0,0,0
5950,7:5951,composition_required,composition_required,multimodal_needed,Is purple and off-shoulder and is sleeveless and purple.,mbeir_images/fashioniq_images/B004P5P1I2.jpg,7:36346,2,115,23,lamra,lamra,vlm2vec_v2,2,0,0,0
5951,7:5952,composition_required,composition_required,multimodal_needed,Is white colored and has longer sleeves and has lace over the print out with long sleeve.,mbeir_images/fashioniq_images/B007PUOJAU.jpg,7:65463,7,404,126,mmembed,gemini_embedding_2,mmembed,2,0,0,0
5952,7:5953,composition_required,composition_required,multimodal_needed,Is dark grey colored and has shorter sleeves and is ruffled and short sleeved.,mbeir_images/fashioniq_images/B002HWRSZO.jpg,7:73680,1,47,1832,qwen3vl8b_vllm,qwen3vl8b_vllm,voyage_multimodal_35,2,0,0,0
5955,7:5956,unresolved,unresolved,multimodal_needed,Is more plain and darker blue and is a plain.,mbeir_images/fashioniq_images/B002CJ5LAQ.jpg,7:61079,26,317,296,gemini_embedding_2,gemini_embedding_2,,0,0,0,0
5956,7:5957,unresolved,unresolved,multimodal_needed,Is orange and has sleeves and sleeves.,mbeir_images/fashioniq_images/B007NG76LK.jpg,7:41559,58,13,2311,e5_omni,qwen3vl8b_vllm,gemini_embedding_2,0,0,0,0
5957,7:5958,unresolved,unresolved,multimodal_needed,Is a blue t-shirt with long sleeves and has longer sleeves and is more feminine.,mbeir_images/fashioniq_images/B003BZFKQ0.jpg,7:47162,23,26,7036,lamra_qwen25vl,gemini_embedding_2,,0,0,0,0
5958,7:5959,unresolved,unresolved,multimodal_needed,Has smaller straps and is a tanktop and is black in color.,mbeir_images/fashioniq_images/B00B04JO4I.jpg,7:58555,507,108,20410,qwen3vl8b_vllm,lamra,qwen3vl2b_vllm,0,0,0,0
5960,7:5961,composition_required,composition_required,multimodal_needed,Is lighter and is pink colored.,mbeir_images/fashioniq_images/B007IWEU8Q.jpg,7:33736,7,215,348,e5_omni,lamra,mmembed,1,0,0,0
5962,7:5963,composition_required,composition_required,multimodal_needed,The shirt is black with red and white wording and is black with a different logo.,mbeir_images/fashioniq_images/B006VJXGAU.jpg,7:651,1,107,37,lamra_qwen25vl,mmembed,,3,0,0,0
5963,7:5964,composition_required,composition_required,multimodal_needed,The shirt is a polo top and red in color and is red in color.,mbeir_images/fashioniq_images/B00C1GTZUM.jpg,7:13598,2,36,67,gemini_embedding_2,gme_qwen2vl_retriever_2,,5,0,0,0
5964,7:5965,unresolved,unresolved,multimodal_needed,Is monochromatic and not patterned and has longer sleves.,mbeir_images/fashioniq_images/B0094FP994.jpg,7:27382,136,8767,79,,,,0,0,0,0
5966,7:5967,composition_required,composition_required,multimodal_needed,Is bright red and is red with yellow image.,mbeir_images/fashioniq_images/B007GO8A00.jpg,7:769,1,1534,11,gemini_embedding_2,lamra_qwen25vl,gemini_embedding_2,3,0,0,0
5967,7:5968,composition_required,composition_required,multimodal_needed,Is solid blue with some sleeve and is darker and has wider straps.,mbeir_images/fashioniq_images/B005J6ACWG.jpg,7:56979,3,141,203,mmembed,lamra_qwen25vl,vlm2vec_v2,2,0,0,0
5968,7:5969,composition_required,composition_required,multimodal_needed,The peasant shirt is white with a flower trim and it is less colorful.,mbeir_images/fashioniq_images/B0068VGVK8.jpg,7:64575,1,11,230,qwen3vl2b_vllm,qwen3vl2b_vllm,e5_omni,6,0,0,0
5969,7:5970,unresolved,unresolved,multimodal_needed,Is black colored and longer sleeves and is black and has long sleeves.,mbeir_images/fashioniq_images/B0060HUDNG.jpg,7:6372,56,440,1244,gme_qwen2vl_retriever_2,mmembed,e5_omni,0,0,0,0
5970,7:5971,unresolved,unresolved,multimodal_needed,Is darker in color and not colorful and a gray shirt with black pattern.,mbeir_images/fashioniq_images/B004W9MRYW.jpg,7:7598,614,252,3521,gemini_embedding_2,gemini_embedding_2,,0,0,0,0
5971,7:5972,unresolved,unresolved,multimodal_needed,Has a looser neckline and is more sexy and has a lower collar.,mbeir_images/fashioniq_images/B0059LBD1A.jpg,7:40819,162,2951,159,,lamra_qwen25vl,,0,0,0,0
5972,7:5973,composition_required,composition_required,multimodal_needed,Has a shiny pattern and looks more dressy and has holes.,mbeir_images/fashioniq_images/B00C1180OE.jpg,7:62409,1,145,584,qwen3vl2b_vllm,gme_qwen2vl_retriever_2,gemini_embedding_2,7,0,0,0
5973,7:5974,unresolved,unresolved,multimodal_needed,Has a larger pattern and is less beachy and is in white color only.,mbeir_images/fashioniq_images/B00CFQIFK4.jpg,7:11650,11,145,1094,mmembed,voyage_multimodal_35,gemini_embedding_2,0,0,0,0
5974,7:5975,unresolved,unresolved,multimodal_needed,Is black with a grey logo with half sleeves and is black with a small graphic on it.,mbeir_images/fashioniq_images/B00B19GTW2.jpg,7:30522,25,506,757,lamra_qwen25vl,vlm2vec_v2,gemini_embedding_2,0,0,0,0
5975,7:5976,unresolved,unresolved,multimodal_needed,Is white with tiger designs and has more graphics.,mbeir_images/fashioniq_images/B00BNQW9CM.jpg,7:3822,15,20,13760,vlm2vec_v2,mmembed,vlm2vec_v2,0,0,0,0
5976,7:5977,unresolved,unresolved,multimodal_needed,Has short sleeves and is darker and has longer sleeves.,mbeir_images/fashioniq_images/B0037Q23I6.jpg,7:63376,4055,3088,21402,lamra,lamra,gemini_embedding_2,0,0,0,0
5977,7:5978,unresolved,unresolved,multimodal_needed,Has blue and white patterns and is less plus size and more casual.,mbeir_images/fashioniq_images/B007ZQI72K.jpg,7:40200,42,220,1441,qwen3vl8b_vllm,voyage_multimodal_35,qwen3vl8b_vllm,0,0,0,0
5978,7:5979,unresolved,unresolved,multimodal_needed,Is darker and has shorter sleeves and is shorter with no sleeves.,mbeir_images/fashioniq_images/B008396CNO.jpg,7:68301,701,1860,2406,gme_qwen2vl_retriever_2,gemini_embedding_2,vlm2vec_v2,0,0,0,0
5979,7:5980,unresolved,unresolved,multimodal_needed,Has no sleeves with transparent color and has lace and no sleeves.,mbeir_images/fashioniq_images/B0079EM83M.jpg,7:43892,264,677,3034,gemini_embedding_2,gme_qwen2vl_retriever_2,mmembed,0,0,0,0
5980,7:5981,composition_required,composition_required,multimodal_needed,The shirt is an animal print and has darker pattern.,mbeir_images/fashioniq_images/B00CWMDY20.jpg,7:68403,1,18,21,qwen3vl2b_vllm,lamra,gemini_embedding_2,8,0,0,0
5981,7:5982,unresolved,unresolved,multimodal_needed,Is a pink t-shirt with a logo and is pink with short sleeves.,mbeir_images/fashioniq_images/B00C9NQNSY.jpg,7:20937,86,52,26720,lamra_qwen25vl,lamra,lamra,0,0,0,0
5984,7:5985,composition_required,composition_required,multimodal_needed,Has shorter sleeves and is less revealing and has sleeves.,mbeir_images/fashioniq_images/B001SHNCL8.jpg,7:26440,5,962,31,gemini_embedding_2,lamra_qwen25vl,e5_omni,3,0,0,0
5985,7:5986,unresolved,unresolved,multimodal_needed,Is blue with short sleeves and is plain.,mbeir_images/fashioniq_images/B007FO5H1Q.jpg,7:29225,366,44,3772,qwen3vl2b_vllm,lamra_qwen25vl,voyage_multimodal_35,0,0,0,0
5986,7:5987,composition_required,composition_required,multimodal_needed,The shirt is gray in color and is darker.,mbeir_images/fashioniq_images/B003ILSB7C.jpg,7:68824,8,267,121,gme_qwen2vl_retriever_2,gemini_embedding_2,,2,0,0,0
5987,7:5988,unresolved,unresolved,multimodal_needed,The shirt is sleeveless white with black stripes and has off shoulder and is white color.,mbeir_images/fashioniq_images/B0032C1MPK.jpg,7:40582,11,15,1178,lamra_qwen25vl,rzen_embed,rzen_embed,0,0,0,0
5989,7:5990,composition_required,composition_required,multimodal_needed,The shirt dress in short and white and black in color and is black and white with shorter sleeves.,mbeir_images/fashioniq_images/B008RLTLF4.jpg,7:41601,5,72,72,e5_omni,gemini_embedding_2,rzen_embed,1,0,0,0
5990,7:5991,unresolved,unresolved,multimodal_needed,The shirt is gray in color with black writing and has short sleeves and is more humorous.,mbeir_images/fashioniq_images/B00B8QSPDO.jpg,7:30881,447,353,34410,qwen3vl2b_vllm,voyage_multimodal_35,voyage_multimodal_35,0,0,0,0
5991,7:5992,composition_required,composition_required,multimodal_needed,Is pink and is brighter and less graphic.,mbeir_images/fashioniq_images/B0014ULOPU.jpg,7:68886,1,552,191,mmembed,e5_omni,qwen3vl8b_vllm,10,0,0,0
5992,7:5993,composition_required,composition_required,multimodal_needed,Is neon yellow and has a lower neckline and is less patterend.,mbeir_images/fashioniq_images/B0093UC3C6.jpg,7:45046,7,286,1637,gemini_embedding_2,gemini_embedding_2,qwen3vl8b_vllm,2,0,0,0
5994,7:5995,unresolved,unresolved,multimodal_needed,Is brown with shorter sleeves and has more brown.,mbeir_images/fashioniq_images/B00AMYTG5E.jpg,7:28414,390,565,2045,gme_qwen2vl_retriever_2,gme_qwen2vl_retriever_2,,0,0,0,0
5995,7:5996,unresolved,unresolved,multimodal_needed,Darker and is a black top.,mbeir_images/fashioniq_images/B00E3IT8AI.jpg,7:12524,589,1109,3119,rzen_embed,gme_qwen2vl_retriever_2,,0,0,0,0
5997,7:5998,composition_required,composition_required,multimodal_needed,Is made of denim and has buttoned front and double pockets.,mbeir_images/fashioniq_images/B008LYT3G4.jpg,7:24520,1,34,512,voyage_multimodal_35,lamra,gemini_embedding_2,9,0,0,0
5998,7:5999,composition_required,composition_required,multimodal_needed,Is yellow and has short sleeves and colorful emblem.,mbeir_images/fashioniq_images/B005IMGPKY.jpg,7:47752,3,15,139,lamra_qwen25vl,gme_qwen2vl_retriever_2,gemini_embedding_2,4,0,0,0
6000,7:6001,composition_required,composition_required,multimodal_needed,The shirt is long sleeved and bright blue with a copper collar and has more blue.,mbeir_images/fashioniq_images/B00BB9UBNU.jpg,7:60375,1,11,813,lamra,qwen3vl8b_vllm,gemini_embedding_2,7,0,0,0
6001,7:6002,unresolved,unresolved,multimodal_needed,Is darker in color and is a black tee with a different print.,mbeir_images/fashioniq_images/B0084S6I4C.jpg,7:8273,2679,3637,10326,vlm2vec_v2,mmembed,voyage_multimodal_35,0,0,0,0
